BEGIN METADATA
SWICS 1.1 2-Hour Averaged Solar Wind Parameters
Data downloaded from ACE Science Center on Wed Jun  5 08:44:12 2024
SWICS/SWIMS Team Software Version: 4.09
SWICS_SWIMS Team Time/Date Processed: Jun 8, 2015

ACE Science Center Level2 Software Version: 1.4
ASC Processing Date/Time: Mon Jul 27 14:05:53 PDT 2015 (2011 data)


Note: All timestamps are UT, and refer to the start of the time period.
year,day,hr,min,sec: year, day of year, hour of day, minutes, seconds.
fp_year     : fractional year.
fp_doy      : fractional day-of-year.
ACEepoch    : seconds since Jan 1 00:00:00 UT 1996.
SCclock     : ACE spacecraft clock counter (seconds).
nHe2        : He++ density (1/cm^3)
vHe2        : He++ velocity (km/s)
vthHe2      : He++ Thermal velocity (km/s)
vC5         : C5+ velocity (km/s)
vthC5       : C5+ Thermal velocity (km/s)
vO6         : O6+ velocity (km/s)
vthO6       : O6+ Thermal velocity (km/s)
vFe10       : Fe10+ velocity (km/s)
vthFe10     : Fe10+ Thermal velocity (km/s)
C6to4       : C6+/C4+ Charge state ratio
C6to5       : C6+/C5+ Charge state ratio
O7to6       : O7+/O6+ Charge state ratio
avqC        : C(4-6) Average Charge state
avq_O       : O(5-8) Average Charge state
avq_Fe      : Fe(6-20) Average Charge state
avq_Mg      : Mg(6-12) Average Charge state
avq_Si      : Si(6-12) Average Charge state
SW_type     : Solar wind type. 0:Streamer, 1:Coronal hole, 2:CME, 3:Unidentified
FetoO       : Fe/O Element Ratio
HetoO       : He/O Element Ratio
CtoO        : C/O Element Ratio
NetoO       : Ne/O Element Ratio
MgtoO       : Mg/O Element Ratio
SitoO       : Si/O Element Ratio
qf_XXX      : Item XXX Quality Flag: 0->good data. Non-zero->see release notes
XXX_err     : Item XXX error/uncertainty. See release notes
A data value of -9999.9 and/or a Quality flag of -1 indicates bad or missing data.

More Documentation of the ACE SWICS 1.1 level 2 data is at this web site:
http://www.srl.caltech.edu/ACE/ASC/level2/ssv4_l2desc.html

fp_year nHe2 vHe2 avqFe FetoO HetoO CtoO NetoO MgtoO SitoO 
BEGIN DATA
1999.00007756  4.4301e-01  4.2699e+02  9.5095e+00  1.1212e-01  1.1876e+02  5.5201e-01  9.1151e-02  1.3312e-01  1.1441e-01
1999.00030882  4.5775e-01  4.3203e+02  9.1763e+00  1.0510e-01  1.2880e+02  5.9501e-01  8.1792e-02  1.4130e-01  1.5758e-01
1999.00054005  4.2340e-01  4.3515e+02  9.5347e+00  9.8354e-02  1.2521e+02  6.4743e-01  7.5998e-02  1.5381e-01  1.4023e-01
1999.00077129  4.1054e-01  4.4060e+02  9.4872e+00  1.7400e-01  1.0781e+02  5.9411e-01  8.7155e-02  1.1843e-01  1.4750e-01
1999.00100249  3.4427e-01  4.3678e+02  9.2767e+00  1.9666e-01  1.1307e+02  5.7950e-01  7.9366e-02  1.6152e-01  1.6854e-01
1999.00123375  3.2847e-01  4.4160e+02  9.2992e+00  1.8962e-01  1.0692e+02  6.3769e-01  6.7603e-02  1.3159e-01  1.8323e-01
1999.00146499  3.4429e-01  4.3800e+02  9.2782e+00  1.9268e-01  1.1157e+02  6.3456e-01  9.6801e-02  1.3623e-01  1.7355e-01
1999.00169622  3.0888e-01  4.4021e+02  9.5468e+00  1.8402e-01  1.1946e+02  6.9809e-01  5.6943e-02  1.8215e-01  1.8958e-01
1999.00192748  3.0013e-01  4.2721e+02  9.1437e+00  1.5704e-01  1.2122e+02  6.2525e-01  1.0567e-01  1.4805e-01  1.7259e-01
1999.00215871  2.7270e-01  4.2477e+02  9.1686e+00  2.0067e-01  1.2695e+02  6.2388e-01  9.8902e-02  1.6854e-01  1.7903e-01
1999.00238995  3.0089e-01  4.1619e+02  9.3792e+00  1.8254e-01  1.2460e+02  6.2089e-01  9.5689e-02  1.6868e-01  1.9746e-01
1999.00262115  2.6356e-01  4.1953e+02  9.3378e+00  1.4160e-01  1.3340e+02  6.6782e-01  8.0499e-02  1.6084e-01  1.7599e-01
1999.00285241  2.7555e-01  4.1836e+02  9.2258e+00  1.3891e-01  1.2705e+02  6.4753e-01  6.6283e-02  2.0120e-01  1.6913e-01
1999.00308364  3.0323e-01  4.1209e+02  9.1580e+00  1.5331e-01  1.2706e+02  6.1257e-01  9.0064e-02  1.5384e-01  1.8377e-01
1999.00331490  2.8760e-01  4.1529e+02  9.3893e+00  1.5484e-01  1.2730e+02  6.7851e-01  7.7871e-02  1.4808e-01  1.6797e-01
1999.00354614  2.5872e-01  4.1183e+02  9.4178e+00  1.3916e-01  1.2414e+02  6.5660e-01  9.2087e-02  1.5490e-01  1.4504e-01
1999.00377737  2.8489e-01  4.1086e+02  9.1003e+00  1.5594e-01  1.1726e+02  5.4166e-01  8.6305e-02  1.6100e-01  1.6095e-01
1999.00400863  3.4187e-01  4.0817e+02  9.0627e+00  1.3809e-01  1.1622e+02  6.3378e-01  8.4042e-02  1.2720e-01  1.5412e-01
1999.00423986  2.7695e-01  4.0158e+02  9.2105e+00  1.4332e-01  1.1764e+02  6.1020e-01  9.4301e-02  1.4146e-01  1.3262e-01
1999.00447112  2.6591e-01  4.0202e+02  9.3579e+00  1.7533e-01  1.1579e+02  5.3225e-01  8.3448e-02  1.2525e-01  1.6330e-01
1999.00470233  2.4812e-01  4.0201e+02  9.4752e+00  1.9237e-01  1.2223e+02  6.5750e-01  7.4814e-02  1.1188e-01  1.4852e-01
1999.00493356  2.4435e-01  4.0027e+02  9.1438e+00  2.0059e-01  1.2973e+02  6.3973e-01  9.5364e-02  1.5042e-01  1.7800e-01
1999.00516482  2.1159e-01  3.9189e+02  9.0848e+00  1.9202e-01  1.1707e+02  5.8415e-01  9.0659e-02  1.6260e-01  1.6147e-01
1999.00539605  1.9872e-01  3.8793e+02  9.2952e+00  1.9166e-01  1.1614e+02  5.8545e-01  7.8817e-02  1.7587e-01  1.3841e-01
1999.00562732  1.9250e-01  3.8085e+02  8.9828e+00  2.0918e-01  1.1026e+02  5.2545e-01  8.4052e-02  1.5647e-01  1.6792e-01
1999.00585855  1.8914e-01  3.7395e+02  9.2036e+00  2.0378e-01  1.2420e+02  6.2712e-01  1.1433e-01  1.1630e-01  1.5025e-01
1999.00608981  1.8734e-01  3.6909e+02  9.0689e+00  2.2870e-01  1.1646e+02  5.6290e-01  8.5805e-02  1.5379e-01  1.4537e-01
1999.00632104  1.5412e-01  3.7054e+02  9.1346e+00  2.3916e-01  1.1225e+02  6.2064e-01  9.6012e-02  1.6735e-01  1.3503e-01
1999.00655230  1.3166e-01  3.6266e+02  9.4271e+00  2.1224e-01  1.2517e+02  5.9118e-01  9.6455e-02  1.7749e-01  1.3283e-01
1999.00678351  1.7859e-01  3.5471e+02  9.1669e+00  1.6490e-01  1.1784e+02  5.9083e-01  1.2653e-01  1.3809e-01  1.4806e-01
1999.00701477  2.3964e-01  3.4984e+02  8.8815e+00  1.8227e-01  1.1891e+02  6.4724e-01  8.3835e-02  1.4935e-01  1.3060e-01
1999.00724600  2.6786e-01  3.4427e+02  8.8587e+00  2.0977e-01  1.1633e+02  6.1428e-01  1.0009e-01  1.2176e-01  1.6352e-01
1999.00747726  2.6503e-01  3.3774e+02  8.8941e+00  1.9335e-01  1.0192e+02  6.2292e-01  9.7009e-02  1.4121e-01  1.7489e-01
1999.00770849  3.1119e-01  3.4195e+02  8.8291e+00  2.1972e-01  1.0238e+02  5.4695e-01  9.1408e-02  1.2927e-01  2.2097e-01
1999.00793975  3.2437e-01  3.4764e+02  8.8556e+00  2.2203e-01  9.8888e+01  5.4169e-01  1.0693e-01  1.3717e-01  2.1390e-01
1999.00817099  3.1064e-01  3.5154e+02  9.0268e+00  2.1165e-01  9.3991e+01  4.5751e-01  8.8441e-02  1.4347e-01  1.7908e-01
1999.00840225  3.3113e-01  3.6425e+02  9.1848e+00  1.7433e-01  7.8671e+01  4.5343e-01  8.2160e-02  1.5533e-01  1.5666e-01
1999.00863348  2.2029e-01  3.5712e+02  8.8325e+00  2.4421e-01  6.1882e+01  3.9582e-01  8.8890e-02  1.1581e-01  2.1663e-01
1999.00886471  1.7123e-01  3.4683e+02  8.7670e+00  3.2564e-01  6.6339e+01  3.3424e-01  1.2616e-01  1.6119e-01  1.9976e-01
1999.00909597  1.6358e-01  3.4386e+02  8.4326e+00  2.4841e-01  4.4674e+01  2.9635e-01  8.6038e-02  1.7883e-01  1.8767e-01
1999.00932721  1.7201e-01  3.3484e+02  8.4959e+00  3.3042e-01  5.1766e+01  3.2957e-01  1.1693e-01  1.8329e-01  2.0065e-01
1999.00955847  1.1723e-01  3.3749e+02  9.2315e+00  1.2256e-01  2.9513e+01  2.8644e-01  1.0573e-01  1.5758e-01  1.7388e-01
1999.00978970  9.7280e-02  3.3488e+02  9.0768e+00  2.5122e-01  5.0645e+01  4.1632e-01  1.3834e-01  1.6550e-01  2.0818e-01
1999.01002096  5.1690e-02  3.3547e+02  8.8737e+00  3.8132e-01  5.8744e+01  5.8569e-01  1.4095e-01  1.9796e-01  2.6703e-01
1999.01025222  4.0313e-02  3.2668e+02  9.2730e+00  1.6485e-01  5.8416e+01  7.1127e-01  1.0372e-01  2.3309e-01  2.0815e-01
1999.01048345  5.7371e-02  3.3022e+02  9.1125e+00  2.9880e-01  7.4905e+01  5.8753e-01  8.5003e-02  2.3422e-01  1.9519e-01
1999.01071471  2.9221e-01  3.2459e+02  9.6385e+00  8.7716e-02  1.6354e+02  7.1143e-01  1.0731e-01  1.8314e-01  1.3213e-01
1999.01094597  2.3487e-01  3.2539e+02  9.2618e+00  9.3047e-02  1.9175e+02  7.1086e-01  1.3172e-01  1.6849e-01  1.0381e-01
1999.01117721  2.3507e-01  3.2961e+02  9.5102e+00  1.1620e-01  1.9262e+02  7.3979e-01  1.3082e-01  1.6933e-01  1.5269e-01
1999.01140847  2.3929e-01  3.2175e+02  9.9272e+00  1.5150e-01  1.6637e+02  7.1633e-01  9.9393e-02  1.8864e-01  1.7018e-01
1999.01163967  2.4993e-01  3.2223e+02  9.5633e+00  2.4707e-01  1.4141e+02  5.3638e-01  9.9849e-02  1.9409e-01  2.0848e-01
1999.01187093  2.2539e-01  3.2239e+02  9.6093e+00  3.6423e-01  1.3609e+02  5.6316e-01  1.0099e-01  2.2750e-01  1.9510e-01
1999.01210219  2.8738e-01  3.3621e+02  9.8419e+00  2.2278e-01  9.4727e+01  5.1762e-01  8.2667e-02  1.6376e-01  1.4728e-01
1999.01233345  4.1968e-01  3.4199e+02  9.7304e+00  1.9645e-01  9.8325e+01  5.6796e-01  9.1982e-02  1.7034e-01  1.7678e-01
1999.01256468  2.9684e-01  3.3891e+02  9.5777e+00  2.0013e-01  1.0024e+02  5.9201e-01  1.1516e-01  1.6780e-01  1.6319e-01
1999.01279595  3.8551e-01  3.3511e+02  9.9629e+00  1.8738e-01  1.0206e+02  5.6750e-01  8.8571e-02  1.8517e-01  1.9030e-01
1999.01302721  2.8857e-01  3.3099e+02  9.3192e+00  1.8751e-01  9.9975e+01  6.3869e-01  8.8185e-02  2.0253e-01  1.7034e-01
1999.01325844  2.3610e-01  3.4262e+02  9.6224e+00  1.5753e-01  1.0046e+02  6.9036e-01  9.6325e-02  1.8855e-01  1.7805e-01
1999.01348970  2.2884e-01  3.4450e+02  1.0260e+01  1.1146e-01  1.1329e+02  7.6823e-01  1.0341e-01  2.0404e-01  1.6391e-01
1999.01372096  2.4487e-01  3.4326e+02  1.0132e+01  6.1681e-02  1.4390e+02  1.0907e+00  1.2791e-01  2.5929e-01  1.5095e-01
1999.01395222  2.2864e-01  3.4796e+02  1.0304e+01  6.3747e-02  1.0146e+02  6.0643e-01  1.1607e-01  2.6740e-01  1.6107e-01
1999.01418345  2.2175e-01  3.5474e+02  9.7544e+00  1.1321e-01  1.0482e+02  5.5202e-01  1.3909e-01  2.6414e-01  1.9564e-01
1999.01441471  1.8745e-01  3.6140e+02  9.9158e+00  1.0139e-01  1.0263e+02  6.3083e-01  1.2643e-01  2.0764e-01  1.7419e-01
1999.01464597  1.6360e-01  3.5020e+02  1.0000e+01  1.4975e-01  8.5534e+01  5.2713e-01  1.0868e-01  1.9030e-01  1.9342e-01
1999.01487723  1.9321e-01  3.4505e+02  1.0348e+01  8.2531e-02  3.8584e+01  3.7941e-01  1.3739e-01  1.8785e-01  1.6715e-01
1999.01510844  3.2759e-01  3.6173e+02  9.0963e+00  2.2334e-01  4.6404e+01  5.0371e-01  1.0117e-01  2.0847e-01  2.6186e-01
1999.01533970  2.5373e-01  4.4195e+02  9.2546e+00  2.5161e-01  1.0610e+02  6.3769e-01  9.2081e-02  2.0178e-01  2.5245e-01
1999.01557093  2.6687e-01  4.4967e+02  9.3474e+00  2.6456e-01  1.0250e+02  6.0442e-01  9.2916e-02  2.2300e-01  2.1827e-01
1999.01580216  2.2847e-01  4.7508e+02  9.0572e+00  1.7649e-01  1.0130e+02  6.1086e-01  1.0016e-01  2.4077e-01  1.9401e-01
1999.01603340  2.2493e-01  4.7289e+02  9.3763e+00  1.6043e-01  1.0089e+02  5.9237e-01  1.0225e-01  2.1578e-01  1.9224e-01
1999.01626458  1.6775e-01  5.3106e+02  9.2417e+00  1.7347e-01  1.0192e+02  6.6874e-01  1.0778e-01  2.4343e-01  2.5842e-01
1999.01649581  1.6086e-01  5.5069e+02  9.2860e+00  1.5170e-01  8.9632e+01  6.4058e-01  7.7239e-02  2.1022e-01  1.9404e-01
1999.01672701  1.3968e-01  5.4156e+02  9.0561e+00  1.7595e-01  9.2355e+01  6.6124e-01  8.0191e-02  2.1173e-01  2.2676e-01
1999.01695825  1.4723e-01  5.2966e+02  8.7033e+00  1.9845e-01  9.8516e+01  6.6640e-01  8.6183e-02  2.6202e-01  2.1811e-01
1999.01718948  1.6887e-01  5.1504e+02  9.2453e+00  1.8648e-01  1.0377e+02  6.5425e-01  1.1241e-01  2.3738e-01  2.2497e-01
1999.01742066  1.8396e-01  5.1010e+02  9.1464e+00  1.9560e-01  9.0577e+01  6.4601e-01  6.7390e-02  1.8028e-01  2.1176e-01
1999.01765189  2.0062e-01  5.0331e+02  9.0818e+00  1.8126e-01  8.6789e+01  5.9472e-01  8.5116e-02  2.0126e-01  2.0772e-01
1999.01788312  1.3879e-01  5.1703e+02  8.9994e+00  2.0605e-01  9.1998e+01  6.3606e-01  7.8832e-02  2.0530e-01  2.0722e-01
1999.01811430  1.3073e-01  5.1831e+02  9.0745e+00  1.7648e-01  1.0145e+02  6.1396e-01  1.0837e-01  2.2075e-01  1.9492e-01
1999.01834553  1.2308e-01  5.0853e+02  9.0712e+00  1.9905e-01  9.5405e+01  5.4735e-01  8.5518e-02  2.1418e-01  2.5112e-01
1999.01857677  2.1412e-01  4.9011e+02  9.0511e+00  1.5746e-01  1.0108e+02  5.4896e-01  7.3935e-02  1.6755e-01  2.0027e-01
1999.01880797  1.9207e-01  4.7485e+02  8.8954e+00  1.5963e-01  1.1785e+02  6.1779e-01  8.4225e-02  1.6941e-01  1.7897e-01
1999.01903921  2.1660e-01  4.7797e+02  9.0270e+00  1.0498e-01  1.1401e+02  6.4013e-01  7.9857e-02  1.7485e-01  1.5188e-01
1999.01927041  2.6582e-01  4.7513e+02  9.1621e+00  1.2708e-01  1.0526e+02  5.8985e-01  9.4484e-02  1.3662e-01  1.5428e-01
1999.01950164  3.7302e-01  5.0056e+02  9.2543e+00  1.7488e-01  1.0060e+02  6.5173e-01  7.8076e-02  1.4332e-01  1.8673e-01
1999.01973285  3.5171e-01  5.0131e+02  9.2940e+00  1.7295e-01  9.2363e+01  5.5788e-01  8.0273e-02  1.6634e-01  1.9292e-01
1999.01996408  3.1346e-01  5.0191e+02  9.3758e+00  1.3437e-01  9.6386e+01  6.2178e-01  7.8738e-02  1.8787e-01  1.6438e-01
1999.02019529  4.1236e-01  5.0368e+02  9.0760e+00  1.6683e-01  1.0567e+02  6.1400e-01  7.7577e-02  1.5968e-01  1.6918e-01
1999.02042652  5.0876e-01  5.0421e+02  9.0086e+00  1.4715e-01  9.7515e+01  5.5194e-01  8.2041e-02  1.5040e-01  1.9115e-01
1999.02065775  4.3759e-01  4.9185e+02  9.0135e+00  1.4528e-01  1.0293e+02  5.8731e-01  8.9614e-02  1.6437e-01  1.6517e-01
1999.02088896  4.7030e-01  4.8831e+02  9.1618e+00  1.1657e-01  1.1878e+02  5.7764e-01  9.2391e-02  1.6018e-01  1.5658e-01
1999.02112019  3.2572e-01  4.8252e+02  8.9061e+00  1.5325e-01  1.2469e+02  6.6690e-01  7.0573e-02  1.7991e-01  1.6572e-01
1999.02135140  2.1554e-01  4.7581e+02  9.0576e+00  1.3305e-01  1.2436e+02  6.4936e-01  8.3802e-02  1.3594e-01  1.6262e-01
1999.02158263  1.9866e-01  4.7450e+02  9.3321e+00  1.3786e-01  1.2677e+02  6.6156e-01  7.2688e-02  1.7503e-01  1.7556e-01
1999.02181386  1.2625e-01  4.5865e+02  9.9459e+00  9.6294e-02  1.1917e+02  6.0413e-01  5.6835e-02  1.8047e-01  1.4480e-01
1999.02204510  1.5805e-01  4.9013e+02  9.7693e+00  1.1384e-01  9.5738e+01  5.2928e-01  8.5468e-02  1.8403e-01  1.4186e-01
1999.02227627  1.6025e-01  5.0212e+02  1.0210e+01  6.7244e-02  1.0819e+02  6.9334e-01  1.0336e-01  1.5208e-01  1.2188e-01
1999.02250751  1.0291e-01  5.0066e+02  1.0674e+01  5.4692e-02  1.3044e+02  7.2273e-01  1.0528e-01  1.2511e-01  1.2835e-01
1999.02273874  1.0004e-01  4.5406e+02  1.0750e+01  7.1732e-02  1.2078e+02  7.3752e-01  1.2981e-01  1.8107e-01  1.5085e-01
1999.02296997  1.0910e-01  4.5507e+02  1.0261e+01  1.3499e-01  1.2972e+02  6.0657e-01  1.0863e-01  1.4103e-01  1.0169e-01
1999.02320121  1.0943e-01  4.3525e+02  1.0548e+01  1.1640e-01  1.3110e+02  5.9763e-01  1.2124e-01  2.2091e-01  1.4321e-01
1999.02343244  1.1813e-01  4.1475e+02  1.2365e+01  3.5817e-02  1.4713e+02  6.3285e-01  1.5122e-01  1.9305e-01  1.4133e-01
1999.02366364  1.0147e-01  4.4226e+02  1.0592e+01  2.4367e-01  2.0866e+02  6.9722e-01  1.4569e-01  3.1581e-01  2.3425e-01
1999.02389488  1.2863e-01  4.2387e+02  1.3022e+01  2.3087e-02  1.5847e+02  6.9260e-01  1.4778e-01  1.7109e-01  1.3233e-01
1999.02412611  1.0842e-01  4.4284e+02  1.4113e+01  7.8862e-02  2.6403e+02  8.0868e-01  1.0242e-01  1.6688e-01  1.7047e-01
1999.02435732  1.4088e-01  4.6113e+02  1.2359e+01  3.7219e-02  2.4890e+02  7.1097e-01  1.4391e-01  1.9266e-01  1.2854e-01
1999.02458852  1.4729e-01  4.3857e+02  1.4008e+01  1.8489e-02  1.6429e+02  5.7044e-01  1.0357e-01  1.8533e-01  1.0285e-01
1999.02481975  1.1625e-01  4.5431e+02  1.3913e+01  1.4148e-02  1.5202e+02  6.1541e-01  1.1258e-01  1.6303e-01  1.1958e-01
1999.02505099  7.9389e-02  4.0643e+02  1.2748e+01  1.7560e-02  1.9302e+02  7.1917e-01  1.0652e-01  1.7305e-01  8.1275e-02
1999.02528222  5.4536e-02  4.7149e+02  1.0966e+01  2.4030e-01  1.7635e+02  7.6665e-01  1.7724e-01  3.2013e-01  2.2031e-01
1999.02551345  7.1532e-02  4.7863e+02  1.1967e+01  2.2420e-01  1.4624e+02  5.1822e-01  1.7012e-01  1.9067e-01  1.8393e-01
1999.02574468  1.8625e-01  4.7356e+02  1.1662e+01  2.4015e-01  1.3192e+02  5.6286e-01  2.2587e-01  2.7046e-01  1.7359e-01
1999.02597589  6.9840e-02  4.5731e+02  1.1902e+01  1.9768e-01  1.5070e+02  6.2006e-01  1.8831e-01  2.1263e-01  1.6220e-01
1999.02620712  9.7183e-03  4.7007e+02  1.2941e+01  1.5634e-01  3.1630e+02  7.2623e-01  2.0190e-01  2.4590e-01  3.3972e-01
1999.02643838  1.2777e-02  4.6366e+02  1.2517e+01  2.1737e-01  2.2431e+02  7.9763e-01  2.4418e-01  2.5644e-01  3.1135e-01
1999.02666962  2.7992e-02  4.7685e+02  1.1565e+01  1.2054e-01  1.7638e+02  6.8689e-01  1.8753e-01  3.0695e-01  2.6728e-01
1999.02690085  3.3340e-02  4.4828e+02  1.0864e+01  1.3759e-01  2.2354e+02  6.8719e-01  3.0493e-01  2.6114e-01  1.8965e-01
1999.02713208  3.1637e-02  4.4929e+02  1.1597e+01  1.3276e-01  2.4482e+02  8.9385e-01  2.1381e-01  3.4967e-01  1.8433e-01
1999.02736329  3.3497e-02  4.5581e+02  1.0555e+01  1.1454e-01  1.8403e+02  7.8522e-01  1.9108e-01  3.1560e-01  1.4663e-01
1999.02759452  3.4207e-02  4.6860e+02  9.8918e+00  9.4263e-02  1.3555e+02  6.0912e-01  1.5387e-01  1.8741e-01  2.0140e-01
1999.02782575  3.2739e-02  4.7759e+02  9.4923e+00  1.1482e-01  1.2291e+02  6.9424e-01  1.6434e-01  2.2346e-01  1.7335e-01
1999.02805699  2.7486e-02  4.7991e+02  1.0897e+01  8.4670e-02  1.3883e+02  8.1233e-01  1.3121e-01  2.5240e-01  1.7274e-01
1999.02828822  6.2267e-02  4.7978e+02  1.0077e+01  8.9544e-02  1.0714e+02  5.4297e-01  9.2497e-02  2.6450e-01  1.4132e-01
1999.02851942  3.5902e-02  4.8125e+02  9.9210e+00  6.1864e-02  1.1430e+02  6.3201e-01  9.5921e-02  1.9087e-01  1.6000e-01
1999.02875066  4.0040e-02  4.8356e+02  9.1904e+00  1.4944e-01  1.2545e+02  8.4026e-01  1.8994e-01  2.4613e-01  1.7213e-01
1999.02898192  2.5007e-02  4.7524e+02  1.0984e+01  7.4999e-02  1.0490e+02  7.0205e-01  1.7526e-01  2.2801e-01  1.7644e-01
1999.02921315  1.9780e-02  4.7374e+02  1.0043e+01  8.4128e-02  1.0524e+02  5.9846e-01  1.3807e-01  2.7504e-01  1.7601e-01
1999.02944438  2.3774e-02  4.6049e+02  1.0514e+01  6.0825e-02  1.1408e+02  7.3550e-01  1.9504e-01  2.4468e-01  1.9131e-01
1999.02967562  9.3841e-02  4.2399e+02  1.0222e+01  1.1570e-01  1.0099e+02  5.6963e-01  1.0206e-01  1.3667e-01  1.7527e-01
1999.02990685  1.8964e-01  4.0752e+02  9.9660e+00  1.4554e-01  1.1164e+02  5.7482e-01  1.1556e-01  1.4649e-01  1.7352e-01
1999.03013805  2.1734e-01  4.0174e+02  9.9698e+00  1.2520e-01  1.0976e+02  5.7121e-01  9.7045e-02  1.6050e-01  1.4599e-01
1999.03036932  3.0447e-01  3.9641e+02  9.8655e+00  1.5520e-01  1.1256e+02  5.2571e-01  1.1894e-01  1.4709e-01  1.4366e-01
1999.03060055  2.8106e-01  3.8992e+02  9.9866e+00  1.3854e-01  1.0484e+02  5.1116e-01  1.1481e-01  1.3617e-01  1.3670e-01
1999.03083178  3.1701e-01  3.8343e+02  9.8520e+00  1.1143e-01  9.3938e+01  5.3902e-01  1.2387e-01  9.9956e-02  1.3921e-01
1999.03106301  3.7689e-01  3.7406e+02  9.8573e+00  1.3291e-01  1.0514e+02  6.4010e-01  1.0721e-01  1.4263e-01  1.4445e-01
1999.03129425  4.0799e-01  3.7184e+02  1.0041e+01  1.2905e-01  1.0393e+02  5.8772e-01  1.2985e-01  1.4028e-01  1.3102e-01
1999.03152551  3.8002e-01  3.7250e+02  9.8670e+00  1.3852e-01  1.0300e+02  5.7349e-01  1.1086e-01  1.3629e-01  1.6781e-01
1999.03175671  4.3894e-01  3.6993e+02  1.0238e+01  1.2731e-01  9.6608e+01  5.7733e-01  1.2530e-01  1.3978e-01  1.3805e-01
1999.03198795  4.7193e-01  3.6538e+02  1.0518e+01  1.1659e-01  1.0167e+02  6.1678e-01  1.0209e-01  1.4443e-01  1.6084e-01
1999.03221918  3.7809e-01  3.6298e+02  1.0125e+01  9.9863e-02  9.3031e+01  5.0482e-01  1.1236e-01  1.2292e-01  1.2405e-01
1999.03245044  3.9250e-01  3.6762e+02  1.0381e+01  1.2320e-01  1.1888e+02  6.4551e-01  1.1611e-01  1.4461e-01  1.5990e-01
1999.03268167  3.9272e-01  3.6403e+02  1.0135e+01  1.1819e-01  1.2078e+02  6.3879e-01  1.2188e-01  1.7247e-01  1.5946e-01
1999.03291290  4.2919e-01  3.5840e+02  9.9876e+00  1.2373e-01  1.2201e+02  6.5521e-01  1.1766e-01  1.7065e-01  1.7224e-01
1999.03314416  3.8918e-01  3.5642e+02  1.0116e+01  1.2596e-01  8.7248e+01  5.3969e-01  1.0633e-01  2.0204e-01  1.7547e-01
1999.03337537  3.2540e-01  3.4954e+02  9.8505e+00  2.1010e-01  7.6120e+01  4.6867e-01  1.2676e-01  1.6517e-01  2.1995e-01
1999.03360660  3.0091e-01  3.3539e+02  9.8237e+00  2.4122e-01  7.7703e+01  4.9518e-01  1.1052e-01  2.0228e-01  1.7919e-01
1999.03383786  3.1901e-01  3.5525e+02  9.6966e+00  2.8103e-01  8.0140e+01  4.4338e-01  1.0786e-01  1.9304e-01  1.9059e-01
1999.03406910  8.0560e-01  3.9351e+02  9.6725e+00  2.7172e-01  1.2308e+02  5.5767e-01  1.4029e-01  1.8713e-01  2.0253e-01
1999.03430033  1.1280e+00  4.0259e+02  9.0410e+00  4.0543e-01  1.5950e+02  5.5101e-01  1.3600e-01  1.7214e-01  2.4848e-01
1999.03453159  3.8328e-01  4.1756e+02  1.0891e+01  3.1059e-01  8.4345e+01  3.6140e-01  1.5463e-01  2.1531e-01  2.2055e-01
1999.03476282  1.7403e-01  4.1678e+02  1.0996e+01  2.3385e-01  2.4107e+01  1.6804e-01  1.7908e-01  2.1319e-01  2.0117e-01
1999.03499403  4.2582e-01  4.1627e+02  9.7482e+00  5.1185e-01  5.0693e+01  1.9759e-01  1.7422e-01  2.0167e-01  2.3815e-01
1999.03522529  7.2862e-01  4.2530e+02  1.0714e+01  2.8875e-01  8.7424e+01  3.6755e-01  1.3599e-01  2.0447e-01  2.3852e-01
1999.03545652  5.5462e-01  4.4564e+02  1.0358e+01  1.2124e-01  1.2521e+02  6.5436e-01  9.3491e-02  1.0347e-01  1.2544e-01
1999.03568775  6.3663e-01  4.3329e+02  1.0283e+01  1.1777e-01  1.3030e+02  6.7599e-01  8.3183e-02  1.1600e-01  1.4074e-01
1999.03591901  7.5049e-01  4.3904e+02  1.0200e+01  1.2635e-01  1.2559e+02  6.3993e-01  8.9889e-02  1.4257e-01  1.5475e-01
1999.03615025  6.3010e-01  4.4972e+02  9.6897e+00  2.0245e-01  1.0976e+02  6.4834e-01  9.1214e-02  1.4873e-01  1.7610e-01
1999.03638148  4.4052e-01  4.5390e+02  9.5364e+00  2.1624e-01  1.0642e+02  6.1744e-01  9.2944e-02  1.6037e-01  1.8326e-01
1999.03661274  5.9325e-01  4.7360e+02  9.3992e+00  1.9514e-01  1.1222e+02  6.1702e-01  9.3828e-02  1.8212e-01  1.9144e-01
1999.03684395  3.7368e-01  4.8751e+02  9.6045e+00  1.9846e-01  1.1864e+02  6.6066e-01  1.0047e-01  1.8928e-01  1.7271e-01
1999.03707521  3.7172e-01  5.0487e+02  9.7127e+00  1.5675e-01  1.0776e+02  5.9404e-01  8.8299e-02  1.6927e-01  1.8224e-01
1999.03730655  4.3143e-01  5.1209e+02  9.8603e+00  1.4181e-01  1.1614e+02  5.9524e-01  9.0787e-02  1.4504e-01  1.5543e-01
1999.03753814  3.5545e-01  5.3350e+02  9.6266e+00  1.2419e-01  1.0142e+02  6.7585e-01  9.5692e-02  1.1622e-01  1.6632e-01
1999.03776666  2.5964e-01  5.4231e+02  9.6970e+00  1.0025e-01  9.5155e+01  6.0929e-01  9.1440e-02  1.3386e-01  1.4354e-01
1999.03799515  2.4743e-01  5.5967e+02  9.6966e+00  8.8999e-02  1.0437e+02  6.2440e-01  8.8738e-02  1.3416e-01  1.1134e-01
1999.03822364  1.9874e-01  5.6077e+02  9.9466e+00  9.7999e-02  1.0128e+02  6.4600e-01  9.4497e-02  1.2179e-01  1.3213e-01
1999.03845214  2.1417e-01  6.0587e+02  9.6901e+00  1.0770e-01  9.1192e+01  5.8917e-01  9.4855e-02  1.2129e-01  1.3408e-01
1999.03868068  2.7581e-01  5.9746e+02  1.0226e+01  1.4227e-01  8.6239e+01  6.7435e-01  1.1079e-01  9.9672e-02  1.5004e-01
1999.03890918  2.1743e-01  6.0279e+02  9.9661e+00  1.2725e-01  9.2349e+01  5.9719e-01  1.2116e-01  1.4066e-01  1.3476e-01
1999.03913767  1.5514e-01  6.0032e+02  1.0087e+01  1.0694e-01  8.9422e+01  5.8026e-01  9.9034e-02  1.0252e-01  1.3526e-01
1999.03936619  1.3339e-01  5.9916e+02  9.8274e+00  1.0235e-01  1.0148e+02  6.4049e-01  9.5771e-02  1.3992e-01  1.1301e-01
1999.03959468  1.4778e-01  5.9498e+02  9.9257e+00  9.3166e-02  1.0273e+02  6.5191e-01  1.1669e-01  1.1867e-01  1.3433e-01
1999.03982321  1.9777e-01  5.8609e+02  9.5988e+00  1.0310e-01  1.0833e+02  7.2925e-01  1.0829e-01  1.3800e-01  1.4706e-01
1999.04005173  2.0796e-01  5.7834e+02  1.0167e+01  1.0701e-01  9.6655e+01  6.3881e-01  9.4297e-02  1.3573e-01  1.3801e-01
1999.04028022  1.9202e-01  5.6386e+02  1.0239e+01  1.0680e-01  9.2539e+01  5.8300e-01  1.0382e-01  1.0721e-01  1.2434e-01
1999.04050874  1.9555e-01  5.5828e+02  1.0066e+01  1.4430e-01  8.5075e+01  6.0685e-01  1.0593e-01  1.0843e-01  1.3685e-01
1999.04073726  1.7608e-01  5.3583e+02  9.7380e+00  1.3765e-01  8.4730e+01  6.2142e-01  1.0269e-01  1.1469e-01  1.3948e-01
1999.04096575  1.5522e-01  5.2852e+02  9.9062e+00  1.4393e-01  7.5866e+01  5.8878e-01  9.2598e-02  1.0180e-01  1.2966e-01
1999.04119425  1.8538e-01  5.3349e+02  9.8455e+00  1.4126e-01  7.9441e+01  5.9270e-01  1.0917e-01  1.1880e-01  1.3502e-01
1999.04142279  1.5885e-01  5.3857e+02  9.7729e+00  1.4666e-01  8.4084e+01  5.9234e-01  9.0203e-02  1.1944e-01  1.4589e-01
1999.04165129  1.4651e-01  5.3378e+02  9.8234e+00  1.3613e-01  8.6919e+01  6.8073e-01  9.6389e-02  1.3446e-01  1.3847e-01
1999.04187978  1.3943e-01  5.3356e+02  9.9981e+00  1.3110e-01  7.9449e+01  5.5046e-01  8.9481e-02  1.6071e-01  1.0657e-01
1999.04210833  1.3353e-01  5.3544e+02  1.0247e+01  1.1197e-01  7.9417e+01  5.5412e-01  8.3273e-02  1.2220e-01  1.4660e-01
1999.04233682  1.4433e-01  5.2937e+02  9.7461e+00  1.1883e-01  8.2500e+01  5.1883e-01  8.7974e-02  1.2133e-01  1.4476e-01
1999.04256532  1.4361e-01  5.2284e+02  9.8714e+00  1.3937e-01  1.0676e+02  6.1844e-01  1.1474e-01  1.2504e-01  1.2376e-01
1999.04279386  1.2326e-01  5.1110e+02  1.0166e+01  1.2365e-01  9.1350e+01  6.1614e-01  1.0317e-01  1.1060e-01  1.2331e-01
1999.04302236  1.4236e-01  5.0016e+02  1.0005e+01  1.1192e-01  1.0685e+02  6.6937e-01  1.1406e-01  1.3730e-01  1.3984e-01
1999.04325088  1.4948e-01  4.9529e+02  9.9963e+00  1.2028e-01  9.5819e+01  5.8459e-01  1.0337e-01  1.5345e-01  1.2241e-01
1999.04347940  1.7721e-01  4.8808e+02  1.0052e+01  1.2646e-01  1.0132e+02  5.9970e-01  1.0496e-01  1.3909e-01  1.0822e-01
1999.04370789  1.9037e-01  4.7961e+02  1.0087e+01  9.2476e-02  9.5135e+01  5.5747e-01  9.6851e-02  1.0780e-01  1.2127e-01
1999.04393641  2.1400e-01  4.7161e+02  9.7537e+00  7.8442e-02  1.0258e+02  6.1882e-01  1.1980e-01  1.0427e-01  1.1167e-01
1999.04416493  2.1949e-01  4.6830e+02  1.0151e+01  9.3464e-02  1.0839e+02  6.1657e-01  1.3279e-01  1.2883e-01  1.0979e-01
1999.04439345  1.9512e-01  4.5780e+02  1.0015e+01  8.7159e-02  1.0733e+02  6.2311e-01  1.4370e-01  1.5532e-01  1.1274e-01
1999.04462195  1.7878e-01  4.5217e+02  1.0393e+01  7.5627e-02  1.2600e+02  6.6116e-01  1.2283e-01  1.3853e-01  1.1825e-01
1999.04485049  1.2733e-01  4.4385e+02  1.0404e+01  5.6938e-02  1.1064e+02  6.0528e-01  8.8700e-02  1.0884e-01  8.8727e-02
1999.04507899  1.0993e-01  4.2725e+02  1.0234e+01  1.1308e-01  1.1485e+02  8.0195e-01  1.3021e-01  1.2220e-01  1.2561e-01
1999.04530748  9.5128e-02  4.1895e+02  1.0403e+01  8.3752e-02  9.8592e+01  6.0931e-01  1.0127e-01  1.2716e-01  1.1282e-01
1999.04553603  1.5369e-01  3.9987e+02  9.9720e+00  1.0141e-01  1.1009e+02  7.3006e-01  1.5990e-01  1.6584e-01  1.3217e-01
1999.04576452  3.0055e-01  3.7859e+02  9.9117e+00  1.4828e-01  1.2127e+02  5.5976e-01  1.0943e-01  2.2227e-01  1.4910e-01
1999.04599307  2.9174e-01  3.6624e+02  9.5887e+00  1.2892e-01  9.4451e+01  4.3581e-01  1.2144e-01  1.7049e-01  1.8157e-01
1999.04622156  3.0812e-01  3.6324e+02  1.0100e+01  1.5055e-01  1.2035e+02  5.6213e-01  1.0595e-01  1.5818e-01  1.8096e-01
1999.04645008  2.4653e-01  3.5469e+02  9.4473e+00  1.6114e-01  1.1980e+02  6.7839e-01  1.3900e-01  1.9704e-01  1.9361e-01
1999.04667860  2.1201e-01  3.4763e+02  9.6081e+00  1.5597e-01  1.2240e+02  6.9858e-01  1.1323e-01  1.6651e-01  1.3615e-01
1999.04690712  2.2490e-01  3.4156e+02  9.7304e+00  1.5254e-01  1.1811e+02  6.4467e-01  1.2290e-01  1.8042e-01  1.4260e-01
1999.04713562  1.8479e-01  3.4268e+02  1.0059e+01  1.2636e-01  1.2352e+02  7.5714e-01  1.4536e-01  1.9438e-01  1.5805e-01
1999.04736416  1.3544e-01  3.4523e+02  9.8723e+00  1.4132e-01  9.3634e+01  6.7389e-01  9.7730e-02  1.2749e-01  1.3854e-01
1999.04759268  1.6551e-01  3.5082e+02  1.0018e+01  1.3635e-01  1.1518e+02  7.0327e-01  1.3877e-01  1.7362e-01  1.1542e-01
1999.04782118  1.4672e-01  3.5350e+02  9.0761e+00  1.8054e-01  1.0704e+02  6.5798e-01  1.4430e-01  1.9930e-01  1.8069e-01
1999.04804973  1.6340e-01  3.5467e+02  9.1676e+00  2.1336e-01  1.0134e+02  6.3503e-01  1.2459e-01  1.7613e-01  1.6687e-01
1999.04827822  3.0334e-01  3.6621e+02  9.0573e+00  3.8433e-01  1.2909e+02  6.0219e-01  1.7147e-01  1.9528e-01  2.5816e-01
1999.04850677  4.0892e-01  3.8050e+02  9.1170e+00  2.3825e-01  1.1159e+02  4.6670e-01  1.1705e-01  1.6844e-01  1.8921e-01
1999.04873526  9.7055e-02  3.9755e+02  9.1768e+00  2.0394e-01  1.1633e+02  7.9183e-01  1.4870e-01  1.9653e-01  2.1037e-01
1999.04896378  5.1318e-02  4.0176e+02  9.3168e+00  2.2410e-01  1.0046e+02  6.4808e-01  1.9602e-01  1.8962e-01  2.3745e-01
1999.04919230  3.6235e-02  3.9405e+02  9.2035e+00  1.5395e-01  8.8007e+01  7.8417e-01  1.4760e-01  1.8827e-01  1.9727e-01
1999.04942082  1.9521e-02  4.0019e+02  8.5605e+00  2.8430e-01  7.0061e+01  7.3436e-01  1.9203e-01  2.4756e-01  1.9804e-01
1999.04964934  1.9206e-02  3.9656e+02  9.8431e+00  2.2295e-01  7.5137e+01  9.1643e-01  1.8722e-01  2.3955e-01  4.0210e-01
1999.04987786  1.5888e-02  3.8974e+02  1.0519e+01  1.9957e-01  7.9141e+01  8.1580e-01  2.8548e-01  4.1997e-01  2.3273e-01
1999.05010638  1.4793e-02  3.8183e+02  9.9093e+00  1.1512e-01  7.9812e+01  7.4655e-01  2.3693e-01  2.9281e-01  2.6313e-01
1999.05033493  1.7788e-02  3.7453e+02  9.1750e+00  1.1774e-01  7.2983e+01  6.9327e-01  1.9664e-01  3.7050e-01  1.6312e-01
1999.05056342  1.3049e-02  3.7741e+02  9.5403e+00  1.4799e-01  5.4808e+01  7.1038e-01  1.8929e-01  2.2296e-01  2.2147e-01
1999.05079195  1.3488e-02  3.8192e+02  9.5745e+00  2.0317e-01  9.9090e+01  9.0311e-01  2.8169e-01  2.0750e-01  2.3556e-01
1999.05102049  1.5909e-02  3.7457e+02  8.3034e+00  9.5077e-02  1.2435e+02  8.6715e-01  1.6509e-01  1.5932e-01  2.5048e-01
1999.05124899  1.8552e-02  3.7171e+02  1.0438e+01  6.6944e-02  1.3180e+02  9.9828e-01  1.0103e-01  2.3838e-01  2.3798e-01
1999.05147751  1.8611e-02  3.7411e+02  1.0985e+01  1.0765e-01  1.7384e+02  1.1786e+00  3.3260e-01  2.7067e-01  2.0087e-01
1999.05170605  2.0855e-02  3.6575e+02  1.1411e+01 -9.9999e+03  1.2771e+02  9.2991e-01  1.8413e-01  1.8945e-01  5.8856e-02
1999.05193455  6.3175e-02  3.4569e+02  9.4351e+00  1.0396e-01  1.0416e+02  8.3685e-01  1.1305e-01  1.7091e-01  1.5324e-01
1999.05216310  8.0620e-02  3.4710e+02  9.5212e+00  7.1465e-02  1.0053e+02  7.0541e-01  1.5016e-01  1.7698e-01  1.4356e-01
1999.05239162  1.0470e-01  3.4307e+02  9.2723e+00  1.4277e-01  1.0300e+02  7.2082e-01  1.1791e-01  1.6919e-01  1.7892e-01
1999.05262011  1.0802e-01  3.3605e+02  8.8492e+00  1.1879e-01  9.7338e+01  6.3550e-01  1.1506e-01  1.2812e-01  1.2822e-01
1999.05284866  1.2553e-01  3.3055e+02  9.3841e+00  1.2240e-01  8.6402e+01  6.0558e-01  1.1424e-01  1.6891e-01  1.5443e-01
1999.05307718  3.8668e-02  3.7402e+02  1.0381e+01  6.1650e-02  1.2490e+02  8.5152e-01  1.6528e-01  1.8958e-01  1.2831e-01
1999.05330573  3.7892e-02  3.9757e+02  9.6206e+00  5.8045e-02  1.2134e+02  7.7118e-01  1.6087e-01  2.2607e-01  1.6735e-01
1999.05353422  7.5885e-02  4.1701e+02  1.0354e+01  6.8637e-02  9.4888e+01  7.1323e-01  1.4829e-01  1.9160e-01  1.6182e-01
1999.05376274  1.6022e-01  4.3243e+02  9.3285e+00  1.2811e-01  8.4621e+01  6.4759e-01  1.3266e-01  2.0673e-01  1.6718e-01
1999.05399129  1.8654e-01  4.3648e+02  9.3613e+00  1.5489e-01  9.2415e+01  6.4033e-01  1.4647e-01  1.7887e-01  1.9633e-01
1999.05421981  1.6004e-01  4.3176e+02  9.4952e+00  1.4241e-01  9.2022e+01  7.1469e-01  1.4443e-01  2.3928e-01  1.8403e-01
1999.05444830  1.4042e-01  4.2513e+02  9.5059e+00  1.3941e-01  9.2783e+01  6.9944e-01  1.4795e-01  1.7190e-01  1.5858e-01
1999.05467685  3.3319e-01  4.2808e+02  9.7637e+00  1.3381e-01  1.1028e+02  6.7615e-01  1.2877e-01  1.5955e-01  1.5449e-01
1999.05490537  3.5364e-01  4.2852e+02  1.0114e+01  1.3628e-01  1.1224e+02  6.4948e-01  1.1855e-01  1.1998e-01  1.6606e-01
1999.05513392  4.8363e-02  5.5283e+02  1.0551e+01  1.8381e-01  8.2877e+01  6.2700e-01  1.4113e-01  2.4068e-01  1.8901e-01
1999.05536241  5.0938e-02  5.4983e+02  1.0513e+01  1.8820e-01  8.7028e+01  6.4548e-01  1.5810e-01  2.1387e-01  2.0662e-01
1999.05559093  5.0208e-02  5.4926e+02  1.0507e+01  1.4824e-01  9.3912e+01  5.4988e-01  1.2740e-01  2.1522e-01  1.7106e-01
1999.05581948  4.0741e-02  5.5012e+02  1.0347e+01  1.7404e-01  9.4825e+01  5.5845e-01  1.8838e-01  2.1032e-01  1.6190e-01
1999.05604800  2.8234e-02  5.6414e+02  1.0642e+01  1.2965e-01  1.0242e+02  5.4860e-01  1.7735e-01  1.8688e-01  1.7737e-01
1999.05627655  4.0427e-02  5.6221e+02  1.0566e+01  1.7964e-01  9.0668e+01  6.1239e-01  1.4561e-01  2.0135e-01  2.0103e-01
1999.05650507  4.4782e-02  5.6748e+02  1.0634e+01  1.6651e-01  8.5809e+01  6.0902e-01  1.5887e-01  1.9193e-01  1.8158e-01
1999.05673356  4.3364e-02  5.5886e+02  1.0083e+01  1.3847e-01  9.2992e+01  6.4426e-01  1.4252e-01  2.4507e-01  1.8035e-01
1999.05696211  3.5958e-02  5.3822e+02  1.0042e+01  1.0499e-01  1.0791e+02  6.6227e-01  1.5801e-01  2.1502e-01  1.6822e-01
1999.05719063  3.9496e-02  5.6060e+02  9.7968e+00  1.2283e-01  1.1995e+02  6.6070e-01  1.9001e-01  1.9969e-01  1.9974e-01
1999.05741918  6.9497e-02  5.4949e+02  9.1853e+00  1.3435e-01  1.0009e+02  6.4643e-01  1.4911e-01  1.7268e-01  1.8785e-01
1999.05764770  1.3646e-01  5.0384e+02  9.7685e+00  1.9167e-01  1.1330e+02  6.4555e-01  1.0661e-01  2.3316e-01  2.2396e-01
1999.05787625  1.3749e-01  5.2847e+02  9.6201e+00  1.4814e-01  1.0577e+02  5.9284e-01  1.5381e-01  2.0408e-01  1.9492e-01
1999.05812759  1.0125e-01  5.4953e+02  9.5239e+00  1.5657e-01  1.2004e+02  5.9374e-01  1.4633e-01  1.9852e-01  1.8340e-01
1999.05835614  1.2029e-01  5.1967e+02  9.7330e+00  1.0694e-01  1.1624e+02  6.9247e-01  1.1431e-01  1.7498e-01  1.7940e-01
1999.05858466  1.2528e-01  5.0514e+02  1.0053e+01  8.2402e-02  1.3300e+02  6.8768e-01  1.2921e-01  1.9962e-01  1.7908e-01
1999.05881321  1.0090e-01  5.1714e+02  9.5921e+00  8.5422e-02  1.2919e+02  7.2691e-01  1.4108e-01  2.3821e-01  1.3653e-01
1999.05904173  1.2982e-01  5.4307e+02  9.9933e+00  7.5024e-02  1.2339e+02  7.0968e-01  1.2861e-01  1.7236e-01  2.2265e-01
1999.05927027  8.6490e-02  5.4427e+02  9.8985e+00  9.7118e-02  1.2283e+02  6.7271e-01  1.1340e-01  2.4760e-01  1.9499e-01
1999.05949879  9.0388e-02  5.6945e+02  9.8706e+00  1.1774e-01  1.3539e+02  7.4099e-01  1.5618e-01  2.6725e-01  1.8008e-01
1999.05972726  6.6363e-02  6.6770e+02  9.6091e+00  2.3714e-01  8.4601e+01  6.2297e-01  1.0926e-01  2.5197e-01  2.5087e-01
1999.05995575  8.9183e-02  6.9158e+02  9.5850e+00  1.4234e-01  8.6663e+01  6.0055e-01  1.2395e-01  2.3054e-01  2.3790e-01
1999.06018425  9.1416e-02  6.5790e+02  9.3919e+00  1.5216e-01  9.4564e+01  6.6555e-01  1.1959e-01  2.6353e-01  2.2158e-01
1999.06041274  4.8387e-02  6.5435e+02  8.8406e+00  2.0466e-01  8.4252e+01  6.9206e-01  1.0381e-01  2.7130e-01  2.5942e-01
1999.06064121  6.6051e-02  6.4153e+02  1.0103e+01  8.5999e-02  1.3627e+02  8.6744e-01  1.1292e-01  2.1042e-01  1.9671e-01
1999.06086970  1.3656e-03  6.6056e+02  8.0000e+00 -9.9999e+03  3.9924e+01  8.8897e-01  1.8701e-01  2.5613e-01  3.4912e-01
1999.06109816  1.8940e-02  5.7781e+02  1.2039e+01  1.1017e-01  1.0258e+02  5.4981e-01  1.8398e-01  2.9817e-01  2.7454e-01
1999.06132663  1.1421e-01  5.9980e+02  1.1170e+01  1.7417e-01  8.2103e+01  6.6606e-01  1.5747e-01  2.4355e-01  2.1413e-01
1999.06155515  1.5546e-01  5.7645e+02  1.0759e+01  2.0036e-01  8.7413e+01  6.5448e-01  1.6935e-01  2.2321e-01  2.4664e-01
1999.06178364  2.7747e-01  5.6089e+02  1.0613e+01  1.2714e-01  9.1768e+01  6.0534e-01  1.3657e-01  1.4375e-01  1.5924e-01
1999.06201211  4.1888e-01  5.4317e+02  1.0606e+01  1.2532e-01  8.4395e+01  4.6744e-01  1.3709e-01  1.6229e-01  1.5688e-01
1999.06224060  4.3293e-01  5.4580e+02  1.0410e+01  1.5496e-01  8.4533e+01  5.0254e-01  1.4214e-01  1.6417e-01  1.4975e-01
1999.06246910  4.8211e-01  5.6780e+02  1.0294e+01  9.0781e-02  1.0806e+02  6.1538e-01  1.1356e-01  1.4060e-01  1.3820e-01
1999.06269759  4.9519e-01  5.4030e+02  1.0239e+01  1.1023e-01  1.0919e+02  6.4248e-01  1.3609e-01  1.2675e-01  1.2938e-01
1999.06292605  4.1846e-01  5.2268e+02  1.0473e+01  1.1116e-01  9.6765e+01  6.2696e-01  1.1010e-01  1.2874e-01  1.1757e-01
1999.06315455  5.1523e-01  5.2842e+02  1.0609e+01  1.3684e-01  9.8560e+01  6.3868e-01  1.0869e-01  1.1961e-01  1.4850e-01
1999.06338301  6.5680e-01  5.4748e+02  1.0657e+01  1.3141e-01  9.4278e+01  5.9995e-01  1.1644e-01  1.3385e-01  1.4845e-01
1999.06361153  6.0415e-01  5.7434e+02  1.0487e+01  1.0992e-01  9.3787e+01  6.7497e-01  1.1103e-01  1.0381e-01  1.3502e-01
1999.06384003  6.1331e-01  5.9014e+02  1.0184e+01  1.1075e-01  8.1151e+01  6.4620e-01  9.7645e-02  9.2308e-02  1.2128e-01
1999.06406849  2.7269e-01  5.6665e+02  1.0499e+01  8.7277e-02  8.0458e+01  5.7507e-01  1.0966e-01  9.4352e-02  1.1011e-01
1999.06429699  1.3513e-01  5.3876e+02  1.0019e+01  1.2002e-01  8.7619e+01  6.0478e-01  1.3149e-01  1.9061e-01  1.7083e-01
1999.06452551  1.5025e-01  5.5014e+02  9.8625e+00  1.8131e-01  7.1577e+01  6.1109e-01  1.5289e-01  1.8405e-01  2.0389e-01
1999.06475397  1.5732e-01  5.4371e+02  9.8019e+00  1.6362e-01  7.9575e+01  6.5547e-01  1.2062e-01  2.0675e-01  1.9628e-01
1999.06498247  1.5128e-01  5.3609e+02  1.0118e+01  1.2936e-01  8.0509e+01  5.3028e-01  1.1089e-01  1.6543e-01  1.8703e-01
1999.06521096  9.5873e-02  5.2451e+02  1.0105e+01  1.4987e-01  8.5269e+01  7.2909e-01  1.2741e-01  1.9128e-01  1.6318e-01
1999.06543942  6.6139e-02  5.2203e+02  1.0125e+01  1.1998e-01  1.0832e+02  6.5801e-01  7.7687e-02  1.7691e-01  1.2818e-01
1999.06566795  1.6719e-01  5.3947e+02  1.0386e+01  9.4140e-02  9.5192e+01  6.1757e-01  1.0249e-01  1.0457e-01  1.1692e-01
1999.06589644  2.2265e-01  5.2856e+02  1.0680e+01  9.0279e-02  9.4540e+01  5.8389e-01  9.2354e-02  1.1404e-01  1.0437e-01
1999.06612490  1.6746e-01  5.2397e+02  1.0378e+01  1.0046e-01  9.4994e+01  6.0161e-01  8.1838e-02  8.2191e-02  1.2360e-01
1999.06635340  1.7453e-01  4.9729e+02  1.0897e+01  9.6599e-02  1.0575e+02  5.8676e-01  1.0938e-01  1.1147e-01  1.2786e-01
1999.06658192  1.8495e-01  4.7246e+02  1.0802e+01  1.0500e-01  1.1232e+02  5.6580e-01  1.1140e-01  1.3955e-01  1.4350e-01
1999.06681038  2.0785e-01  4.6064e+02  1.0820e+01  1.1681e-01  1.0703e+02  5.4026e-01  1.1337e-01  1.1428e-01  1.3327e-01
1999.06703888  2.3594e-01  4.5840e+02  1.0144e+01  1.1891e-01  1.0728e+02  5.7620e-01  1.2065e-01  1.1975e-01  1.3430e-01
1999.06726737  2.5246e-01  4.4834e+02  1.0359e+01  1.3383e-01  1.1284e+02  6.3984e-01  1.1978e-01  1.3577e-01  1.4019e-01
1999.06749589  2.8124e-01  4.4319e+02  1.0481e+01  1.2061e-01  1.0907e+02  5.9498e-01  9.0024e-02  1.3053e-01  1.4194e-01
1999.06772436  2.9451e-01  4.2987e+02  9.8477e+00  1.3834e-01  1.0369e+02  5.6269e-01  1.0587e-01  1.0355e-01  1.1881e-01
1999.06795285  2.9768e-01  4.2631e+02  1.0182e+01  1.3471e-01  1.1310e+02  5.9548e-01  9.8674e-02  1.2021e-01  1.3151e-01
1999.06818134  3.3776e-01  4.2105e+02  1.0133e+01  1.5082e-01  1.2015e+02  6.0524e-01  1.2235e-01  1.3519e-01  1.4247e-01
1999.06840984  3.1427e-01  4.1664e+02  1.0283e+01  1.4342e-01  1.2611e+02  6.1746e-01  9.6199e-02  1.2484e-01  1.3416e-01
1999.06863833  3.6025e-01  4.1121e+02  1.0135e+01  1.2671e-01  1.3441e+02  6.7656e-01  1.1280e-01  1.1633e-01  1.2494e-01
1999.06886682  3.0811e-01  4.1731e+02  1.0089e+01  9.9944e-02  1.2017e+02  5.9670e-01  1.3104e-01  1.3069e-01  1.1444e-01
1999.06909532  3.1400e-01  4.1352e+02  1.0585e+01  1.0808e-01  1.2024e+02  5.4240e-01  1.3576e-01  1.7151e-01  1.7067e-01
1999.06932381  3.6540e-01  4.0735e+02  1.0014e+01  9.8048e-02  1.3191e+02  5.6644e-01  1.1559e-01  1.6864e-01  1.4640e-01
1999.06955233  3.2927e-01  3.9766e+02  1.0475e+01  8.9336e-02  1.2678e+02  6.4454e-01  9.6850e-02  1.3049e-01  1.3342e-01
1999.06978079  3.3063e-01  3.8964e+02  1.0383e+01  1.0173e-01  1.2277e+02  6.8018e-01  1.2691e-01  1.7636e-01  1.5732e-01
1999.07000929  2.6798e-01  3.7211e+02  1.0422e+01  9.7520e-02  1.1016e+02  6.5127e-01  1.2869e-01  2.0835e-01  1.4388e-01
1999.07023778  2.8567e-01  3.6551e+02  1.0368e+01  1.2411e-01  1.3143e+02  7.2714e-01  1.4359e-01  1.9585e-01  1.8446e-01
1999.07046630  3.4700e-01  3.6543e+02  1.0478e+01  1.2776e-01  1.2446e+02  7.2179e-01  1.2447e-01  1.8516e-01  1.6593e-01
1999.07069479  2.8762e-01  3.5793e+02  1.0122e+01  1.9828e-01  9.5331e+01  4.9369e-01  1.2620e-01  1.8149e-01  1.8288e-01
1999.07092329  2.1104e-01  3.5798e+02  9.8288e+00  2.2238e-01  7.7549e+01  4.1727e-01  1.1156e-01  1.2209e-01  1.5724e-01
1999.07115181  2.0101e-01  3.5124e+02  1.0058e+01  1.5024e-01  8.1691e+01  3.5421e-01  1.5308e-01  1.3384e-01  1.5071e-01
1999.07138027  1.4084e-01  3.4119e+02  1.0061e+01  1.7852e-01  6.1620e+01  3.1663e-01  1.2210e-01  1.3795e-01  1.3777e-01
1999.07160877  1.6812e-01  3.4028e+02  9.8494e+00  2.3118e-01  5.7856e+01  3.6428e-01  1.0327e-01  1.8524e-01  1.4487e-01
1999.07183726  1.9953e-01  3.4029e+02  9.5367e+00  3.1564e-01  6.0566e+01  4.0113e-01  1.3271e-01  1.5136e-01  1.9447e-01
1999.07206575  1.7946e-01  3.4944e+02  1.0117e+01  2.2892e-01  4.2540e+01  3.0268e-01  9.8299e-02  2.1474e-01  1.7181e-01
1999.07229427  5.3467e-01  3.6070e+02  9.7660e+00  1.5495e-01  9.9915e+01  5.7645e-01  1.1018e-01  1.7457e-01  1.8811e-01
1999.07252277  3.9468e-01  4.0729e+02  9.3882e+00  1.8053e-01  1.2250e+02  6.4001e-01  9.6049e-02  1.6853e-01  1.7576e-01
1999.07275126  3.0484e-01  4.1975e+02  9.3379e+00  2.1731e-01  1.1908e+02  6.7861e-01  9.5217e-02  1.7100e-01  1.8462e-01
1999.07298003  3.5654e-01  4.2294e+02  9.3344e+00  2.0174e-01  1.1917e+02  6.0984e-01  8.7466e-02  1.8067e-01  2.1890e-01
1999.07320833  3.3227e-01  4.2484e+02  9.2939e+00  1.9589e-01  1.0818e+02  5.7710e-01  8.9445e-02  1.8651e-01  1.8452e-01
1999.07343677  4.1978e-01  4.3365e+02  9.2251e+00  1.5862e-01  1.1475e+02  5.9088e-01  6.2873e-02  1.5408e-01  1.7434e-01
1999.07366526  4.3048e-01  4.2652e+02  9.3293e+00  1.7190e-01  1.1452e+02  6.4070e-01  9.3461e-02  1.5239e-01  1.8426e-01
1999.07389378  4.6539e-01  4.2090e+02  9.2986e+00  1.5900e-01  1.1206e+02  6.2850e-01  6.3382e-02  1.9136e-01  1.6931e-01
1999.07412227  4.6496e-01  4.2587e+02  9.2859e+00  1.5169e-01  1.2334e+02  6.1419e-01  1.0404e-01  1.5456e-01  1.6171e-01
1999.07435077  3.9745e-01  4.2303e+02  9.3019e+00  1.4084e-01  1.1673e+02  6.1990e-01  6.8252e-02  1.6813e-01  1.5994e-01
1999.07457929  3.3434e-01  4.2601e+02  9.4944e+00  1.5692e-01  1.1680e+02  6.4992e-01  8.9053e-02  1.5659e-01  1.5821e-01
1999.07480778  3.5235e-01  4.2433e+02  9.4819e+00  1.5186e-01  1.0280e+02  6.1926e-01  9.5127e-02  1.4310e-01  1.9100e-01
1999.07503627  4.1902e-01  4.2755e+02  9.5411e+00  1.4768e-01  1.0706e+02  6.0075e-01  6.6959e-02  1.3498e-01  1.6632e-01
1999.07526477  4.1967e-01  4.2787e+02  9.1446e+00  1.3424e-01  1.1530e+02  5.3676e-01  9.3342e-02  1.3409e-01  1.6068e-01
1999.07549329  4.4127e-01  4.2348e+02 -9.9999e+03 -9.9999e+03 -9.9999e+03 -9.9999e+03 -9.9999e+03 -9.9999e+03 -9.9999e+03
1999.07572178  4.0951e-01  4.2947e+02  9.1257e+00  1.3752e-01  1.0421e+02  5.6670e-01  7.4335e-02  1.1724e-01  1.5511e-01
1999.07595027  4.0226e-01  4.1824e+02  9.1188e+00  1.3962e-01  1.0481e+02  6.0741e-01  8.9007e-02  1.4010e-01  1.4862e-01
1999.07617877  3.7821e-01  4.1378e+02  9.1944e+00  1.3166e-01  1.0355e+02  5.6846e-01  6.7452e-02  1.4029e-01  1.4755e-01
1999.07640729  3.0030e-01  4.1624e+02  9.2054e+00  1.2930e-01  1.1326e+02  6.4101e-01  7.1706e-02  1.6970e-01  1.4728e-01
1999.07663578  2.4722e-01  4.0522e+02  9.2714e+00  1.4354e-01  1.1619e+02  5.5906e-01  7.8967e-02  1.8171e-01  1.4437e-01
1999.07686427  2.8297e-01  4.0765e+02  9.2623e+00  1.4154e-01  1.1445e+02  6.1037e-01  7.8484e-02  1.4281e-01  1.5941e-01
1999.07709279  2.6359e-01  4.0674e+02  9.3024e+00  1.1539e-01  1.1225e+02  6.0609e-01  7.4496e-02  1.3386e-01  1.6075e-01
1999.07732129  2.8570e-01  4.1266e+02  9.2606e+00  1.5865e-01  1.1167e+02  6.2226e-01  8.8405e-02  1.2502e-01  1.8597e-01
1999.07754978  3.6380e-01  4.1771e+02  9.3029e+00  1.6538e-01  1.1558e+02  5.4150e-01  8.8395e-02  1.6590e-01  1.5579e-01
1999.07777827  3.6635e-01  4.1389e+02  9.5380e+00  1.8024e-01  1.0969e+02  6.4426e-01  7.5966e-02  1.2030e-01  1.9588e-01
1999.07800679  3.4012e-01  4.0876e+02  9.4704e+00  1.6295e-01  1.1023e+02  6.3248e-01  8.7761e-02  1.3918e-01  1.8753e-01
1999.07823532  2.9539e-01  4.1263e+02  9.5386e+00  1.4153e-01  1.0564e+02  6.3963e-01  7.3741e-02  1.4411e-01  1.6085e-01
1999.07846381  2.7438e-01  4.0923e+02  9.8083e+00  1.7307e-01  1.1187e+02  6.4682e-01  9.1652e-02  1.2939e-01  1.7768e-01
1999.07869233  2.4586e-01  4.0317e+02  9.9620e+00  1.8035e-01  1.1187e+02  6.0908e-01  9.4285e-02  1.1957e-01  1.7526e-01
1999.07892082  2.9730e-01  4.0437e+02  1.0085e+01  1.9979e-01  1.1069e+02  6.4114e-01  8.4385e-02  1.5384e-01  1.8798e-01
1999.07914932  3.0071e-01  4.0547e+02  9.9899e+00  1.8476e-01  1.0604e+02  6.4800e-01  8.3762e-02  1.3777e-01  1.7954e-01
1999.07937784  1.9271e-01  4.0291e+02  1.0194e+01  1.5625e-01  1.1691e+02  6.2796e-01  8.7863e-02  1.9157e-01  1.3506e-01
1999.07960633  2.4502e-01  3.9828e+02  9.8940e+00  1.6406e-01  1.1805e+02  6.4281e-01  9.5417e-02  1.3793e-01  1.7104e-01
1999.07983482  2.4390e-01  4.0816e+02  1.0284e+01  1.5279e-01  1.3154e+02  7.4678e-01  1.0682e-01  1.7658e-01  1.6832e-01
1999.08006334  2.7822e-01  4.0370e+02  1.0339e+01  1.2445e-01  1.1240e+02  6.2645e-01  1.1249e-01  1.5917e-01  1.3702e-01
1999.08029186  2.6228e-01  4.0487e+02  1.0228e+01  1.2636e-01  1.2390e+02  6.6113e-01  1.0492e-01  1.3860e-01  1.4538e-01
1999.08052036  2.8996e-01  3.8849e+02  9.9353e+00  1.4460e-01  1.1705e+02  5.9392e-01  9.2625e-02  1.5499e-01  1.3032e-01
1999.08074885  2.6406e-01  3.8230e+02  9.8751e+00  1.3788e-01  1.2250e+02  5.9376e-01  9.1717e-02  1.3388e-01  1.5235e-01
1999.08097737  3.5381e-01  3.7545e+02  9.6862e+00  1.7457e-01  1.1949e+02  5.6869e-01  8.8935e-02  1.3761e-01  1.5963e-01
1999.08120589  3.5388e-01  3.7629e+02  9.7505e+00  1.5890e-01  1.2091e+02  6.3793e-01  1.1222e-01  1.4315e-01  1.6728e-01
1999.08143438  2.8143e-01  3.6926e+02  9.7108e+00  1.5260e-01  1.1107e+02  5.5655e-01  8.9718e-02  1.4731e-01  1.4487e-01
1999.08166290  3.2644e-01  3.6029e+02  9.6683e+00  1.5440e-01  1.2504e+02  6.1650e-01  1.0964e-01  1.5499e-01  1.6210e-01
1999.08189140  3.1951e-01  3.6136e+02  9.7990e+00  1.4987e-01  1.1834e+02  5.3546e-01  1.0335e-01  1.5161e-01  1.3078e-01
1999.08211989  2.5894e-01  3.5388e+02  9.9197e+00  1.6209e-01  1.2469e+02  6.2857e-01  1.2152e-01  1.2568e-01  1.4259e-01
1999.08234844  2.9355e-01  3.5539e+02  9.8063e+00  1.6466e-01  1.2348e+02  6.1461e-01  9.8269e-02  1.4714e-01  1.5486e-01
1999.08257693  2.3574e-01  3.5633e+02  9.4505e+00  2.3333e-01  1.1762e+02  6.0968e-01  8.7771e-02  1.5574e-01  1.6143e-01
1999.08280542  2.5103e-01  3.4266e+02  9.3649e+00  1.7660e-01  1.2096e+02  5.4794e-01  8.2114e-02  1.2347e-01  1.4573e-01
1999.08303392  2.0450e-01  3.4810e+02  9.6303e+00  2.2381e-01  1.2312e+02  6.2243e-01  1.3342e-01  1.0162e-01  1.6061e-01
1999.08326247  2.2956e-01  3.5064e+02  9.5033e+00  1.8381e-01  1.3809e+02  6.7182e-01  1.2661e-01  1.3159e-01  1.5775e-01
1999.08349096  2.1269e-01  3.4193e+02  9.7590e+00  1.8767e-01  1.2486e+02  6.3713e-01  9.7975e-02  1.6130e-01  1.4698e-01
1999.08371945  2.0660e-01  3.3968e+02  9.2383e+00  1.6898e-01  1.2043e+02  6.6058e-01  8.5064e-02  1.7296e-01  1.2111e-01
1999.08394797  2.4585e-01  3.3751e+02  9.5285e+00  1.7175e-01  1.2887e+02  6.3986e-01  1.0809e-01  1.3057e-01  1.3696e-01
1999.08417649  2.2081e-01  3.3607e+02  9.3514e+00  1.5850e-01  1.2816e+02  6.2068e-01  7.0490e-02  1.2833e-01  1.3841e-01
1999.08440499  2.2418e-01  3.4335e+02  9.6890e+00  1.8332e-01  1.3221e+02  6.3980e-01  1.0850e-01  1.0696e-01  1.5259e-01
1999.08463351  2.5459e-01  3.2945e+02  9.6988e+00  2.0365e-01  1.4372e+02  6.9596e-01  1.1003e-01  1.6496e-01  1.3063e-01
1999.08486200  2.0834e-01  3.1732e+02  9.6500e+00  2.0699e-01  1.2403e+02  7.1649e-01  1.2875e-01  2.0022e-01  1.4334e-01
1999.08509052  2.4073e-01  3.2114e+02  9.2296e+00  1.6701e-01  1.2465e+02  6.5551e-01  9.8213e-02  1.5296e-01  1.2975e-01
1999.08531904  2.2708e-01  3.1203e+02  9.0149e+00  2.2394e-01  1.3239e+02  7.3970e-01  1.1513e-01  1.8018e-01  1.4491e-01
1999.08554753  2.4689e-01  3.1001e+02  9.6242e+00  1.9392e-01  1.0828e+02  6.0900e-01  9.1723e-02  1.3895e-01  1.6489e-01
1999.08577605  2.8731e-01  3.0550e+02  9.5294e+00  1.9856e-01  1.1500e+02  5.6065e-01  1.0724e-01  1.6026e-01  1.4034e-01
1999.08600458  2.6914e-01  3.0336e+02  9.5091e+00  1.9326e-01  1.1931e+02  6.2156e-01  9.1759e-02  1.9622e-01  1.5342e-01
1999.08623307  2.8152e-01  3.0509e+02  1.0076e+01  1.8235e-01  1.0785e+02  5.8590e-01  1.1572e-01  1.6483e-01  1.6535e-01
1999.08646159  2.0635e-01  3.0758e+02  9.5158e+00  1.9691e-01  8.2652e+01  5.2040e-01  1.2102e-01  1.7575e-01  1.5150e-01
1999.08669011  1.3789e-01  3.0417e+02  9.7262e+00  2.1967e-01  5.5807e+01  3.9504e-01  1.1979e-01  1.8158e-01  1.5956e-01
1999.08691860  1.9545e-01  3.0597e+02  9.5736e+00  1.9492e-01  7.0813e+01  4.3752e-01  1.2420e-01  1.9910e-01  1.4311e-01
1999.08714712  2.1308e-01  3.0196e+02  9.5690e+00  1.7386e-01  6.9661e+01  4.6220e-01  1.0092e-01  1.4109e-01  1.7185e-01
1999.08737564  2.0074e-01  3.0297e+02  9.5543e+00  1.6868e-01  5.9973e+01  3.5365e-01  1.2289e-01  1.4369e-01  1.3543e-01
1999.08760414  1.3714e-01  3.0045e+02  1.0101e+01  1.3782e-01  4.4633e+01  3.9433e-01  1.4006e-01  1.7673e-01  1.3361e-01
1999.08783266  1.5171e-01  3.0421e+02  1.0639e+01  1.2390e-01  3.9795e+01  3.7249e-01  1.1292e-01  1.8099e-01  1.5636e-01
1999.08806118  1.9298e-01  2.9942e+02  9.8379e+00  1.2544e-01  4.2539e+01  3.1189e-01  1.5909e-01  1.6595e-01  1.3193e-01
1999.08828970  2.1130e-01  3.0611e+02  1.0100e+01  1.4135e-01  4.0555e+01  3.2537e-01  9.7399e-02  1.9886e-01  1.1966e-01
1999.08851819  2.6188e-01  3.0065e+02  9.9765e+00  1.8850e-01  3.6474e+01  3.0738e-01  1.3626e-01  1.7182e-01  1.9077e-01
1999.08874671  2.8352e-01  2.9615e+02  1.0207e+01  2.5189e-01  5.4311e+01  4.2604e-01  1.1008e-01  2.4125e-01  2.2112e-01
1999.08897523  3.1014e-01  2.9218e+02  9.7927e+00  1.6311e-01  3.8730e+01  2.5593e-01  1.2650e-01  1.2952e-01  1.6708e-01
1999.08920373  3.4155e-01  2.9001e+02  9.9133e+00  1.8771e-01  6.1540e+01  3.2125e-01  1.2885e-01  1.8794e-01  1.7116e-01
1999.08943227  1.9521e-01  2.8992e+02  1.0003e+01  1.7050e-01  4.2980e+01  3.1542e-01  1.2067e-01  1.5485e-01  1.6186e-01
1999.08966068  3.4983e-01  2.8403e+02  9.3427e+00  3.2616e-01  7.3997e+01  4.0492e-01  1.3348e-01  1.8368e-01  2.0266e-01
1999.08988915  2.5070e-01  2.9402e+02  8.8828e+00  6.1438e-01  7.3859e+01  3.4901e-01  1.1551e-01  1.9495e-01  2.6180e-01
1999.09011762  2.2264e-01  2.8398e+02  9.0827e+00  4.2520e-01  7.3466e+01  4.0315e-01  1.3527e-01  2.2659e-01  2.0597e-01
1999.09034608  2.6759e-01  2.8146e+02  9.3310e+00  3.3656e-01  6.7316e+01  4.1333e-01  1.1409e-01  1.9217e-01  2.1172e-01
1999.09057458  3.4770e-01  2.9119e+02  9.2753e+00  3.9768e-01  5.8606e+01  3.9870e-01  1.2315e-01  2.1013e-01  2.3493e-01
1999.09080304  1.8465e-01  2.9417e+02  9.4308e+00  2.2216e-01  2.7642e+01  3.3524e-01  1.0779e-01  1.7243e-01  2.1156e-01
1999.09103151  2.2198e-01  2.8669e+02  9.1606e+00  2.5402e-01  3.6127e+01  3.6298e-01  1.2548e-01  2.1235e-01  2.5633e-01
1999.09126000  1.2540e-01  2.8670e+02  9.4035e+00  1.4102e-01  4.1742e+01  4.8779e-01  1.0827e-01  2.4214e-01  2.3115e-01
1999.09148849  1.1997e-01  2.8601e+02  9.1416e+00  2.2673e-01  3.0491e+01  2.4143e-01  1.3696e-01  1.7395e-01  1.8322e-01
1999.09171696  2.0857e-01  3.0183e+02  9.9726e+00  2.1028e-01  5.3738e+01  3.1415e-01  1.0515e-01  1.7619e-01  1.6018e-01
1999.09194542  3.7065e-01  3.1364e+02  9.6179e+00  2.1942e-01  9.3154e+01  5.1804e-01  1.4593e-01  1.5513e-01  1.4879e-01
1999.09217389  4.6837e-01  3.2526e+02  9.2399e+00  1.5805e-01  1.0926e+02  6.3882e-01  1.3994e-01  1.5962e-01  1.7532e-01
1999.09240241  4.4305e-01  3.2925e+02  9.3579e+00  1.5957e-01  1.0495e+02  5.3637e-01  1.1416e-01  2.5893e-01  1.8498e-01
1999.09263088  3.9707e-01  3.1983e+02  9.0685e+00  2.5270e-01  1.1127e+02  6.0094e-01  1.4091e-01  2.2348e-01  2.2422e-01
1999.09285934  2.0585e-01  3.1553e+02  8.7498e+00  2.3917e-01  1.0323e+02  6.4354e-01  1.2377e-01  1.8991e-01  1.5426e-01
1999.09308784  1.7782e-01  3.2216e+02  9.2680e+00  1.9391e-01  9.5754e+01  6.2599e-01  1.0734e-01  1.4749e-01  2.0449e-01
1999.09331630  1.2572e-01  3.5967e+02  8.8366e+00  1.1970e-01  1.0294e+02  6.4427e-01  1.2620e-01  2.0971e-01  1.5097e-01
1999.09354477  1.4506e-01  3.1421e+02  8.6003e+00  2.2229e-01  9.1301e+01  6.5772e-01  1.1682e-01  1.6746e-01  1.9442e-01
1999.09377329  3.4539e-01  2.9652e+02  8.1599e+00  2.4038e-01  7.2330e+01  4.0652e-01  1.3397e-01  1.7782e-01  1.9350e-01
1999.09400175  2.7222e-01  2.9605e+02  8.2045e+00  2.4068e-01  4.5693e+01  4.0973e-01  1.2525e-01  2.0890e-01  2.5399e-01
1999.09423025  4.3473e-01  3.1664e+02  8.5556e+00  2.3868e-01  7.7613e+01  4.3451e-01  9.5660e-02  1.6799e-01  1.6904e-01
1999.09445871  4.5653e-01  3.6311e+02  8.8088e+00  1.0928e-01  1.1137e+02  5.6481e-01  6.9784e-02  1.3170e-01  1.8330e-01
1999.09468718  6.3593e-01  3.7499e+02  9.0689e+00  1.1191e-01  1.1177e+02  6.6159e-01  9.5427e-02  1.7037e-01  1.5098e-01
1999.09491567  2.6145e-01  3.7238e+02  8.8600e+00  9.8853e-02  1.1915e+02  6.3518e-01  8.8222e-02  1.4661e-01  1.3055e-01
1999.09514416  4.0072e-01  3.9837e+02  9.0627e+00  1.3839e-01  1.2286e+02  6.3629e-01  8.0169e-02  1.5443e-01  1.6451e-01
1999.09537266  3.7341e-01  4.1882e+02  9.1600e+00  1.5188e-01  8.9961e+01  5.9190e-01  6.9449e-02  1.6531e-01  1.9071e-01
1999.09560112  2.1555e-01  4.1429e+02  8.9915e+00  2.1746e-01  8.7806e+01  5.6159e-01  6.7772e-02  1.3005e-01  1.9252e-01
1999.09582959  2.6764e-01  4.1813e+02  8.9258e+00  2.3663e-01  8.8187e+01  6.0208e-01  9.2964e-02  1.6477e-01  1.9164e-01
1999.09605808  3.3438e-01  4.2657e+02  9.0226e+00  2.7020e-01  8.7960e+01  6.1194e-01  8.2438e-02  1.5082e-01  1.7065e-01
1999.09628655  2.7171e-01  4.2635e+02  9.2157e+00  2.1033e-01  8.2830e+01  5.6134e-01  7.7413e-02  1.2191e-01  1.6403e-01
1999.09651507  2.4878e-01  4.1408e+02  9.0442e+00  2.3506e-01  9.7145e+01  6.1598e-01  5.9393e-02  1.5432e-01  2.0714e-01
1999.09674353  1.7066e-01  4.1610e+02  9.0838e+00  2.7355e-01  1.1094e+02  6.3637e-01  8.5336e-02  1.4339e-01  2.0607e-01
1999.09697203  2.0974e-01  4.1934e+02  9.2019e+00  2.3553e-01  1.0016e+02  6.4213e-01  6.2232e-02  1.4568e-01  1.7066e-01
1999.09720049  3.5340e-01  4.3056e+02  9.4097e+00  1.5470e-01  1.0684e+02  5.8262e-01  8.4929e-02  1.6444e-01  1.6864e-01
1999.09742901  3.4013e-01  4.4059e+02  9.5058e+00  1.6349e-01  1.1426e+02  6.6362e-01  8.9704e-02  1.3621e-01  2.1097e-01
1999.09765748  3.0849e-01  4.4272e+02  9.5059e+00  1.5240e-01  1.1158e+02  6.1553e-01  8.1595e-02  1.3471e-01  1.6430e-01
1999.09788597  3.0131e-01  4.4178e+02  9.6541e+00  1.1715e-01  1.0778e+02  5.9101e-01  8.4511e-02  1.3228e-01  1.5744e-01
1999.09811444  3.1759e-01  4.5143e+02  9.6829e+00  1.3737e-01  1.0149e+02  6.0343e-01  9.5424e-02  1.5770e-01  1.5319e-01
1999.09834293  3.1845e-01  4.4963e+02  9.8189e+00  1.5130e-01  1.0314e+02  6.0127e-01  7.3751e-02  1.5585e-01  1.7973e-01
1999.09857140  4.0041e-01  4.5042e+02  9.6768e+00  1.6087e-01  1.0977e+02  5.9278e-01  7.0404e-02  1.3960e-01  1.6053e-01
1999.09879992  4.3936e-01  4.4449e+02  9.7183e+00  1.5948e-01  1.1657e+02  6.0270e-01  7.2641e-02  1.3786e-01  1.3304e-01
1999.09902838  4.0516e-01  4.3444e+02  9.5852e+00  1.5341e-01  1.0780e+02  5.9149e-01  8.4202e-02  1.4524e-01  1.5769e-01
1999.09925688  3.6710e-01  4.3334e+02  9.8901e+00  1.3650e-01  1.2024e+02  6.2261e-01  9.8338e-02  1.0862e-01  1.5229e-01
1999.09948534  3.4573e-01  4.3969e+02  9.7170e+00  1.3593e-01  1.0673e+02  5.7732e-01  9.6530e-02  1.4396e-01  1.4451e-01
1999.09971386  3.3137e-01  4.3723e+02  9.6324e+00  1.5006e-01  1.0959e+02  6.6845e-01  8.3575e-02  1.4355e-01  1.7642e-01
1999.09994236  2.6649e-01  4.3751e+02  9.6187e+00  1.5721e-01  1.0670e+02  6.3948e-01  8.1879e-02  1.3677e-01  1.6678e-01
1999.10017082  2.2842e-01  4.3445e+02  9.6999e+00  1.3581e-01  1.0169e+02  5.8876e-01  6.9104e-02  1.1302e-01  1.5837e-01
1999.10039932  3.0882e-01  4.3133e+02  9.5301e+00  1.5548e-01  1.0239e+02  5.9965e-01  6.5094e-02  1.3195e-01  1.5556e-01
1999.10062778  2.7886e-01  4.3644e+02  9.4553e+00  1.5924e-01  1.0910e+02  6.0979e-01  7.7190e-02  1.5949e-01  1.6480e-01
1999.10085630  2.4188e-01  4.3731e+02  9.2934e+00  1.7224e-01  1.1252e+02  6.1527e-01  8.4190e-02  1.4511e-01  1.5499e-01
1999.10108479  3.0341e-01  4.3561e+02  9.3571e+00  1.7308e-01  9.8226e+01  5.7565e-01  8.2954e-02  1.5248e-01  1.5533e-01
1999.10131326  3.4589e-01  4.3730e+02  9.1191e+00  1.9287e-01  1.0193e+02  5.4994e-01  7.9841e-02  1.5460e-01  1.5969e-01
1999.10154175  2.6180e-01  4.3072e+02  9.3780e+00  1.7007e-01  9.5849e+01  5.7842e-01  7.4244e-02  1.3395e-01  1.5992e-01
1999.10177022  2.7127e-01  4.3726e+02  9.3255e+00  1.6054e-01  1.0871e+02  6.1741e-01  8.7418e-02  1.5134e-01  1.7756e-01
1999.10199874  4.1679e-01  4.4278e+02  9.7189e+00  1.4098e-01  1.0827e+02  6.0003e-01  8.1104e-02  1.3111e-01  1.5266e-01
1999.10222723  4.7272e-01  4.5746e+02  9.8178e+00  1.3512e-01  1.0550e+02  5.8883e-01  8.8516e-02  1.2672e-01  1.5872e-01
1999.10245570  4.4207e-01  4.5107e+02  9.9043e+00  1.3258e-01  1.1229e+02  6.3046e-01  7.4229e-02  1.4382e-01  1.3814e-01
1999.10268419  4.7465e-01  4.5248e+02  1.0100e+01  1.3897e-01  1.0549e+02  5.8824e-01  7.9988e-02  1.5225e-01  1.4999e-01
1999.10291271  4.0564e-01  4.5114e+02  1.0210e+01  1.4891e-01  1.0153e+02  5.9142e-01  8.8175e-02  1.2297e-01  1.2427e-01
1999.10314118  3.0956e-01  4.4554e+02  1.0205e+01  1.4573e-01  1.0342e+02  5.7072e-01  8.3706e-02  1.2131e-01  1.3576e-01
1999.10336967  3.5666e-01  4.4815e+02  1.0306e+01  1.1982e-01  1.0475e+02  6.0366e-01  9.2187e-02  1.2314e-01  1.3912e-01
1999.10359816  2.6882e-01  4.4889e+02  1.0111e+01  1.2892e-01  1.1214e+02  6.1033e-01  8.1563e-02  1.3596e-01  1.3088e-01
1999.10382663  2.4688e-01  4.4846e+02  1.0590e+01  1.0254e-01  1.0621e+02  6.1319e-01  7.4425e-02  1.4214e-01  1.1840e-01
1999.10405515  3.1141e-01  4.5041e+02  1.0822e+01  8.9451e-02  1.1280e+02  6.2779e-01  8.6630e-02  1.4091e-01  1.2664e-01
1999.10428364  2.3409e-01  4.4748e+02  1.0593e+01  9.5933e-02  1.0758e+02  6.2713e-01  8.6177e-02  1.2740e-01  1.4072e-01
1999.10451214  2.8437e-01  4.4523e+02  1.0359e+01  1.2655e-01  1.0762e+02  6.2787e-01  1.0089e-01  1.1658e-01  1.5210e-01
1999.10474060  2.8651e-01  4.4248e+02  1.0464e+01  1.0476e-01  1.0555e+02  6.0480e-01  7.8242e-02  1.3381e-01  1.4307e-01
1999.10496912  2.4754e-01  4.4535e+02  1.0894e+01  8.3553e-02  1.0158e+02  5.8210e-01  8.1977e-02  1.1046e-01  1.3820e-01
1999.10519762  2.1035e-01  4.4320e+02  1.1039e+01  8.5201e-02  1.0011e+02  6.0619e-01  8.2581e-02  1.1699e-01  1.1148e-01
1999.10542608  1.6449e-01  4.4227e+02  1.0600e+01  7.7322e-02  1.1919e+02  6.2217e-01  1.0318e-01  1.3511e-01  9.7170e-02
1999.10565458  2.6517e-01  4.4531e+02  1.0403e+01  1.0988e-01  9.8773e+01  5.6680e-01  9.4537e-02  1.0633e-01  1.3502e-01
1999.10588310  3.2559e-01  4.4540e+02  1.0318e+01  1.0656e-01  1.0449e+02  5.9128e-01  1.0169e-01  1.3859e-01  1.1498e-01
1999.10611159  2.5631e-01  4.4304e+02  1.0232e+01  1.0482e-01  1.1367e+02  6.2640e-01  9.3814e-02  1.2883e-01  1.2377e-01
1999.10634005  3.9806e-01  4.4089e+02  9.9675e+00  1.0454e-01  1.0147e+02  5.3917e-01  7.5083e-02  1.0865e-01  1.0536e-01
1999.10656855  4.4498e-01  4.4167e+02  1.0187e+01  1.1369e-01  1.2389e+02  6.4357e-01  9.2305e-02  1.0912e-01  1.2600e-01
1999.10679707  3.4015e-01  4.2949e+02  9.9182e+00  1.0661e-01  1.1654e+02  6.2529e-01  9.2188e-02  1.0707e-01  1.2145e-01
1999.10702556  3.3727e-01  4.1953e+02  1.0102e+01  9.3083e-02  1.2285e+02  6.6998e-01  9.6005e-02  1.1836e-01  1.2843e-01
1999.10725403  3.1212e-01  4.0649e+02  1.0034e+01  1.0766e-01  1.3990e+02  6.2515e-01  9.4373e-02  1.1751e-01  1.3070e-01
1999.10748252  2.7130e-01  3.9413e+02  9.8739e+00  9.7661e-02  1.4858e+02  6.6635e-01  1.0788e-01  1.0884e-01  1.1235e-01
1999.10771104  2.5210e-01  3.8792e+02  1.0285e+01  9.2375e-02  1.4977e+02  6.2291e-01  8.6707e-02  1.4344e-01  1.3667e-01
1999.10793953  2.2547e-01  3.8009e+02  1.0109e+01  9.6295e-02  1.5315e+02  6.5693e-01  1.0845e-01  1.3791e-01  1.1996e-01
1999.10816803  2.1135e-01  3.7669e+02  9.8137e+00  1.0310e-01  1.4554e+02  6.8967e-01  1.0492e-01  1.1500e-01  1.2808e-01
1999.10839649  2.1212e-01  3.6778e+02  1.0042e+01  9.5276e-02  1.6774e+02  7.1138e-01  1.0771e-01  1.1584e-01  1.3675e-01
1999.10862499  2.3732e-01  3.6239e+02  1.0293e+01  8.9384e-02  1.7090e+02  7.1749e-01  1.0399e-01  1.4363e-01  1.2309e-01
1999.10885351  2.4956e-01  3.5337e+02  9.9506e+00  1.2131e-01  1.6810e+02  7.2418e-01  9.0851e-02  1.2842e-01  1.1893e-01
1999.10908200  2.5512e-01  3.4940e+02  9.8495e+00  1.5418e-01  1.6179e+02  7.4797e-01  9.5912e-02  1.6109e-01  1.2462e-01
1999.10931049  2.3929e-01  3.4787e+02  9.7063e+00  1.7188e-01  1.5680e+02  6.8652e-01  9.6494e-02  1.3797e-01  1.2256e-01
1999.10953901  2.6612e-01  3.3563e+02  9.8522e+00  1.9882e-01  1.3285e+02  6.7394e-01  1.0961e-01  1.2388e-01  1.3968e-01
1999.10976748  2.6076e-01  3.3748e+02  1.0075e+01  2.5928e-01  1.4016e+02  6.7779e-01  1.2715e-01  1.4298e-01  1.4755e-01
1999.10999597  2.3468e-01  3.4824e+02  9.8387e+00  2.3560e-01  1.1865e+02  5.6493e-01  9.7268e-02  1.5405e-01  1.5965e-01
1999.11022447  3.6797e-01  3.4710e+02  9.8610e+00  2.0862e-01  1.0564e+02  5.2354e-01  9.3622e-02  1.2643e-01  1.5613e-01
1999.11045299  4.1124e-01  3.4606e+02  9.7942e+00  1.7706e-01  1.1087e+02  5.4154e-01  1.1031e-01  1.2028e-01  1.5961e-01
1999.11068148  3.6658e-01  3.4512e+02  9.7614e+00  1.9806e-01  1.0928e+02  4.8834e-01  9.8851e-02  1.1903e-01  1.6276e-01
1999.11090997  4.6527e-01  3.4488e+02  9.6419e+00  1.8838e-01  1.1852e+02  6.1704e-01  1.1804e-01  1.5649e-01  1.5767e-01
1999.11113847  3.2043e-01  3.3805e+02  9.6199e+00  1.6792e-01  1.0235e+02  5.1864e-01  1.0787e-01  1.4649e-01  1.5512e-01
1999.11136699  1.8304e-01  3.4049e+02  9.3701e+00  2.5164e-01  8.0658e+01  4.4745e-01  1.5784e-01  2.1744e-01  1.9852e-01
1999.11159545  2.6308e-01  3.4263e+02  9.4210e+00  2.1047e-01  6.7740e+01  3.5505e-01  1.3104e-01  1.7594e-01  1.6071e-01
1999.11182395  5.1208e-01  3.4412e+02  9.3907e+00  2.7733e-01  9.4599e+01  3.9901e-01  1.2766e-01  1.5041e-01  1.8701e-01
1999.11205244  4.7315e-01  3.4547e+02  9.4904e+00  2.5103e-01  9.9623e+01  5.5680e-01  1.3497e-01  1.5083e-01  1.9677e-01
1999.11228096  1.7926e-01  3.4060e+02  9.6129e+00  1.7204e-01  1.2729e+02  8.0871e-01  1.3549e-01  2.0482e-01  1.9820e-01
1999.11250945  2.7006e-01  3.6932e+02  1.0026e+01  1.4552e-01  1.1824e+02  6.3030e-01  1.3663e-01  2.2142e-01  1.8918e-01
1999.11273795  1.8394e-01  3.6566e+02  1.0313e+01  1.1791e-01  1.2096e+02  6.1893e-01  1.0922e-01  2.5070e-01  1.8314e-01
1999.11296644  2.0700e-01  3.6511e+02  1.0686e+01  9.9393e-02  1.0656e+02  5.0363e-01  1.2253e-01  2.0911e-01  1.6731e-01
1999.11319496  4.4282e-01  3.9490e+02  1.0069e+01  1.3101e-01  1.0476e+02  5.6680e-01  1.2757e-01  1.9118e-01  1.6876e-01
1999.11342345  6.7280e-01  3.9925e+02  1.0064e+01  1.6475e-01  5.0762e+01  4.3244e-01  1.4529e-01  1.4403e-01  1.8125e-01
1999.11365195  7.2570e-01  3.9380e+02  1.0438e+01  2.0600e-01  7.2589e+01  4.2830e-01  1.2530e-01  1.3825e-01  1.9237e-01
1999.11388047  1.2769e+00  4.2634e+02  1.0446e+01  1.2245e-01  1.0141e+02  5.9657e-01  1.1538e-01  1.4091e-01  1.4226e-01
1999.11410896  1.2886e+00  4.5427e+02  1.0598e+01  1.7168e-01  8.9135e+01  4.5483e-01  1.1168e-01  1.3310e-01  1.4450e-01
1999.11433745  4.5809e-01  4.4930e+02  1.0837e+01  2.4357e-01  4.4750e+01  2.6247e-01  1.3138e-01  1.3986e-01  1.8595e-01
1999.11456595  5.7131e-01  4.2270e+02  1.1198e+01  1.9501e-01  7.2690e+01  3.4319e-01  1.3035e-01  1.2915e-01  1.6680e-01
1999.11479447  1.2709e+00  4.3123e+02  1.0919e+01  1.2356e-01  1.0273e+02  5.5225e-01  1.0880e-01  1.3839e-01  1.5033e-01
1999.11502296  6.3808e-01  4.9212e+02  9.9261e+00  1.1854e-01  1.1938e+02  6.6843e-01  9.7375e-02  1.0908e-01  1.4107e-01
1999.11525145  6.0519e-01  5.0156e+02  9.8738e+00  1.2553e-01  1.0579e+02  6.6720e-01  8.5416e-02  1.0939e-01  1.3074e-01
1999.11547997  5.4339e-01  5.0253e+02  1.0385e+01  1.0388e-01  1.0187e+02  6.2758e-01  8.8660e-02  1.1879e-01  1.2144e-01
1999.11570847  3.9786e-01  5.0823e+02  1.0576e+01  8.4902e-02  1.1243e+02  6.4769e-01  1.0388e-01  1.1470e-01  1.1738e-01
1999.11593696  2.2024e-01  5.5432e+02  1.0315e+01  6.9851e-02  1.1363e+02  6.5402e-01  9.6795e-02  1.0438e-01  1.2564e-01
1999.11616545  2.9289e-01  5.5461e+02  1.0049e+01  9.3647e-02  1.3670e+02  6.6428e-01  1.0373e-01  9.8090e-02  1.3530e-01
1999.11639397  3.2888e-01  5.5060e+02  1.0074e+01  9.9334e-02  1.1673e+02  6.2636e-01  1.0268e-01  1.2924e-01  1.3063e-01
1999.11662247  3.2339e-01  5.4466e+02  1.0208e+01  7.7616e-02  1.1972e+02  6.5516e-01  9.5461e-02  1.2130e-01  1.3281e-01
1999.11685096  3.1022e-01  5.4634e+02  1.0072e+01  9.5446e-02  1.2205e+02  6.6758e-01  9.4093e-02  1.2830e-01  1.2822e-01
1999.11707937  2.1469e-01  5.4664e+02  9.8579e+00  9.6390e-02  1.1126e+02  6.3319e-01  1.1893e-01  1.3269e-01  1.0937e-01
1999.11730781  1.7042e-01  5.4061e+02  1.0192e+01  8.1489e-02  1.1124e+02  6.5945e-01  9.9482e-02  1.2272e-01  1.2366e-01
1999.11753627  1.4701e-01  5.3834e+02  1.0059e+01  8.0206e-02  1.0293e+02  6.6001e-01  9.5761e-02  1.0986e-01  1.2846e-01
1999.11776471  1.5228e-01  5.3679e+02  1.0090e+01  9.2519e-02  8.9665e+01  6.3035e-01  1.1209e-01  1.0904e-01  1.2333e-01
1999.11799318  1.0360e-01  5.2877e+02  9.7818e+00  1.0174e-01  8.1185e+01  5.6423e-01  9.0034e-02  1.3129e-01  1.3580e-01
1999.11822162  8.9871e-02  5.2243e+02  9.7046e+00  8.3258e-02  8.8668e+01  6.3341e-01  9.4179e-02  1.3172e-01  1.4154e-01
1999.11845008  6.0958e-02  5.1175e+02  9.8746e+00  1.4192e-01  9.8917e+01  7.5583e-01  1.2268e-01  1.5981e-01  1.3513e-01
1999.11867852  2.1726e-02  5.0657e+02  9.5889e+00  1.3728e-01  5.9890e+01  7.5079e-01  1.5722e-01  2.1354e-01  1.8731e-01
1999.11890699  1.6941e-02  5.0788e+02  9.5208e+00  1.1124e-01  4.9941e+01  7.5180e-01  1.0290e-01  2.0067e-01  1.8630e-01
1999.11913542  1.3625e-02  5.0299e+02  9.9797e+00  1.5415e-01  4.8514e+01  7.3694e-01  1.1995e-01  2.1072e-01  2.0132e-01
1999.11936389  1.6408e-02  4.9070e+02  9.6641e+00  1.2382e-01  4.2024e+01  6.9225e-01  1.3059e-01  1.7941e-01  1.8521e-01
1999.11959233  1.8299e-02  4.8985e+02  1.0001e+01  1.0804e-01  4.2995e+01  5.5177e-01  1.3153e-01  1.9756e-01  1.4774e-01
1999.11982079  3.9598e-02  4.7938e+02  9.5699e+00  8.2710e-02  1.0012e+02  7.8574e-01  2.1452e-01  2.0479e-01  1.5911e-01
1999.12004929  6.9850e-02  4.6442e+02  1.0316e+01  4.2825e-02  1.2403e+02  7.1674e-01  1.7560e-01  1.4537e-01  9.7096e-02
1999.12027773  7.1477e-02  4.4854e+02  1.0822e+01  4.9222e-02  1.1894e+02  7.0857e-01  1.6563e-01  1.5722e-01  1.3350e-01
1999.12050619  9.7010e-02  4.6499e+02  9.9275e+00  3.4123e-02  1.1784e+02  7.5659e-01  1.4445e-01  1.6308e-01  1.0412e-01
1999.12073463  9.2103e-02  4.4674e+02  9.7591e+00  4.5937e-02  1.2577e+02  8.2849e-01  1.5599e-01  1.4434e-01  9.9504e-02
1999.12096310  8.6849e-02  4.3762e+02  1.0029e+01  4.2120e-02  1.1491e+02  7.3341e-01  1.4274e-01  1.2689e-01  1.4704e-01
1999.12119156  9.7442e-02  4.3487e+02  1.0095e+01  7.6104e-02  1.1628e+02  7.1768e-01  1.4906e-01  1.9729e-01  1.1603e-01
1999.12142000  9.3201e-02  4.3638e+02  9.4840e+00  8.8782e-02  9.0843e+01  6.7554e-01  1.6074e-01  1.8807e-01  1.3923e-01
1999.12164847  9.7719e-02  4.3732e+02  9.8131e+00  9.3258e-02  8.7264e+01  6.7683e-01  1.5149e-01  1.1798e-01  1.4468e-01
1999.12187693  1.3626e-01  4.1024e+02  1.0200e+01  7.6573e-02  9.5831e+01  6.7805e-01  1.3111e-01  1.6113e-01  1.9164e-01
1999.12210537  1.5637e-01  4.3723e+02  9.9203e+00  7.6786e-02  8.7310e+01  6.3989e-01  1.1831e-01  1.6312e-01  1.2303e-01
1999.12233384  1.9885e-01  4.7584e+02  9.9098e+00  1.0412e-01  7.5318e+01  6.0202e-01  1.0709e-01  1.1691e-01  1.2592e-01
1999.12256230  2.1972e-01  4.8262e+02  9.9881e+00  1.1494e-01  7.9036e+01  6.5915e-01  1.0271e-01  1.2022e-01  1.3638e-01
1999.12279074  3.2746e-01  5.2190e+02  1.0579e+01  8.8384e-02  9.3174e+01  6.2721e-01  1.1662e-01  1.1284e-01  1.2972e-01
1999.12301921  3.7122e-01  5.4098e+02  1.0338e+01  1.1749e-01  8.8183e+01  6.2139e-01  1.0024e-01  1.2749e-01  1.3305e-01
1999.12324764  3.6866e-01  5.4457e+02  1.0219e+01  1.2205e-01  7.9923e+01  6.3183e-01  1.0462e-01  1.3164e-01  1.1564e-01
1999.12347611  4.2591e-01  5.6657e+02  1.0340e+01  1.0380e-01  8.6096e+01  6.4500e-01  9.1495e-02  1.1376e-01  1.4013e-01
1999.12370460  3.5595e-01  5.7694e+02  1.0268e+01  1.1902e-01  8.7261e+01  6.0763e-01  9.1724e-02  1.0350e-01  1.2458e-01
1999.12393307  3.0938e-01  5.9239e+02  1.0528e+01  1.0205e-01  8.8005e+01  6.4707e-01  9.0629e-02  1.1560e-01  1.2302e-01
1999.12416151  3.0345e-01  5.9267e+02  1.0444e+01  1.0341e-01  9.7425e+01  6.6095e-01  9.5665e-02  1.1530e-01  1.2315e-01
1999.12438997  2.4348e-01  6.1474e+02  1.0158e+01  9.1890e-02  9.5218e+01  6.8348e-01  9.1285e-02  1.0670e-01  1.1732e-01
1999.12461844  2.2289e-01  6.2027e+02  1.0251e+01  7.8611e-02  9.4325e+01  6.4579e-01  9.0219e-02  9.6147e-02  1.0780e-01
1999.12484688  2.3728e-01  6.2441e+02  1.0382e+01  6.7593e-02  9.5355e+01  6.5857e-01  1.0715e-01  1.0173e-01  9.9730e-02
1999.12507534  2.2292e-01  6.4008e+02  1.0887e+01  7.3928e-02  8.7311e+01  6.7057e-01  1.0301e-01  1.1009e-01  1.0642e-01
1999.12530381  1.4087e-01  6.4718e+02  1.0638e+01  8.1427e-02  9.3078e+01  6.6473e-01  1.2213e-01  9.5769e-02  9.5411e-02
1999.12553227  1.1524e-01  6.3775e+02  1.0889e+01  7.6340e-02  8.4465e+01  2.7571e+00  1.5014e-01  9.6041e-02  1.0919e-01
1999.12576071  1.1173e-01  6.3927e+02  1.0550e+01  8.2658e-02  8.0410e+01  5.6958e-01  1.5268e-01  1.2480e-01  8.6569e-02
1999.12598918  9.5921e-02  6.2440e+02  1.0473e+01  9.9955e-02  8.8078e+01  6.2392e-01  1.3232e-01  1.3091e-01  1.2915e-01
1999.12621764  9.1929e-02  5.8878e+02  1.0519e+01  1.0340e-01  7.8385e+01  5.4599e-01  1.1812e-01  1.4082e-01  1.3129e-01
1999.12644614  1.1575e-01  5.7286e+02  1.0049e+01  8.8047e-02  9.4015e+01  6.3407e-01  1.1546e-01  1.2372e-01  1.2563e-01
1999.12667460  1.1552e-01  5.5961e+02  1.0079e+01  1.2600e-01  9.0710e+01  5.9785e-01  1.2768e-01  1.1421e-01  1.3221e-01
1999.12690304  7.2088e-02  5.7501e+02  1.0265e+01  1.1038e-01  9.5975e+01  6.4242e-01  1.4135e-01  1.5773e-01  1.2970e-01
1999.12713151  4.9371e-02  5.4074e+02  1.0595e+01  8.7655e-02  9.8703e+01  6.6527e-01  1.3329e-01  1.3478e-01  1.1356e-01
1999.12735997  4.6752e-02  5.1162e+02  1.0562e+01  1.0984e-01  1.0924e+02  7.0175e-01  1.2585e-01  2.1627e-01  1.5584e-01
1999.12758844  4.2555e-02  4.9118e+02  1.0382e+01  1.0285e-01  1.0537e+02  5.7774e-01  1.1160e-01  1.4481e-01  1.5699e-01
1999.12781690  5.2634e-02  4.7014e+02  1.0112e+01  1.1727e-01  1.1906e+02  6.5606e-01  1.1414e-01  1.5490e-01  1.3997e-01
1999.12804537  6.0951e-02  4.6560e+02  1.0722e+01  1.0180e-01  1.1751e+02  6.0463e-01  1.4092e-01  1.7542e-01  1.4715e-01
1999.12827381  7.3125e-02  4.7045e+02  1.1140e+01  1.4607e-01  1.0082e+02  5.2103e-01  1.2664e-01  1.7675e-01  1.5165e-01
1999.12850227  1.3921e-01  4.6259e+02  1.1683e+01  1.8982e-01  1.1381e+02  5.0967e-01  1.2997e-01  1.6339e-01  1.9427e-01
1999.12873074  2.5192e-01  4.5819e+02  1.1961e+01  2.0625e-01  1.2073e+02  4.7156e-01  1.3814e-01  2.0482e-01  1.8273e-01
1999.12895923  3.4473e-01  4.4945e+02  1.2369e+01  1.8769e-01  9.8673e+01  4.6104e-01  1.4580e-01  1.8958e-01  1.5938e-01
1999.12918770  3.2618e-01  4.4963e+02  1.2128e+01  1.8988e-01  1.0446e+02  4.7536e-01  1.3930e-01  1.8441e-01  1.8231e-01
1999.12941616  4.3497e-01  4.8427e+02  1.1836e+01  2.9187e-01  9.1973e+01  3.9045e-01  1.5138e-01  1.8998e-01  2.2422e-01
1999.12964463  5.3797e-01  4.8501e+02  1.1697e+01  2.5647e-01  9.5959e+01  4.3014e-01  1.5448e-01  1.9700e-01  2.1078e-01
1999.12987307  3.3693e-01  4.8589e+02  1.1204e+01  8.0794e-02  1.5297e+02  7.8511e-01  1.3956e-01  1.9512e-01  1.7186e-01
1999.13010153  9.0972e-02  5.2080e+02  9.9105e+00  1.1654e-01  1.0792e+02  6.6925e-01  1.5191e-01  2.1909e-01  1.9948e-01
1999.13033000  9.8136e-02  4.9447e+02  9.9966e+00  1.4880e-01  1.3301e+02  6.0082e-01  1.3813e-01  2.1566e-01  2.3246e-01
1999.13055847  1.1016e-01  4.6784e+02  1.0436e+01  1.5172e-01  1.2364e+02  6.5937e-01  1.5557e-01  2.3599e-01  2.1286e-01
1999.13078693  1.3858e-01  4.2671e+02  1.1980e+01  7.2071e-02  2.0292e+02  8.4141e-01  2.0157e-01  2.6267e-01  1.8257e-01
1999.13101542  1.2939e-01  4.0906e+02  1.2841e+01  7.4325e-02  1.9283e+02  7.4193e-01  2.3680e-01  2.1911e-01  2.0878e-01
1999.13124389  1.5577e-01  3.9990e+02  1.3119e+01  8.9807e-02  2.4833e+02  8.2048e-01  2.1741e-01  2.6193e-01  1.7883e-01
1999.13147236  1.9431e-01  4.0837e+02  1.2616e+01  9.5613e-02  2.1805e+02  7.5042e-01  1.9454e-01  2.5907e-01  1.9305e-01
1999.13170082  4.6738e-01  6.5811e+02  1.2303e+01  1.5342e-01  1.6749e+02  7.0307e-01  2.1037e-01  2.1943e-01  2.0945e-01
1999.13192929  6.1589e-01  6.1593e+02  1.2546e+01  1.0437e-01  2.5756e+02  7.5689e-01  2.3604e-01  2.2287e-01  1.5365e-01
1999.13215775  4.4486e-01  6.3131e+02  1.2047e+01  1.2731e-01  2.0658e+02  7.3912e-01  2.3026e-01  2.5867e-01  1.9279e-01
1999.13238622  2.2964e-01  6.4810e+02  1.2456e+01  1.5573e-01  2.2207e+02  7.2055e-01  2.3697e-01  2.6789e-01  1.7513e-01
1999.13261468  6.1355e-01  6.1675e+02  1.0922e+01  3.1280e-01  1.6330e+02  8.8808e-01  2.1047e-01  1.8883e-01  1.8038e-01
1999.13284315  2.5372e-01  6.3514e+02  1.6460e+01  5.8493e-01  1.1089e+02  3.2434e-01  4.8059e-01  6.2802e-01  4.5259e-01
1999.13307164  1.1571e-01  6.6269e+02  1.5971e+01  3.5294e-01  5.2383e+01  4.1255e-01  6.4154e-01  6.5159e-01  4.2361e-01
1999.13330011  4.2795e-02  6.6404e+02  1.5844e+01  3.3406e-01  3.1944e+01  1.2047e-01  3.8986e-01  3.7713e-01  3.2111e-01
1999.13352858  4.6918e-02  6.3247e+02  1.5997e+01  4.2918e-01  4.7844e+01  1.8474e-01  5.1042e-01  4.4036e-01  3.4854e-01
1999.13375704  1.0640e-01  6.1679e+02  1.5761e+01  2.9009e-01  1.7696e+02  3.2811e-01  4.2619e-01  4.0157e-01  2.8998e-01
1999.13398551  8.2490e-02  6.0207e+02  1.4690e+01  1.5080e-01  2.2921e+02  4.4988e-01  3.1253e-01  2.9733e-01  1.9682e-01
1999.13421397  1.0986e-01  5.8990e+02  1.5358e+01  8.7327e-02  2.3711e+02  5.9883e-01  2.8007e-01  2.1425e-01  1.7791e-01
1999.13444244  1.7762e-01  5.7754e+02  1.5016e+01  5.1501e-02  3.0130e+02  8.2373e-01  2.2791e-01  1.6355e-01  1.4302e-01
1999.13467090  1.9870e-01  5.6359e+02  1.5369e+01  4.5771e-02  2.8144e+02  8.2899e-01  2.4437e-01  1.4823e-01  1.3493e-01
1999.13489940  1.7595e-01  5.3328e+02  1.5537e+01  7.2985e-02  3.0776e+02  8.5320e-01  2.9809e-01  2.2476e-01  1.3846e-01
1999.13512786  3.8112e-01  5.5000e+02  1.5342e+01  8.2823e-02  2.8397e+02  9.1487e-01  2.4745e-01  2.7601e-01  1.8787e-01
1999.13535633  2.3588e-01  5.4974e+02  1.4673e+01  8.2179e-02  2.3989e+02  9.1200e-01  1.9670e-01  2.0449e-01  1.2824e-01
1999.13558482  1.2056e-01  5.2801e+02  1.1967e+01  2.1015e-01  3.7026e+01  2.3222e-01  2.1086e-01  2.5286e-01  2.1870e-01
1999.13581329  2.1716e-01  5.0992e+02  1.1872e+01  2.5543e-01  1.1872e+02  3.8396e-01  1.5687e-01  2.3208e-01  2.0300e-01
1999.13604175  1.2076e-01  5.2170e+02  1.2490e+01  1.4379e-01  1.6628e+02  6.0339e-01  2.1258e-01  2.7264e-01  2.0100e-01
1999.13627022  8.9860e-02  5.2980e+02  1.3413e+01  1.0253e-01  1.8244e+02  7.4387e-01  2.1384e-01  2.7384e-01  1.9410e-01
1999.13649871  1.5045e-01  5.3602e+02  1.2046e+01  1.0112e-01  1.3922e+02  7.8518e-01  1.7321e-01  2.2587e-01  1.6982e-01
1999.13672718  6.9958e-02  5.1577e+02  1.1849e+01  9.4817e-02  1.4291e+02  7.1011e-01  1.6188e-01  3.2185e-01  1.7147e-01
1999.13695564  3.9296e-02  4.8098e+02  1.2904e+01  8.2917e-02  1.5340e+02  7.6797e-01  1.8383e-01  2.0918e-01  2.1252e-01
1999.13718414  6.6100e-02  4.6033e+02  1.1364e+01  1.0804e-01  1.7452e+02  8.8587e-01  1.8445e-01  2.2777e-01  2.3055e-01
1999.13741260  6.6072e-02  4.3885e+02  1.1243e+01  7.9120e-02  1.5181e+02  7.6064e-01  1.6214e-01  2.5949e-01  1.7432e-01
1999.13764107  6.8183e-02  4.3165e+02  1.0866e+01  1.0052e-01  1.8066e+02  7.6194e-01  1.2471e-01  2.2634e-01  1.8833e-01
1999.13786953  7.5583e-02  4.4482e+02  1.0831e+01  1.2560e-01  2.1804e+02  8.5243e-01  1.3859e-01  2.0624e-01  1.4775e-01
1999.13809803  6.5242e-02  4.3156e+02  1.0379e+01  2.0644e-01  1.9179e+02  5.9042e-01  1.5926e-01  2.2862e-01  1.9680e-01
1999.13832652  5.5223e-02  4.1108e+02  1.0669e+01  1.5953e-01  2.0151e+02  8.7751e-01  1.2159e-01  2.5929e-01  2.0159e-01
1999.13855499  7.8644e-02  3.9552e+02  1.0564e+01  1.2496e-01  1.4120e+02  5.4473e-01  1.4406e-01  1.5465e-01  1.6778e-01
1999.13878345  1.0709e-01  4.3613e+02  1.0073e+01  2.4533e-01  1.6371e+02  6.2808e-01  1.1820e-01  2.2782e-01  2.2751e-01
1999.13901192  1.3055e-01  4.5031e+02  1.0212e+01  2.6739e-01  1.3022e+02  6.4915e-01  1.0090e-01  2.4875e-01  2.2792e-01
1999.13924041  1.5648e-01  4.3270e+02  9.6929e+00  2.1117e-01  1.3063e+02  6.5688e-01  1.0520e-01  2.2378e-01  2.3918e-01
1999.13946890  1.9099e-01  4.1746e+02  9.2106e+00  1.8971e-01  1.4609e+02  6.2521e-01  1.3741e-01  2.0090e-01  2.2847e-01
1999.13969737  1.3378e-01  4.1031e+02  9.5742e+00  1.5880e-01  1.6156e+02  7.1776e-01  1.2570e-01  1.8097e-01  2.3812e-01
1999.13992586  1.3087e-01  3.9916e+02  9.3101e+00  2.1611e-01  1.4404e+02  6.4239e-01  1.1559e-01  2.1795e-01  2.3461e-01
1999.14015433  1.3051e-01  3.9000e+02  9.2009e+00  2.6506e-01  1.5189e+02  6.3982e-01  1.5366e-01  2.0770e-01  2.4980e-01
1999.14038279  9.7726e-02  3.8145e+02  9.2516e+00  2.1210e-01  1.6084e+02  6.1318e-01  8.9503e-02  2.3162e-01  2.0151e-01
1999.14061129  9.5547e-02  3.7388e+02  9.3285e+00  2.2459e-01  1.8147e+02  6.8867e-01  1.3437e-01  1.9234e-01  2.2759e-01
1999.14083978  1.0055e-01  3.7275e+02  9.1325e+00  2.2038e-01  1.8105e+02  8.0763e-01  1.3059e-01  1.7870e-01  1.8776e-01
1999.14106825  8.8507e-02  3.8089e+02  9.0013e+00  1.4600e-01  1.7312e+02  7.5476e-01  8.3233e-02  1.8690e-01  1.9001e-01
1999.14129674  1.2006e-01  4.0696e+02  8.6073e+00  3.8083e-01  1.0502e+02  6.5445e-01  1.0340e-01  1.8747e-01  1.9839e-01
1999.14152521  1.0604e-01  4.0727e+02  8.5247e+00  3.7662e-01  8.8131e+01  5.6147e-01  1.0232e-01  1.5528e-01  2.6170e-01
1999.14175367  1.1450e-01  4.0450e+02  8.4017e+00  3.5590e-01  8.8861e+01  5.3715e-01  7.9084e-02  1.6926e-01  2.1920e-01
1999.14198219  1.0512e-01  4.0290e+02  8.3826e+00  3.9178e-01  8.7607e+01  5.6030e-01  1.0670e-01  1.6004e-01  2.4609e-01
1999.14221066  3.0992e-01  4.0036e+02  9.2370e+00  2.2491e-01  3.1044e+01  3.9394e-01  1.3040e-01  1.7061e-01  2.0542e-01
1999.14243912  2.2418e-01  4.0475e+02  9.4075e+00  2.1652e-01  4.7425e+01  4.7757e-01  1.3814e-01  1.8538e-01  2.2783e-01
1999.14266762  2.4863e-01  4.0672e+02  1.0284e+01  1.0030e-01  1.3223e+02  5.4948e-01  1.6362e-01  2.1472e-01  1.6939e-01
1999.14289608  3.1562e-01  3.9426e+02  9.5459e+00  1.0069e-01  1.8169e+02  6.5058e-01  1.5153e-01  1.8420e-01  1.6330e-01
1999.14312458  1.2746e-01  3.9975e+02  8.8360e+00  1.8877e-01  1.1128e+02  6.7617e-01  1.0913e-01  1.5139e-01  2.0097e-01
1999.14335307  1.6564e-01  4.2214e+02  9.3110e+00  8.7230e-02  1.2856e+02  6.8355e-01  9.9924e-02  1.4792e-01  1.5343e-01
1999.14358153  1.5868e-01  4.1367e+02  9.9708e+00  8.2116e-02  1.7896e+02  8.0530e-01  1.2515e-01  1.6059e-01  1.5587e-01
1999.14381003  2.0057e-01  4.0377e+02  9.9016e+00  1.0083e-01  1.4058e+02  6.2823e-01  1.2528e-01  1.8648e-01  1.5752e-01
1999.14403849  2.8003e-01  4.0057e+02  1.0080e+01  1.3577e-01  1.4496e+02  5.8891e-01  1.6748e-01  2.0476e-01  1.9373e-01
1999.14426699  3.2229e-01  3.9883e+02  9.8090e+00  1.2352e-01  1.5529e+02  7.6207e-01  1.6140e-01  2.1821e-01  1.7680e-01
1999.14449545  2.5130e-01  3.9520e+02  9.7807e+00  9.8237e-02  1.3898e+02  6.5205e-01  1.3699e-01  2.3341e-01  1.5442e-01
1999.14472397  1.8724e-01  3.9246e+02  9.7394e+00  1.1643e-01  1.4082e+02  6.5286e-01  1.0686e-01  1.9951e-01  1.6899e-01
1999.14495244  1.7882e-01  3.8067e+02  9.4903e+00  7.8729e-02  1.4584e+02  7.6904e-01  1.6847e-01  2.0149e-01  1.8591e-01
1999.14518093  2.5479e-01  3.9588e+02  1.0143e+01  7.4697e-02  1.3987e+02  7.0983e-01  1.2680e-01  1.9548e-01  1.5469e-01
1999.14540940  2.6278e-01  3.9548e+02  9.9145e+00  6.4365e-02  1.2218e+02  6.2511e-01  1.2032e-01  1.9446e-01  1.4030e-01
1999.14563792  2.0729e-01  3.8283e+02  1.0081e+01  7.7227e-02  1.5484e+02  7.9574e-01  1.4982e-01  2.0692e-01  1.4471e-01
1999.14586638  3.0877e-01  3.9822e+02  9.4496e+00  9.7373e-02  1.4836e+02  6.7713e-01  1.5341e-01  1.7379e-01  1.7698e-01
1999.14609488  2.4559e-01  4.0326e+02  9.4183e+00  1.2043e-01  1.3123e+02  8.1111e-01  1.3076e-01  1.6698e-01  1.7224e-01
1999.14632334  1.9038e-01  4.1248e+02  9.5893e+00  7.2021e-02  1.3287e+02  7.8140e-01  1.1862e-01  1.5636e-01  1.5113e-01
1999.14655184  1.2640e-01  4.2246e+02  9.5689e+00  8.6319e-02  1.4382e+02  7.2930e-01  1.5235e-01  1.7272e-01  1.6471e-01
1999.14678036  1.3326e-01  4.3483e+02  9.7091e+00  7.6596e-02  1.4200e+02  7.4991e-01  1.3643e-01  1.8251e-01  1.0949e-01
1999.14700882  1.4470e-01  4.2777e+02  1.0373e+01  9.5018e-02  1.3526e+02  7.5645e-01  1.2535e-01  1.8434e-01  1.4263e-01
1999.14723732  1.0440e-01  4.1840e+02  1.0209e+01  9.7228e-02  1.2088e+02  6.9001e-01  1.3010e-01  1.4439e-01  1.5152e-01
1999.14746578  1.4694e-01  4.1419e+02  9.8586e+00  1.1560e-01  1.4336e+02  7.6227e-01  1.0128e-01  1.6931e-01  1.7793e-01
1999.14769427  1.4362e-01  3.9627e+02  9.9963e+00  1.1459e-01  1.4065e+02  6.8860e-01  1.2369e-01  1.9272e-01  1.7248e-01
1999.14792279  2.5506e-01  3.7878e+02  1.0124e+01  1.2245e-01  1.5329e+02  6.9181e-01  1.4919e-01  1.7736e-01  1.7850e-01
1999.14815126  4.5721e-01  3.7569e+02  1.0697e+01  1.1384e-01  1.2101e+02  6.4718e-01  1.5086e-01  1.9018e-01  1.7087e-01
1999.14837975  4.3913e-01  3.8122e+02  1.0094e+01  2.7461e-01  1.1803e+02  5.1837e-01  1.6540e-01  1.8850e-01  2.3405e-01
1999.14860822  4.2880e-01  3.7925e+02  1.0126e+01  3.5353e-01  1.0820e+02  3.9957e-01  1.4220e-01  1.9277e-01  2.3582e-01
1999.14883674  3.9736e-01  3.8559e+02  1.0457e+01  2.3855e-01  9.9248e+01  5.3939e-01  1.5619e-01  2.3252e-01  1.9988e-01
1999.14906523  7.5036e-01  3.8971e+02  1.0054e+01  1.5413e-01  1.2465e+02  5.5846e-01  1.3438e-01  1.6566e-01  1.5663e-01
1999.14929370  9.8077e-01  4.1348e+02  1.0542e+01  1.5112e-01  1.2399e+02  4.5563e-01  1.3717e-01  1.3363e-01  1.4047e-01
1999.14952219  1.0138e+00  4.1672e+02  1.0280e+01  1.4107e-01  1.3296e+02  5.2408e-01  1.2169e-01  1.1081e-01  1.7449e-01
1999.14975063  6.4683e-01  4.1221e+02  1.1087e+01  1.0480e-01  9.8166e+01  4.0709e-01  1.5985e-01  1.6792e-01  1.4937e-01
1999.14997904  7.1789e-01  4.0731e+02  1.0667e+01  1.3932e-01  1.2663e+02  5.1342e-01  1.2497e-01  1.2707e-01  1.5581e-01
1999.15020751  5.8966e-01  4.1802e+02  1.0512e+01  1.3067e-01  1.5949e+02  6.8826e-01  1.1980e-01  1.3396e-01  1.3481e-01
1999.15043595  6.2949e-01  4.1654e+02  1.0133e+01  1.1179e-01  1.6585e+02  7.2924e-01  1.0798e-01  1.4369e-01  1.1802e-01
1999.15066438  5.1467e-01  4.1997e+02  1.0442e+01  1.0352e-01  1.3819e+02  6.2626e-01  9.5981e-02  1.5790e-01  1.3926e-01
1999.15089282  5.4900e-01  4.3565e+02  1.0482e+01  1.2958e-01  1.1124e+02  5.6726e-01  8.8059e-02  1.2094e-01  1.4847e-01
1999.15112126  4.5836e-01  4.2700e+02  9.6047e+00  9.4430e-02  1.2635e+02  6.3827e-01  1.2408e-01  1.3033e-01  1.7241e-01
1999.15134970  3.9383e-01  4.1756e+02  9.6846e+00  1.1169e-01  1.2275e+02  6.4664e-01  9.6006e-02  1.5384e-01  1.5717e-01
1999.15157814  3.0364e-01  4.2148e+02  9.8566e+00  8.8117e-02  1.3758e+02  6.6432e-01  1.2034e-01  1.6337e-01  1.4265e-01
1999.15180660  2.4347e-01  4.1775e+02  9.5482e+00  1.0871e-01  1.1681e+02  6.5147e-01  1.0179e-01  1.6217e-01  1.6221e-01
1999.15203504  3.2605e-01  4.0238e+02  9.6396e+00  1.0690e-01  1.1722e+02  6.6587e-01  1.0642e-01  1.3532e-01  1.5905e-01
1999.15226348  2.8240e-01  4.0008e+02  9.5268e+00  1.8617e-01  9.9133e+01  6.1711e-01  8.8874e-02  1.4393e-01  1.5428e-01
1999.15249192  2.9919e-01  4.0898e+02  9.3917e+00  1.7294e-01  1.1131e+02  6.3020e-01  8.7318e-02  1.5922e-01  1.3673e-01
1999.15272036  2.1810e-01  4.1714e+02  8.9850e+00  1.9006e-01  9.5908e+01  6.0896e-01  1.0854e-01  1.6262e-01  1.4986e-01
1999.15294882  2.2512e-01  4.2711e+02  9.4388e+00  1.3683e-01  1.2079e+02  6.4113e-01  1.1956e-01  1.2230e-01  1.7104e-01
1999.15317726  2.1989e-01  4.1515e+02  9.7673e+00  1.2055e-01  1.2109e+02  6.3863e-01  1.1782e-01  1.5206e-01  1.3839e-01
1999.15340570  2.0014e-01  4.0048e+02  9.5727e+00  1.5078e-01  1.4121e+02  6.5830e-01  1.3192e-01  1.2887e-01  1.4283e-01
1999.15363414  2.5221e-01  4.0164e+02  9.8855e+00  1.3350e-01  1.2577e+02  6.6068e-01  1.3242e-01  1.0660e-01  1.9583e-01
1999.15386258  2.9540e-01  3.9669e+02  9.8518e+00  1.3229e-01  1.2186e+02  6.5604e-01  1.3130e-01  1.3286e-01  1.3656e-01
1999.15409104  2.4747e-01  3.9023e+02  9.5044e+00  1.4969e-01  1.1694e+02  6.3043e-01  1.2282e-01  1.6845e-01  1.4180e-01
1999.15431948  2.4355e-01  3.9019e+02  9.7823e+00  1.5137e-01  1.2438e+02  6.4595e-01  1.0378e-01  1.5096e-01  1.5937e-01
1999.15454792  2.2207e-01  3.8536e+02  9.6170e+00  1.8791e-01  1.0374e+02  5.7066e-01  1.0326e-01  1.3673e-01  1.6389e-01
1999.15477636  2.3826e-01  3.7204e+02  9.7187e+00  1.7748e-01  9.7984e+01  5.4219e-01  1.5050e-01  1.6628e-01  1.4485e-01
1999.15500482  2.3611e-01  3.6573e+02  1.0074e+01  1.3027e-01  1.1040e+02  6.2186e-01  1.1306e-01  1.3383e-01  1.5406e-01
1999.15523326  2.3731e-01  3.6187e+02  9.9026e+00  1.6261e-01  1.1613e+02  6.2760e-01  1.2387e-01  1.5949e-01  1.5425e-01
1999.15546170  2.5305e-01  3.5625e+02  1.0022e+01  1.3025e-01  1.0458e+02  6.3694e-01  1.2013e-01  1.3206e-01  1.4301e-01
1999.15569014  1.8750e-01  3.3501e+02  1.0053e+01  1.8077e-01  7.3449e+01  5.2396e-01  1.1213e-01  1.5005e-01  1.7414e-01
1999.15591860  1.7951e-01  3.1925e+02  9.7982e+00  2.6665e-01  7.3926e+01  5.4600e-01  1.1113e-01  1.4127e-01  1.5373e-01
1999.15614704  2.1901e-01  3.2663e+02  9.9275e+00  2.9669e-01  8.1145e+01  5.7874e-01  1.1563e-01  1.9120e-01  1.9307e-01
1999.15637548  2.0489e-01  3.2618e+02  9.8826e+00  1.8454e-01  7.0270e+01  4.3565e-01  1.0035e-01  1.4564e-01  1.5802e-01
1999.15660395  1.8421e-01  3.2931e+02  9.6546e+00  2.0970e-01  6.5251e+01  3.7508e-01  1.0638e-01  1.3584e-01  1.5819e-01
1999.15683238  1.9916e-01  3.3480e+02  9.8233e+00  2.6151e-01  6.3062e+01  3.9618e-01  1.1542e-01  1.3719e-01  1.9862e-01
1999.15706082  2.0499e-01  3.4924e+02  9.6977e+00  2.4841e-01  1.1045e+02  6.0776e-01  1.1373e-01  1.7788e-01  1.8332e-01
1999.15728926  1.9386e-01  3.5433e+02  9.9563e+00  2.0900e-01  1.0778e+02  6.8550e-01  1.2000e-01  1.8180e-01  1.8281e-01
1999.15751773  1.9179e-01  3.5697e+02  9.5942e+00  1.7285e-01  9.5627e+01  5.9410e-01  1.1815e-01  1.5110e-01  1.7664e-01
1999.15774616  2.3695e-01  3.7371e+02  9.7897e+00  1.5572e-01  9.8557e+01  5.8763e-01  1.0635e-01  1.5290e-01  1.5813e-01
1999.15797463  2.5277e-01  3.8078e+02  9.6221e+00  1.7797e-01  1.2423e+02  6.3287e-01  1.0389e-01  1.7094e-01  1.7745e-01
1999.15820307  2.2138e-01  3.7642e+02  9.7351e+00  1.9984e-01  1.1988e+02  6.3429e-01  1.0094e-01  1.9167e-01  1.6585e-01
1999.15843151  1.4027e-01  3.6741e+02  9.6673e+00  2.0235e-01  1.0766e+02  7.0024e-01  9.7607e-02  2.1123e-01  1.8775e-01
1999.15865997  1.2647e-01  3.5229e+02  1.0013e+01  1.6692e-01  1.1775e+02  6.4950e-01  1.2816e-01  1.9929e-01  1.7402e-01
1999.15888841  1.3948e-01  3.4233e+02  9.8178e+00  1.5559e-01  1.0439e+02  6.4049e-01  1.3281e-01  1.6153e-01  1.8006e-01
1999.15911685  1.6803e-01  3.4023e+02  9.1501e+00  2.3017e-01  1.0010e+02  6.0955e-01  1.0173e-01  1.5967e-01  2.0035e-01
1999.15934532  2.2232e-01  3.5851e+02  9.2111e+00  2.3515e-01  9.5360e+01  5.8541e-01  1.0640e-01  1.7324e-01  2.1947e-01
1999.15957375  3.3447e-01  3.6312e+02  9.4510e+00  1.8684e-01  1.0223e+02  7.4569e-01  1.0913e-01  1.7720e-01  1.9791e-01
1999.15980222  2.9452e-01  3.5433e+02  9.3512e+00  2.6447e-01  9.0821e+01  5.6738e-01  9.4482e-02  1.5187e-01  2.1362e-01
1999.16003066  2.2285e-01  3.4652e+02  9.3383e+00  1.4277e-01  5.1050e+01  4.2801e-01  1.1262e-01  1.7741e-01  1.5814e-01
1999.16025912  3.7251e-01  3.4851e+02  9.7587e+00  1.8826e-01  7.5130e+01  6.1647e-01  1.3389e-01  2.2397e-01  2.1746e-01
1999.16048756  5.1619e-01  3.5915e+02  9.9331e+00  1.9337e-01  7.1977e+01  6.1055e-01  1.1569e-01  1.8956e-01  2.4039e-01
1999.16071600  3.5926e-01  3.6134e+02  9.9620e+00  1.2650e-01  9.3785e+01  5.5553e-01  1.0866e-01  1.7152e-01  1.8314e-01
1999.16094447  1.7476e-01  3.6404e+02  1.0378e+01  7.9152e-02  7.5076e+01  4.4343e-01  1.2283e-01  1.9817e-01  1.4127e-01
1999.16117290  2.5612e-01  3.7800e+02  8.9742e+00  1.6518e-01  6.9875e+01  5.0711e-01  1.0596e-01  1.9148e-01  2.3227e-01
1999.16140137  4.5027e-01  3.8456e+02  9.4437e+00  1.9688e-01  8.3265e+01  5.3802e-01  1.1494e-01  1.5501e-01  1.6929e-01
1999.16162981  4.7322e-01  3.8042e+02  9.9868e+00  2.4769e-01  5.7126e+01  3.4452e-01  1.0127e-01  1.4238e-01  1.7325e-01
1999.16185830  4.3633e-01  3.7073e+02  1.0040e+01  1.2220e-01  7.5408e+01  5.6425e-01  1.1659e-01  1.6917e-01  1.5110e-01
1999.16208674  2.0800e-01  3.7995e+02  9.6784e+00  2.3214e-01  3.6467e+01  3.5863e-01  1.3604e-01  1.7202e-01  1.9664e-01
1999.16231521  3.3659e-01  3.8785e+02  9.1346e+00  3.0702e-01  2.2245e+01  3.4439e-01  1.1263e-01  1.6141e-01  2.1662e-01
1999.16254364  2.9388e-01  3.7990e+02  8.8148e+00  3.3147e-01  1.7247e+01  3.7201e-01  1.3365e-01  1.8862e-01  2.4337e-01
1999.16277211  3.0610e-01  3.8297e+02  8.8846e+00  4.4638e-01  2.4771e+01  3.2408e-01  1.3173e-01  1.8846e-01  2.4319e-01
1999.16300058  5.9860e-01  3.9998e+02  9.5855e+00  2.5889e-01  5.7712e+01  4.0909e-01  1.2637e-01  1.2942e-01  1.8659e-01
1999.16322901  6.8689e-01  4.2887e+02  1.0137e+01  1.2691e-01  1.1304e+02  6.1850e-01  1.1845e-01  1.2468e-01  1.3675e-01
1999.16345748  7.3412e-01  4.6462e+02  1.0060e+01  1.3309e-01  9.6048e+01  6.0031e-01  1.2550e-01  1.2120e-01  1.4623e-01
1999.16368592  6.3050e-01  5.0462e+02  1.0164e+01  8.0400e-02  1.0343e+02  6.0841e-01  9.7685e-02  1.1241e-01  1.2851e-01
1999.16391438  4.9198e-01  5.7085e+02  9.9366e+00  9.7826e-02  9.9723e+01  6.5930e-01  1.0297e-01  9.6211e-02  1.3226e-01
1999.16414282  5.7665e-01  5.6304e+02  1.0094e+01  1.0966e-01  9.3594e+01  6.2239e-01  1.1314e-01  9.4049e-02  1.2713e-01
1999.16437129  4.0267e-01  5.4966e+02  1.0075e+01  9.5664e-02  9.7627e+01  6.0558e-01  1.1229e-01  1.0021e-01  1.3332e-01
1999.16459975  3.0182e-01  5.4416e+02  1.0054e+01  9.4412e-02  9.6254e+01  6.4340e-01  1.2964e-01  1.3255e-01  1.4141e-01
1999.16482819  1.4621e-01  5.4267e+02  9.8562e+00  7.4702e-02  8.2814e+01  6.4986e-01  1.3912e-01  1.1880e-01  1.2897e-01
1999.16505666  1.7619e-01  5.3905e+02  1.0060e+01  8.1944e-02  8.1264e+01  6.5480e-01  1.1012e-01  1.1822e-01  1.3255e-01
1999.16528512  2.1224e-01  5.6800e+02  1.0013e+01  1.0094e-01  8.4377e+01  6.3090e-01  1.1165e-01  1.3722e-01  1.2581e-01
1999.16551356  2.2116e-01  5.7068e+02  9.9851e+00  8.5114e-02  8.5613e+01  6.4086e-01  1.2911e-01  1.0818e-01  1.2786e-01
1999.16574203  1.7000e-01  5.5947e+02  9.8646e+00  1.0701e-01  8.7055e+01  6.5964e-01  1.0846e-01  1.0719e-01  1.4703e-01
1999.16597052  2.4069e-01  5.2375e+02  1.0123e+01  8.7809e-02  9.4427e+01  6.4138e-01  1.0687e-01  1.3265e-01  1.1534e-01
1999.16619896  2.8299e-01  4.9630e+02  1.0097e+01  1.1637e-01  9.7941e+01  6.6571e-01  1.2347e-01  1.2627e-01  1.4620e-01
1999.16642742  2.1392e-01  4.9737e+02  1.0311e+01  1.2966e-01  9.2982e+01  6.2759e-01  9.0795e-02  1.2300e-01  1.3890e-01
1999.16665589  3.0438e-01  4.9684e+02  1.0129e+01  1.4327e-01  9.9021e+01  6.0602e-01  1.1906e-01  1.2645e-01  1.3949e-01
1999.16688433  3.0553e-01  4.9478e+02  1.0091e+01  1.3815e-01  8.9313e+01  6.0678e-01  1.0355e-01  1.0788e-01  1.3811e-01
1999.16711279  2.9579e-01  4.9207e+02  1.0180e+01  1.2635e-01  8.5266e+01  5.7806e-01  9.2643e-02  1.2109e-01  1.3313e-01
1999.16734126  2.5738e-01  4.8760e+02  1.0017e+01  1.3883e-01  9.1281e+01  5.8885e-01  9.7687e-02  1.1787e-01  1.5842e-01
1999.16756973  2.1922e-01  4.8477e+02  1.0157e+01  1.3713e-01  9.2408e+01  5.8126e-01  1.0600e-01  1.3793e-01  1.2439e-01
1999.16779816  1.8116e-01  4.6486e+02  9.8526e+00  1.1631e-01  1.0394e+02  5.7400e-01  1.0573e-01  1.2486e-01  1.4536e-01
1999.16802663  1.8426e-01  4.5150e+02  9.3184e+00  1.5834e-01  1.0943e+02  6.4690e-01  9.9581e-02  1.4882e-01  1.6615e-01
1999.16825510  1.9863e-01  4.5120e+02  9.3360e+00  1.2460e-01  1.0395e+02  5.9739e-01  9.4291e-02  1.6162e-01  1.8325e-01
1999.16848356  1.2137e-01  4.6647e+02  9.3003e+00  1.6687e-01  1.0994e+02  6.3350e-01  9.6500e-02  1.4906e-01  2.0559e-01
1999.16871200  1.5589e-01  4.8215e+02  9.1071e+00  1.5525e-01  1.0100e+02  6.0217e-01  8.8698e-02  1.7209e-01  2.2526e-01
1999.16894049  1.5104e-01  4.7827e+02  9.2808e+00  1.3051e-01  9.5058e+01  6.0355e-01  7.7342e-02  1.9563e-01  2.0731e-01
1999.16916896  2.0497e-01  4.6218e+02  9.3731e+00  1.4610e-01  1.2046e+02  6.3736e-01  9.4976e-02  1.6444e-01  2.0895e-01
1999.16939742  3.0264e-01  4.4472e+02  9.2407e+00  1.4249e-01  1.0020e+02  6.3116e-01  9.0358e-02  1.4007e-01  2.1029e-01
1999.16962589  3.2915e-01  4.4123e+02  9.2773e+00  1.7541e-01  1.0187e+02  6.4121e-01  1.0211e-01  1.7325e-01  1.7594e-01
1999.16985433  4.6080e-01  4.4047e+02  9.4153e+00  1.6333e-01  9.9837e+01  6.1162e-01  9.9559e-02  1.3753e-01  1.9126e-01
1999.17008279  4.2971e-01  4.4536e+02  9.7568e+00  1.5912e-01  1.0712e+02  6.5637e-01  9.6868e-02  1.6233e-01  1.8812e-01
1999.17031126  4.6803e-01  4.9576e+02  9.7861e+00  1.3624e-01  1.0536e+02  6.1811e-01  9.4999e-02  1.5215e-01  1.5451e-01
1999.17053973  5.2164e-01  5.2936e+02  9.5113e+00  1.2750e-01  1.0464e+02  6.1931e-01  7.4344e-02  1.2029e-01  1.5413e-01
1999.17076819  5.4254e-01  5.4684e+02  9.5036e+00  1.2504e-01  1.0276e+02  5.9996e-01  8.0263e-02  1.0828e-01  1.4613e-01
1999.17099666  4.5664e-01  5.5068e+02  9.4266e+00  1.2655e-01  9.9968e+01  5.9877e-01  8.0465e-02  1.0760e-01  1.4452e-01
1999.17122510  4.1006e-01  5.5691e+02  9.5607e+00  1.1855e-01  1.0251e+02  6.4609e-01  8.6012e-02  1.1682e-01  1.4875e-01
1999.17145359  3.8263e-01  5.5732e+02  9.5541e+00  9.6206e-02  1.0088e+02  6.0646e-01  7.8921e-02  1.0256e-01  1.4409e-01
1999.17168205  3.1045e-01  5.6094e+02  9.5974e+00  9.8832e-02  1.0125e+02  6.6250e-01  9.1695e-02  1.1000e-01  1.3855e-01
1999.17191052  3.2398e-01  5.6459e+02  9.4119e+00  1.1096e-01  9.7998e+01  6.2939e-01  8.8821e-02  1.2978e-01  1.3530e-01
1999.17213899  2.5160e-01  5.7384e+02  9.4408e+00  1.2031e-01  8.6817e+01  6.2188e-01  7.7443e-02  1.2662e-01  1.4203e-01
1999.17236745  2.5459e-01  5.8312e+02  9.5415e+00  1.2798e-01  8.8849e+01  6.2457e-01  7.7658e-02  1.2459e-01  1.5707e-01
1999.17259592  2.6860e-01  5.8831e+02  9.6281e+00  1.2735e-01  9.7646e+01  6.3427e-01  8.5694e-02  1.1925e-01  1.6762e-01
1999.17282438  3.7552e-01  5.9532e+02  9.6784e+00  1.3074e-01  8.9560e+01  6.1417e-01  8.4480e-02  1.2623e-01  1.6709e-01
1999.17305285  3.4924e-01  5.8522e+02  9.6754e+00  1.2634e-01  9.3662e+01  6.4083e-01  8.7905e-02  1.2599e-01  1.6928e-01
1999.17328134  2.7736e-01  5.8024e+02  9.7357e+00  1.1861e-01  9.8668e+01  6.3616e-01  8.7373e-02  1.2673e-01  1.6445e-01
1999.17350981  3.0639e-01  5.8160e+02  9.6829e+00  1.1451e-01  9.0194e+01  6.4594e-01  8.4037e-02  1.2652e-01  1.4429e-01
1999.17373827  3.2107e-01  5.7430e+02  9.7653e+00  1.1919e-01  9.2453e+01  6.4345e-01  1.0144e-01  1.3999e-01  1.5768e-01
1999.17396674  2.3613e-01  5.6949e+02  9.8746e+00  9.8823e-02  9.3185e+01  6.2419e-01  7.7142e-02  1.3814e-01  1.4945e-01
1999.17419521  2.0641e-01  5.6045e+02  9.8962e+00  1.0532e-01  9.6511e+01  6.2393e-01  9.4909e-02  1.2362e-01  1.5010e-01
1999.17442367  2.0199e-01  5.4536e+02  9.8770e+00  1.0609e-01  8.9697e+01  6.1258e-01  9.1619e-02  1.4060e-01  1.4404e-01
1999.17465214  1.5234e-01  5.3982e+02  9.9973e+00  1.0985e-01  9.0027e+01  6.0827e-01  9.7282e-02  1.3678e-01  1.5698e-01
1999.17488060  1.5324e-01  5.3567e+02  1.0027e+01  1.0439e-01  7.9700e+01  5.5462e-01  9.7532e-02  1.6620e-01  1.1965e-01
1999.17510907  8.8151e-02  5.2474e+02  9.9230e+00  1.1451e-01  6.7354e+01  5.3984e-01  1.0620e-01  1.2059e-01  1.3440e-01
1999.17533756  1.1062e-01  5.2060e+02  9.7724e+00  1.3532e-01  5.3518e+01  4.9742e-01  1.1228e-01  1.4118e-01  1.4236e-01
1999.17556603  1.2847e-01  5.0936e+02  9.9417e+00  1.3078e-01  5.6607e+01  4.7908e-01  1.2685e-01  1.2925e-01  1.1112e-01
1999.17579449  1.0395e-01  4.9071e+02  1.0022e+01  1.5960e-01  6.6881e+01  5.2645e-01  1.0538e-01  1.3002e-01  1.5422e-01
1999.17602296  7.8119e-02  4.8301e+02  9.5948e+00  1.8667e-01  7.4774e+01  5.3414e-01  1.0616e-01  1.3055e-01  1.6369e-01
1999.17625142  9.7155e-02  4.9528e+02  9.7168e+00  2.0695e-01  7.3164e+01  5.3868e-01  1.4201e-01  1.5870e-01  1.3099e-01
1999.17647989  9.5797e-02  4.9255e+02  1.0409e+01  1.6148e-01  4.2385e+01  4.0114e-01  1.3460e-01  1.3558e-01  1.4287e-01
1999.17670836  1.3540e-01  4.8707e+02  1.0742e+01  1.7299e-01  6.6814e+01  4.6554e-01  1.6518e-01  1.5739e-01  1.1510e-01
1999.17693682  1.4230e-01  4.8611e+02  1.0548e+01  1.5448e-01  5.3845e+01  4.1159e-01  1.3783e-01  1.6499e-01  1.1304e-01
1999.17716532  1.4068e-01  4.7621e+02  1.0694e+01  1.5126e-01  4.1531e+01  4.7626e-01  1.3518e-01  1.3632e-01  1.4623e-01
1999.17739378  2.4896e-01  4.6646e+02  1.0346e+01  2.1421e-01  7.6370e+01  4.5315e-01  1.4155e-01  1.4064e-01  1.5038e-01
1999.17762227  4.3734e-01  4.7060e+02  1.0473e+01  1.8246e-01  7.8935e+01  4.5013e-01  1.2806e-01  1.1463e-01  1.3375e-01
1999.17785074  3.9476e-01  4.4091e+02  1.0225e+01  1.8983e-01  9.0739e+01  5.5550e-01  1.2144e-01  1.5712e-01  1.3562e-01
1999.17807921  5.5804e-01  4.4431e+02  1.0324e+01  1.6399e-01  1.0622e+02  5.9554e-01  1.1981e-01  1.1707e-01  1.3733e-01
1999.17830767  5.2641e-01  4.6276e+02  1.0424e+01  1.5786e-01  8.6218e+01  4.7815e-01  1.2601e-01  1.0821e-01  1.4022e-01
1999.17853614  5.1832e-01  4.6020e+02  1.0355e+01  1.1649e-01  1.1669e+02  6.0517e-01  1.1280e-01  1.3617e-01  1.3046e-01
1999.17876463  4.8908e-01  4.6642e+02  1.0416e+01  1.0468e-01  1.2113e+02  6.3566e-01  1.1416e-01  1.2511e-01  1.1671e-01
1999.17899310  2.7288e-01  4.7329e+02  1.0292e+01  9.7378e-02  1.0426e+02  6.2338e-01  1.1824e-01  1.3144e-01  1.4238e-01
1999.17922159  1.7594e-01  5.0566e+02  9.7887e+00  1.2829e-01  9.2812e+01  5.9961e-01  1.2857e-01  1.4154e-01  1.2984e-01
1999.17945005  2.4322e-01  5.1204e+02  9.6033e+00  1.3073e-01  9.7056e+01  6.0460e-01  1.3693e-01  1.3429e-01  1.4984e-01
1999.17967852  1.9474e-01  5.0306e+02  9.7272e+00  1.1813e-01  1.1356e+02  6.2844e-01  1.3089e-01  1.4002e-01  1.5319e-01
1999.17990699  1.9619e-01  4.9956e+02  9.7862e+00  1.6024e-01  1.0761e+02  5.8553e-01  1.1000e-01  1.7293e-01  1.7354e-01
1999.18013545  1.4296e-01  4.9185e+02  9.7886e+00  1.4767e-01  9.7384e+01  6.3324e-01  1.2689e-01  1.4177e-01  1.6839e-01
1999.18036397  1.6496e-01  4.9155e+02  1.0083e+01  1.6312e-01  8.0726e+01  5.9868e-01  1.2807e-01  1.3007e-01  1.5828e-01
1999.18059244  1.6996e-01  4.9990e+02  1.0211e+01  1.4745e-01  7.3000e+01  5.6833e-01  1.0531e-01  1.2760e-01  1.6730e-01
1999.18082090  1.7243e-01  4.6191e+02  1.0341e+01  1.2274e-01  9.6936e+01  6.5940e-01  1.2037e-01  1.3603e-01  1.3936e-01
1999.18104937  2.5578e-01  4.5214e+02  1.0486e+01  1.0680e-01  1.0781e+02  7.2224e-01  1.3014e-01  1.4139e-01  1.4672e-01
1999.18127786  2.0712e-01  4.3523e+02  1.0317e+01  1.0355e-01  9.9860e+01  6.1803e-01  1.0710e-01  1.6362e-01  1.1402e-01
1999.18150633  1.6114e-01  4.5192e+02  1.0301e+01  1.2537e-01  9.2685e+01  6.0076e-01  1.0585e-01  1.2503e-01  1.3666e-01
1999.18173482  1.6763e-01  4.5505e+02  1.0291e+01  1.4814e-01  9.7380e+01  6.4033e-01  1.2709e-01  1.5908e-01  1.2725e-01
1999.18196329  1.4879e-01  4.5056e+02  1.0363e+01  1.3891e-01  8.2856e+01  5.5148e-01  1.1497e-01  1.0947e-01  1.5387e-01
1999.18219178  1.4256e-01  4.2568e+02  1.0336e+01  1.2432e-01  1.0069e+02  6.8635e-01  1.1453e-01  1.3482e-01  1.4684e-01
1999.18242025  1.7751e-01  4.1676e+02  1.0245e+01  1.3687e-01  9.9541e+01  6.6905e-01  1.2282e-01  1.5256e-01  1.5947e-01
1999.18264871  1.7957e-01  4.1304e+02  1.0163e+01  1.3997e-01  1.0715e+02  7.0911e-01  1.3219e-01  1.3705e-01  1.4467e-01
1999.18287715  1.8631e-01  4.2299e+02  1.0222e+01  1.0466e-01  1.0794e+02  7.8037e-01  1.1272e-01  1.4890e-01  1.4257e-01
1999.18310559  2.2064e-01  4.1404e+02  1.0087e+01  1.1916e-01  1.0944e+02  7.6065e-01  1.2327e-01  1.4765e-01  1.2926e-01
1999.18333403  2.0332e-01  4.1255e+02  1.0122e+01  1.2629e-01  1.0576e+02  6.9996e-01  1.2799e-01  1.5489e-01  1.4247e-01
1999.18356247  2.6440e-01  4.1857e+02  1.0271e+01  1.4840e-01  1.0594e+02  6.8738e-01  1.1117e-01  1.4169e-01  1.6004e-01
1999.18379090  3.0717e-01  4.1645e+02  1.0505e+01  1.4800e-01  1.0011e+02  6.6616e-01  1.1398e-01  1.3795e-01  1.6254e-01
1999.18401934  4.6054e-01  4.0497e+02  1.0408e+01  1.5124e-01  1.1973e+02  6.4443e-01  1.1218e-01  1.4460e-01  1.6912e-01
1999.18424778  5.8780e-01  3.9977e+02  1.0363e+01  1.1620e-01  1.1573e+02  6.8475e-01  1.4390e-01  1.2421e-01  1.8096e-01
1999.18447622  4.9132e-01  3.9903e+02  1.0447e+01  1.0256e-01  1.1438e+02  6.5121e-01  1.2923e-01  1.4854e-01  1.5028e-01
1999.18470466  5.1112e-01  4.0020e+02  1.0732e+01  9.1832e-02  1.0799e+02  7.5669e-01  1.4125e-01  1.6572e-01  1.5330e-01
1999.18493310  6.4712e-01  4.0695e+02  1.0451e+01  1.1988e-01  1.0624e+02  6.2881e-01  1.0677e-01  1.2763e-01  1.5072e-01
1999.18516153  8.4238e-01  4.0298e+02  1.0525e+01  9.0594e-02  1.3125e+02  6.4335e-01  1.1672e-01  1.3603e-01  1.3710e-01
1999.18539000  4.5389e-01  4.1649e+02  1.0468e+01  7.2189e-02  1.3062e+02  6.9497e-01  1.1032e-01  1.3433e-01  1.4119e-01
1999.18561844  4.9105e-01  4.2598e+02  9.9690e+00  9.1494e-02  1.4876e+02  6.8028e-01  9.8942e-02  1.3949e-01  1.5102e-01
1999.18584688  5.4479e-01  4.1657e+02  1.0285e+01  6.5226e-02  1.6053e+02  7.2804e-01  1.1879e-01  1.4085e-01  1.3629e-01
1999.18607532  6.3873e-01  4.1387e+02  1.0829e+01  4.6892e-02  1.4175e+02  7.1836e-01  1.3066e-01  1.4906e-01  1.3814e-01
1999.18630375  9.2964e-01  4.4227e+02  1.0580e+01  6.9060e-02  1.2096e+02  6.5755e-01  1.2074e-01  1.4149e-01  1.5904e-01
1999.18653219  9.3735e-01  4.6268e+02  1.0218e+01  1.0304e-01  1.0593e+02  6.4644e-01  1.3684e-01  1.4350e-01  1.4750e-01
1999.18676063  1.2610e+00  4.6005e+02  1.0574e+01  9.0824e-02  1.1703e+02  7.0647e-01  1.4350e-01  1.3875e-01  1.5895e-01
1999.18698907  5.4726e-01  4.4443e+02  1.0364e+01  1.3522e-01  1.2158e+02  7.0053e-01  1.2579e-01  1.4424e-01  1.4847e-01
1999.18721753  2.6165e-01  4.4367e+02  1.2266e+01  2.1093e-01  4.5815e+01  3.3813e-01  1.9319e-01  2.5411e-01  2.3640e-01
1999.18744597  4.9624e-01  4.3829e+02  1.1864e+01  1.6394e-01  8.9820e+01  5.0620e-01  1.2976e-01  2.0226e-01  1.9460e-01
1999.18767441  7.1346e-01  4.4546e+02  1.0743e+01  9.6251e-02  1.8318e+02  7.5739e-01  1.3042e-01  1.2298e-01  1.4101e-01
1999.18790285  6.7312e-01  4.4752e+02  1.0535e+01  9.4843e-02  1.8158e+02  6.9640e-01  1.3289e-01  9.9209e-02  1.2419e-01
1999.18813129  4.6158e-01  4.5084e+02  1.1836e+01  1.3039e-01  1.8518e+02  7.3064e-01  1.4817e-01  1.5784e-01  1.4849e-01
1999.18835973  8.9487e-02  4.3506e+02  1.3466e+01  2.6874e-01  5.0443e+01  2.9084e-01  2.3590e-01  2.5467e-01  2.6809e-01
1999.18858819  8.7510e-02  4.3454e+02  1.3791e+01  2.5641e-01  5.8215e+01  2.7859e-01  1.9904e-01  2.5084e-01  2.3855e-01
1999.18881663  3.5771e-02  4.2765e+02  1.3508e+01  2.4092e-01  3.9973e+01  2.2517e-01  3.4574e-01  3.1151e-01  3.2316e-01
1999.18904507  8.8028e-02  4.2443e+02  1.3780e+01  2.9672e-01  6.9560e+01  2.7429e-01  2.4483e-01  2.7656e-01  2.8125e-01
1999.18927351  1.9194e-01  4.3801e+02  1.3541e+01  3.2431e-01  1.0302e+02  4.9187e-01  3.0868e-01  3.8562e-01  2.9410e-01
1999.18950195  2.3516e-01  4.3114e+02  1.3544e+01  3.4232e-01  1.0557e+02  3.6905e-01  3.2573e-01  3.4848e-01  3.2587e-01
1999.18973041  1.3322e-01  4.2345e+02  1.4248e+01  2.9698e-01  7.7641e+01  3.1926e-01  2.8101e-01  2.6222e-01  2.6351e-01
1999.18995885  8.7628e-02  4.1150e+02  1.4081e+01  3.8316e-01  8.6665e+01  4.4537e-01  2.5336e-01  3.8006e-01  2.6262e-01
1999.19018729  2.1482e-01  4.0408e+02  1.4393e+01  3.0680e-01  5.2238e+01  2.6545e-01  2.6469e-01  3.0078e-01  2.7602e-01
1999.19041575  2.3105e-01  4.0333e+02  1.3922e+01  1.7663e-01  5.0422e+01  2.7382e-01  2.6588e-01  3.1233e-01  2.9744e-01
1999.19064419  1.3045e-01  3.9071e+02  1.0862e+01  1.7065e-01  2.0064e+01  2.1608e-01  2.0719e-01  1.6867e-01  1.7586e-01
1999.19087263  1.4784e-01  3.8643e+02  1.1078e+01  2.0381e-01  2.3712e+01  2.3683e-01  2.1878e-01  2.2699e-01  1.9888e-01
1999.19110107  2.0939e-01  3.8497e+02  1.1823e+01  1.5337e-01  3.3502e+01  2.8348e-01  1.6605e-01  2.4460e-01  2.1353e-01
1999.19132953  1.6302e-01  3.8031e+02  1.1208e+01  3.7692e-01  5.7363e+01  3.3833e-01  2.3845e-01  4.1291e-01  3.5438e-01
1999.19155797  1.1825e-01  3.8887e+02  1.1731e+01  2.4854e-01  2.5741e+01  1.8661e-01  1.9615e-01  2.1964e-01  2.2584e-01
1999.19178641  1.2273e-01  3.7900e+02  1.1463e+01  2.9985e-01  3.6115e+01  3.0580e-01  2.2081e-01  2.9593e-01  2.7358e-01
1999.19201488  8.6435e-02  3.8283e+02  9.7315e+00  3.3670e-01  1.1685e+02  5.8232e-01  1.2993e-01  1.6964e-01  2.3135e-01
1999.19224332  1.6276e-01  3.9287e+02  1.0197e+01  1.3590e-01  1.1830e+02  8.0358e-01  1.3611e-01  2.4219e-01  1.9891e-01
1999.19247178  3.1608e-01  3.8921e+02  1.1660e+01  7.5625e-02  9.7887e+01  7.1870e-01  1.5987e-01  1.8053e-01  1.7243e-01
1999.19270022  2.6689e-01  3.9460e+02  1.0564e+01  1.1614e-01  6.6349e+01  4.7072e-01  1.5658e-01  1.7901e-01  1.6876e-01
1999.19292866  3.1464e-01  3.9541e+02  1.0293e+01  1.4520e-01  7.9599e+01  5.6054e-01  1.2109e-01  2.1050e-01  2.0398e-01
1999.19315712  5.0783e-01  4.1134e+02  1.0398e+01  7.0362e-02  9.7445e+01  6.9127e-01  1.3871e-01  1.9242e-01  1.7660e-01
1999.19338556  5.3257e-01  4.2214e+02  9.9584e+00  1.1630e-01  1.1707e+02  6.9175e-01  9.7962e-02  1.7887e-01  1.5780e-01
1999.19361403  3.8527e-01  4.2131e+02  9.9582e+00  1.9403e-01  6.8777e+01  4.8393e-01  1.0381e-01  1.4565e-01  1.8383e-01
1999.19384247  1.7647e-01  4.3784e+02  9.8066e+00  1.1529e-01  8.0254e+01  5.8059e-01  1.3462e-01  1.2835e-01  1.6478e-01
1999.19407090  1.0398e-01  4.3777e+02  9.7519e+00  1.3530e-01  1.8165e+02  7.3463e-01  1.3178e-01  1.7947e-01  1.1679e-01
1999.19429937  1.5458e-01  4.4639e+02  9.9369e+00  1.7201e-01  1.7349e+02  6.8127e-01  1.1076e-01  1.3136e-01  1.6333e-01
1999.19452781  1.3737e-01  4.5086e+02  1.0305e+01  1.4141e-01  8.8702e+01  6.0188e-01  1.3357e-01  1.6509e-01  1.6821e-01
1999.19475627  1.1170e-01  4.5876e+02  1.0106e+01  1.1020e-01  1.6059e+02  7.7751e-01  9.2731e-02  1.3781e-01  1.6426e-01
1999.19498471  1.0358e-01  4.5918e+02  9.6815e+00  9.6324e-02  1.7734e+02  7.5240e-01  1.0223e-01  1.1964e-01  1.3491e-01
1999.19521318  9.5659e-02  4.6128e+02  1.0006e+01  1.0671e-01  1.6805e+02  7.2424e-01  9.3758e-02  1.2390e-01  1.2488e-01
1999.19544162  2.9285e-01  5.0119e+02  9.9876e+00  1.1451e-01  1.0809e+02  6.5515e-01  1.0834e-01  1.2065e-01  1.3334e-01
1999.19567008  3.9803e-01  5.0420e+02  1.0040e+01  1.0264e-01  1.0420e+02  6.1363e-01  8.9598e-02  1.2162e-01  1.2797e-01
1999.19589852  3.6582e-01  4.9703e+02  1.0534e+01  9.4528e-02  1.1348e+02  6.3675e-01  1.0603e-01  1.1501e-01  1.3601e-01
1999.19612699  2.4814e-01  5.1150e+02  1.0486e+01  8.5880e-02  1.0970e+02  6.9633e-01  9.8019e-02  1.0806e-01  1.3242e-01
1999.19635542  1.6530e-01  5.6459e+02  1.0055e+01  9.1713e-02  9.9293e+01  6.3759e-01  8.0489e-02  1.1334e-01  1.3701e-01
1999.19658392  1.3249e-01  5.5004e+02  1.0207e+01  8.2458e-02  1.0083e+02  6.2897e-01  9.3430e-02  1.1644e-01  1.3827e-01
1999.19681233  1.9582e-01  5.0554e+02  1.0531e+01  7.7191e-02  1.0039e+02  6.2003e-01  1.1466e-01  1.2285e-01  1.2444e-01
1999.19704082  2.6411e-01  4.6436e+02  1.0538e+01  8.6394e-02  1.0852e+02  6.4937e-01  1.1244e-01  1.4139e-01  1.4131e-01
1999.19726929  2.5072e-01  4.4263e+02  1.0590e+01  1.0192e-01  1.1217e+02  5.9562e-01  1.0998e-01  1.0535e-01  1.6054e-01
1999.19749773  2.0683e-01  4.1978e+02  1.0492e+01  1.0719e-01  1.1770e+02  5.8972e-01  1.0682e-01  1.4563e-01  1.2176e-01
1999.19772619  2.0105e-01  4.1570e+02  1.0430e+01  1.2694e-01  1.1599e+02  5.6841e-01  1.4282e-01  1.5203e-01  1.1462e-01
1999.19795463  2.4251e-01  4.0357e+02  1.0465e+01  1.6677e-01  1.1638e+02  5.8841e-01  1.2282e-01  1.6881e-01  1.3780e-01
1999.19818310  2.4575e-01  3.9761e+02  1.0910e+01  1.9157e-01  9.9487e+01  5.2209e-01  9.5760e-02  1.2815e-01  1.6631e-01
1999.19841156  2.0059e-01  4.4506e+02  1.0585e+01  1.4341e-01  9.5157e+01  5.6615e-01  1.1706e-01  1.5525e-01  1.4573e-01
1999.19864000  4.5087e-01  4.6376e+02  1.0071e+01  3.0311e-01  8.5120e+01  5.2092e-01  1.1382e-01  1.6608e-01  1.8765e-01
1999.19886847  6.3213e-01  5.3450e+02  1.0601e+01  9.8571e-02  1.0658e+02  6.2595e-01  8.3204e-02  1.0749e-01  1.2368e-01
1999.19909690  3.0184e-01  5.9922e+02  1.0182e+01  9.6518e-02  9.1511e+01  6.3610e-01  8.6375e-02  1.1605e-01  1.3047e-01
1999.19932537  2.9402e-01  6.0671e+02  9.9418e+00  1.1457e-01  8.6098e+01  6.4880e-01  8.2092e-02  1.2664e-01  1.7875e-01
1999.19955384  2.0573e-01  6.2987e+02  9.7599e+00  1.5741e-01  7.6058e+01  6.3017e-01  6.2975e-02  1.7091e-01  2.1808e-01
1999.19978227  2.0423e-01  6.2169e+02  9.8837e+00  1.7889e-01  8.1976e+01  6.1804e-01  7.6706e-02  1.6488e-01  2.2624e-01
1999.20001074  2.3648e-01  5.8480e+02  1.0051e+01  1.7704e-01  8.2139e+01  6.1408e-01  7.7195e-02  1.4513e-01  2.0195e-01
1999.20023921  3.8201e-01  5.5365e+02  1.0381e+01  1.4470e-01  8.6313e+01  6.6236e-01  9.2806e-02  1.2608e-01  1.5764e-01
1999.20046764  4.3508e-01  5.3295e+02  1.0256e+01  1.5493e-01  8.4510e+01  6.3278e-01  9.1300e-02  1.0759e-01  1.5687e-01
1999.20069614  3.8694e-01  5.2636e+02  1.0037e+01  1.5731e-01  8.3611e+01  6.3986e-01  9.8004e-02  1.3029e-01  1.4955e-01
1999.20092460  3.2592e-01  5.2076e+02  9.9640e+00  1.4584e-01  8.1943e+01  5.9514e-01  8.2688e-02  1.3622e-01  1.3841e-01
1999.20115304  2.7097e-01  5.1208e+02  9.9461e+00  1.5416e-01  8.6872e+01  6.4291e-01  8.6802e-02  1.2691e-01  1.5219e-01
1999.20138151  2.4161e-01  5.3030e+02  1.0105e+01  1.7537e-01  8.5279e+01  6.2768e-01  7.2190e-02  1.2195e-01  1.4756e-01
1999.20160997  1.5107e-01  5.4143e+02  1.0119e+01  1.3330e-01  1.0216e+02  6.6981e-01  1.0213e-01  1.2596e-01  1.4255e-01
1999.20183844  1.7840e-01  5.4247e+02  1.0293e+01  1.2879e-01  1.0685e+02  6.4377e-01  8.0929e-02  1.2229e-01  1.5475e-01
1999.20206688  1.5835e-01  5.3623e+02  1.0298e+01  1.3446e-01  1.0733e+02  6.5553e-01  7.4857e-02  1.6118e-01  1.4803e-01
1999.20229534  2.1508e-01  5.2521e+02  1.0399e+01  1.1381e-01  1.0883e+02  6.9451e-01  8.9515e-02  1.1329e-01  1.5710e-01
1999.20252381  1.6457e-01  5.4605e+02  1.0070e+01  1.7929e-01  9.4715e+01  6.3843e-01  8.3679e-02  1.5865e-01  1.9679e-01
1999.20275227  1.1343e-01  5.6799e+02  9.5452e+00  2.3593e-01  8.2525e+01  6.2028e-01  7.4535e-02  1.8041e-01  2.4636e-01
1999.20298071  9.1365e-02  5.4928e+02  9.4800e+00  2.2200e-01  9.6817e+01  6.2770e-01  8.8413e-02  2.2598e-01  2.3643e-01
1999.20320918  1.5424e-01  5.3753e+02  9.4322e+00  1.9701e-01  8.9697e+01  6.0929e-01  7.8258e-02  1.8184e-01  2.3038e-01
1999.20343767  2.0289e-01  5.2438e+02  9.4846e+00  2.1707e-01  9.1827e+01  6.2008e-01  1.0200e-01  1.8261e-01  2.2644e-01
1999.20366614  2.0139e-01  5.0472e+02  9.5930e+00  2.2750e-01  9.9357e+01  6.0852e-01  7.3320e-02  1.7624e-01  2.4221e-01
1999.20389460  2.1111e-01  4.9184e+02  9.5068e+00  2.0023e-01  9.0954e+01  5.6300e-01  8.0223e-02  1.3108e-01  2.1130e-01
1999.20412304  2.2377e-01  4.7999e+02  9.4289e+00  1.7265e-01  9.6412e+01  5.9213e-01  8.7385e-02  1.7987e-01  1.5775e-01
1999.20435151  2.0029e-01  4.7449e+02  9.1765e+00  1.6032e-01  9.9142e+01  6.5551e-01  8.3020e-02  1.5727e-01  1.8348e-01
1999.20457997  1.9683e-01  4.6473e+02  9.3230e+00  2.0403e-01  9.3201e+01  5.9392e-01  7.0150e-02  1.6283e-01  1.7508e-01
1999.20480844  2.0065e-01  4.4100e+02  9.0809e+00  2.0760e-01  8.5744e+01  5.8010e-01  5.8154e-02  1.8307e-01  2.1270e-01
1999.20503690  2.3009e-01  4.3706e+02  9.1489e+00  2.1197e-01  8.2056e+01  5.9309e-01  8.1627e-02  1.4983e-01  2.0579e-01
1999.20526537  2.2220e-01  4.2605e+02  8.9780e+00  2.4997e-01  8.8875e+01  6.3637e-01  5.6590e-02  1.6565e-01  1.7193e-01
1999.20549384  1.7744e-01  4.2834e+02  9.0536e+00  1.8296e-01  1.0895e+02  6.2458e-01  8.1011e-02  1.2770e-01  1.9878e-01
1999.20572227  2.3910e-01  4.2360e+02  8.8936e+00  1.9209e-01  9.1685e+01  6.2848e-01  6.6180e-02  1.8119e-01  2.0567e-01
1999.20595077  2.7492e-01  4.2355e+02  8.8166e+00  1.9723e-01  9.1525e+01  5.6821e-01  6.8059e-02  1.5274e-01  1.9446e-01
1999.20617923  2.9742e-01  4.2378e+02  8.7662e+00  1.9623e-01  9.2429e+01  6.0795e-01  6.6493e-02  1.5876e-01  1.9082e-01
1999.20640770  3.3976e-01  4.2399e+02  8.8788e+00  1.8219e-01  9.2369e+01  5.6795e-01  6.4409e-02  1.3138e-01  1.7951e-01
1999.20663616  3.2885e-01  4.2520e+02  8.7919e+00  1.6238e-01  9.6688e+01  6.2539e-01  6.7406e-02  1.4945e-01  1.7544e-01
1999.20686463  3.0127e-01  4.3559e+02  8.9305e+00  1.5945e-01  8.8586e+01  5.3758e-01  5.5840e-02  1.3601e-01  1.8638e-01
1999.20709310  3.2858e-01  4.3125e+02  8.9705e+00  1.5827e-01  1.0232e+02  6.0037e-01  8.2339e-02  1.8443e-01  1.7066e-01
1999.20732156  3.6024e-01  4.3041e+02  8.8675e+00  1.5815e-01  9.0114e+01  5.9276e-01  7.3022e-02  1.5938e-01  1.5974e-01
1999.20755003  3.2816e-01  4.2296e+02  8.7551e+00  1.5451e-01  9.2302e+01  6.2297e-01  6.1462e-02  1.4553e-01  1.7048e-01
1999.20777852  3.4383e-01  4.2525e+02  9.0318e+00  1.5061e-01  1.0394e+02  6.0089e-01  8.0740e-02  1.4156e-01  1.5869e-01
1999.20800699  3.3432e-01  4.2298e+02  8.8998e+00  1.4866e-01  1.0840e+02  6.4627e-01  8.4586e-02  1.4355e-01  1.8080e-01
1999.20823545  3.6981e-01  4.1942e+02  8.8613e+00  1.3218e-01  1.0163e+02  6.0616e-01  9.8936e-02  1.1518e-01  1.7743e-01
1999.20846392  3.7322e-01  4.1849e+02  8.6397e+00  1.5454e-01  9.9454e+01  5.8027e-01  7.4418e-02  1.6411e-01  1.7857e-01
1999.20869238  3.9486e-01  4.2084e+02  8.7375e+00  1.6498e-01  9.7462e+01  5.5883e-01  8.0411e-02  1.2686e-01  2.1169e-01
1999.20892085  4.3919e-01  4.2359e+02  8.8650e+00  1.9721e-01  9.9047e+01  5.7295e-01  8.0116e-02  1.6924e-01  1.9454e-01
1999.20914932  3.8489e-01  4.3534e+02  9.0537e+00  2.3293e-01  1.0092e+02  5.9234e-01  7.2941e-02  2.0131e-01  2.3458e-01
1999.20937778  3.4393e-01  4.3608e+02  9.3623e+00  2.2673e-01  1.0269e+02  6.1622e-01  8.3167e-02  1.8862e-01  2.4013e-01
1999.20960625  3.3821e-01  4.4795e+02  9.4230e+00  2.0209e-01  1.1385e+02  6.1417e-01  7.7475e-02  1.9977e-01  2.3438e-01
1999.20983474  4.0617e-01  4.5775e+02  9.1296e+00  2.8695e-01  1.0905e+02  6.2263e-01  7.3386e-02  1.7991e-01  2.8841e-01
1999.21006321  2.1011e-01  4.6310e+02  9.2551e+00  3.2884e-01  1.0749e+02  6.4392e-01  8.2330e-02  2.3982e-01  2.7207e-01
1999.21029164  2.2637e-01  4.6021e+02  9.3865e+00  3.5620e-01  1.0455e+02  6.8149e-01  1.0014e-01  2.0915e-01  2.6318e-01
1999.21052008  2.6624e-01  4.4691e+02  9.3730e+00  2.0808e-01  9.8782e+01  6.3319e-01  1.0381e-01  1.4048e-01  1.8833e-01
1999.21074852  2.4740e-01  4.3618e+02  9.1937e+00  1.8300e-01  9.9130e+01  5.7310e-01  1.0244e-01  1.4237e-01  1.6096e-01
1999.21097696  2.1859e-01  4.2486e+02  9.2404e+00  1.9010e-01  1.0038e+02  5.6848e-01  9.3568e-02  1.4939e-01  1.8658e-01
1999.21120540  1.7491e-01  4.1620e+02  9.4126e+00  2.1390e-01  9.3134e+01  6.4899e-01  1.2018e-01  1.1055e-01  1.9391e-01
1999.21143381  1.9184e-01  4.0219e+02  9.4074e+00  1.5766e-01  1.0119e+02  6.1982e-01  7.4446e-02  1.2864e-01  1.6450e-01
1999.21166225  2.1218e-01  3.9299e+02  9.4446e+00  1.5725e-01  1.0737e+02  6.2994e-01  1.0218e-01  1.2833e-01  1.5431e-01
1999.21189074  1.3744e-01  3.8657e+02  9.6493e+00  1.5611e-01  1.0963e+02  6.1219e-01  1.0083e-01  1.5528e-01  1.5261e-01
1999.21211918  9.8814e-02  3.7769e+02  9.6011e+00  1.2915e-01  1.1118e+02  6.7436e-01  1.0806e-01  1.9451e-01  1.5729e-01
1999.21234759  8.4131e-02  3.6901e+02  1.0186e+01  1.0379e-01  1.2932e+02  8.1032e-01  1.2988e-01  2.7079e-01  2.2209e-01
1999.21257603  8.3849e-02  3.5820e+02  9.8782e+00  2.3628e-01  1.1375e+02  7.4958e-01  1.5935e-01  1.9429e-01  2.0776e-01
1999.21280447  6.3917e-02  3.5149e+02  9.7812e+00  3.6781e-01  1.0465e+02  5.0807e-01  1.2482e-01  1.9702e-01  2.0687e-01
1999.21303290  5.1917e-02  3.5750e+02  9.5581e+00  3.2372e-01  1.2186e+02  7.0362e-01  2.6972e-01  2.3132e-01  2.4724e-01
1999.21326134  7.4016e-02  3.4884e+02  9.6318e+00  2.0717e-01  9.6334e+01  5.1610e-01  1.6694e-01  1.6667e-01  1.6935e-01
1999.21348978  7.2473e-02  3.4480e+02  9.3702e+00  2.5638e-01  1.2968e+02  5.9729e-01  2.0495e-01  2.3710e-01  2.4531e-01
1999.21371822  1.6906e-01  3.3572e+02  1.0335e+01  1.4411e-01  1.1213e+02  6.4590e-01  1.8200e-01  2.3093e-01  1.7841e-01
1999.21394666  1.9396e-01  3.2777e+02  9.4071e+00  2.3852e-01  1.4503e+02  6.8148e-01  1.7442e-01  2.1680e-01  1.8749e-01
1999.21417512  2.9156e-01  3.1658e+02  9.2258e+00  3.5875e-01  1.4166e+02  5.7424e-01  1.5408e-01  1.4920e-01  1.9601e-01
1999.21440356  2.1805e-01  3.2248e+02  8.7290e+00  5.6072e-01  1.3624e+02  4.9407e-01  1.4432e-01  1.7148e-01  2.2493e-01
1999.21463200  1.7844e-01  3.2794e+02  8.7774e+00  4.8396e-01  1.3501e+02  4.9283e-01  1.8246e-01  1.7303e-01  1.9399e-01
1999.21486044  2.2182e-01  3.2584e+02  8.9890e+00  5.7618e-01  1.5720e+02  5.2242e-01  1.5558e-01  1.6466e-01  2.1000e-01
1999.21508888  3.0382e-01  3.2303e+02  9.0681e+00  5.4813e-01  1.6550e+02  5.9208e-01  1.6452e-01  1.9721e-01  2.2776e-01
1999.21531732  3.7344e-01  3.1631e+02  9.0828e+00  5.2167e-01  1.6958e+02  4.8729e-01  1.6707e-01  1.8593e-01  2.0974e-01
1999.21554578  3.9576e-01  3.2277e+02  9.4189e+00  4.8628e-01  1.6570e+02  5.2887e-01  1.4734e-01  1.8538e-01  2.3060e-01
1999.21577422  3.4750e-01  3.1945e+02  9.7859e+00  2.5803e-01  1.4083e+02  4.5802e-01  1.5207e-01  1.9561e-01  2.1774e-01
1999.21600266  2.8579e-01  3.1134e+02  9.6344e+00  2.3129e-01  1.0309e+02  3.3586e-01  1.7721e-01  1.9943e-01  2.1419e-01
1999.21623110  2.2798e-01  3.0664e+02  9.6591e+00  2.5278e-01  9.2622e+01  3.8507e-01  1.9976e-01  2.3884e-01  2.3708e-01
1999.21645953  2.5264e-01  3.0071e+02  9.5871e+00  3.1987e-01  1.1758e+02  3.7144e-01  1.6931e-01  2.1678e-01  2.4893e-01
1999.21668800  3.2767e-01  3.0440e+02  9.5426e+00  3.6266e-01  1.0841e+02  3.3170e-01  1.6393e-01  1.9000e-01  1.8328e-01
1999.21691644  2.2771e-01  3.1019e+02  9.5888e+00  2.3305e-01  7.0498e+01  2.7352e-01  1.3445e-01  1.9167e-01  1.9126e-01
1999.21714488  3.3912e-01  3.2535e+02  9.5308e+00  1.8323e-01  1.3288e+02  5.6540e-01  1.8883e-01  2.2628e-01  2.0043e-01
1999.21737332  3.1686e-01  3.3008e+02  9.6661e+00  8.5210e-02  1.3533e+02  6.5712e-01  1.2994e-01  1.6938e-01  1.8226e-01
1999.21760178  3.6883e-01  3.2999e+02  1.0039e+01  6.7318e-02  1.3912e+02  6.6108e-01  1.5430e-01  2.1579e-01  1.9788e-01
1999.21783022  1.6717e-01  3.3419e+02  9.5578e+00  1.1978e-01  1.6815e+02  8.6015e-01  1.4253e-01  2.0133e-01  1.7611e-01
1999.21805866  1.7737e-01  3.3124e+02  9.5213e+00  1.6232e-01  1.6942e+02  8.6233e-01  1.5430e-01  2.2309e-01  1.6089e-01
1999.21828712  1.4954e-01  3.3458e+02  9.0623e+00  1.8352e-01  1.7254e+02  7.4599e-01  1.3662e-01  2.2062e-01  1.4858e-01
1999.21851556  2.1757e-01  3.3078e+02  1.0790e+01  1.9819e-01  2.1579e+02  6.9615e-01  1.8628e-01  1.9359e-01  1.2834e-01
1999.21874400  2.8582e-01  3.3029e+02  1.2084e+01  1.7349e-01  3.0420e+02  7.4721e-01  2.2840e-01  2.4763e-01  1.6190e-01
1999.21897247  2.7423e-01  3.5323e+02  1.1930e+01  1.1261e-01  2.5900e+02  6.8603e-01  2.0694e-01  2.6227e-01  1.5773e-01
1999.21920090  3.0244e-01  3.2987e+02  1.1539e+01  1.1280e-01  2.3266e+02  7.2631e-01  1.8291e-01  2.3371e-01  1.6210e-01
1999.21942934  2.1623e-01  2.9928e+02  1.2048e+01  5.9548e-02  2.8785e+02  9.0307e-01  1.3892e-01  2.5915e-01  1.0836e-01
1999.21965781  1.7801e-01  3.0010e+02  1.2395e+01  4.7460e-02  2.5799e+02  8.5887e-01  1.6562e-01  1.6411e-01  1.1848e-01
1999.21988625  2.2825e-01  3.0022e+02  1.2827e+01  3.6614e-02  2.5065e+02  8.0870e-01  1.2957e-01  1.8781e-01  1.3814e-01
1999.22011474  2.9370e-01  3.0145e+02  1.2742e+01  4.8332e-02  2.6587e+02  7.5205e-01  1.9017e-01  1.7745e-01  1.7777e-01
1999.22034315  3.0315e-01  3.0508e+02  1.1569e+01  7.7295e-02  2.5288e+02  8.4508e-01  1.7953e-01  1.9586e-01  1.4777e-01
1999.22057159  2.5127e-01  3.0175e+02  1.1467e+01  6.9186e-02  2.3876e+02  6.6170e-01  1.8287e-01  2.5459e-01  1.5757e-01
1999.22080008  3.4376e-01  3.2852e+02  1.1226e+01  1.0448e-01  2.0671e+02  8.5765e-01  1.5826e-01  1.8196e-01  1.5107e-01
1999.22102852  3.9917e-01  3.4005e+02  1.1008e+01  9.1300e-02  1.7736e+02  7.3354e-01  1.3947e-01  1.9390e-01  1.7059e-01
1999.22125699  4.3706e-01  3.2624e+02  1.2519e+01  5.4449e-02  2.1075e+02  7.6537e-01  1.4496e-01  2.0775e-01  1.3127e-01
1999.22148542  2.3758e-01  3.1464e+02  1.3480e+01  4.7673e-02  2.3550e+02  8.3836e-01  1.6073e-01  2.2393e-01  1.3428e-01
1999.22171386  1.9321e-01  3.1641e+02  1.3625e+01  3.1696e-02  2.3734e+02  9.2523e-01  1.2448e-01  2.1416e-01  1.1384e-01
1999.22194233  1.8619e-01  3.2580e+02  1.2582e+01  3.9266e-02  2.1988e+02  8.1478e-01  1.6860e-01  1.9796e-01  1.3454e-01
1999.22217077  2.0037e-01  3.5133e+02  9.7743e+00  8.0432e-02  1.6810e+02  6.6494e-01  1.2761e-01  1.7267e-01  1.2866e-01
1999.22239923  1.6583e-01  3.9632e+02  9.1511e+00  1.0390e-01  1.0463e+02  6.7810e-01  1.1153e-01  1.4886e-01  1.5665e-01
1999.22262767  1.5820e-01  4.0071e+02  9.5832e+00  9.8555e-02  1.1590e+02  6.7016e-01  1.0023e-01  1.5624e-01  1.5755e-01
1999.22285614  2.6440e-01  4.3283e+02  9.4180e+00  1.4334e-01  8.9093e+01  6.0269e-01  1.1771e-01  1.5600e-01  1.7144e-01
1999.22308458  3.7309e-01  4.4191e+02  9.3354e+00  1.4373e-01  7.8591e+01  5.8142e-01  9.3389e-02  1.3417e-01  1.6234e-01
1999.22331304  2.3565e-01  4.4147e+02  9.6575e+00  1.0511e-01  9.0236e+01  6.1792e-01  9.7455e-02  1.4012e-01  1.4656e-01
1999.22354148  1.9120e-01  4.4833e+02  9.7402e+00  1.2448e-01  7.9621e+01  5.8870e-01  1.0947e-01  1.3404e-01  1.3327e-01
1999.22376995  1.9535e-01  4.5187e+02  9.5589e+00  1.3166e-01  7.7354e+01  6.0484e-01  1.0104e-01  1.3792e-01  1.7040e-01
1999.22399841  2.9357e-01  4.4784e+02  9.2186e+00  1.2984e-01  8.9691e+01  6.1507e-01  9.3651e-02  1.1669e-01  1.7693e-01
1999.22422685  3.4694e-01  4.5386e+02  9.1731e+00  1.4440e-01  9.4945e+01  6.1712e-01  9.3040e-02  1.0718e-01  1.7625e-01
1999.22445532  2.4180e-01  4.4887e+02  9.1533e+00  1.2468e-01  9.7825e+01  6.3340e-01  9.2054e-02  1.3287e-01  1.8634e-01
1999.22468375  2.6556e-01  4.5153e+02  9.0879e+00  1.4036e-01  9.9909e+01  6.0795e-01  8.2679e-02  1.0132e-01  1.6906e-01
1999.22491222  2.5609e-01  4.4371e+02  9.0053e+00  1.4159e-01  9.5962e+01  6.3792e-01  8.3287e-02  1.2805e-01  1.6202e-01
1999.22514066  1.9474e-01  4.4134e+02  9.2206e+00  1.2747e-01  9.3402e+01  5.7731e-01  8.7106e-02  1.2393e-01  1.4559e-01
1999.22536912  2.1606e-01  4.3702e+02  9.2824e+00  1.1722e-01  9.7665e+01  6.1104e-01  8.0456e-02  1.2182e-01  1.5940e-01
1999.22559762  2.5343e-01  4.3661e+02  9.2133e+00  1.2813e-01  9.3093e+01  6.6335e-01  8.2521e-02  1.1902e-01  1.7366e-01
1999.22582603  1.8947e-01  4.2085e+02  9.1819e+00  1.3437e-01  1.0129e+02  6.2005e-01  9.5075e-02  1.2145e-01  1.7377e-01
1999.22605452  1.7897e-01  4.1453e+02  9.6334e+00  1.1854e-01  8.7964e+01  6.3068e-01  1.1095e-01  1.5178e-01  1.6093e-01
1999.22628296  1.8332e-01  3.9742e+02  9.3437e+00  1.4201e-01  8.1161e+01  6.4643e-01  1.0242e-01  1.1699e-01  1.6778e-01
1999.22651142  2.0589e-01  3.9184e+02  9.3464e+00  1.4566e-01  8.6685e+01  6.6242e-01  1.1858e-01  1.4850e-01  1.7774e-01
1999.22673989  2.2642e-01  3.9438e+02  9.6500e+00  1.1929e-01  8.5363e+01  6.4838e-01  1.0493e-01  1.6412e-01  1.6768e-01
1999.22696833  2.2632e-01  3.9021e+02  9.6170e+00  1.2669e-01  8.2059e+01  6.3061e-01  1.1346e-01  1.5126e-01  1.6395e-01
1999.22719679  2.1063e-01  3.8188e+02  9.4857e+00  1.3690e-01  8.3181e+01  6.2583e-01  1.2255e-01  1.5843e-01  1.8240e-01
1999.22742526  1.5805e-01  3.6291e+02  9.3511e+00  1.5067e-01  8.5023e+01  6.6772e-01  8.7152e-02  1.7346e-01  1.7209e-01
1999.22765370  1.0950e-01  3.7217e+02  9.3966e+00  1.6486e-01  9.9932e+01  6.1995e-01  9.0045e-02  1.5888e-01  1.6861e-01
1999.22788216  2.3759e-01  3.9662e+02  9.7108e+00  1.4387e-01  1.0068e+02  6.0424e-01  1.0997e-01  1.2932e-01  1.6824e-01
1999.22811063  2.1478e-01  3.9714e+02  9.6905e+00  1.8907e-01  1.0250e+02  6.1889e-01  1.0319e-01  1.7659e-01  1.5921e-01
1999.22833907  1.7899e-01  3.9176e+02  9.0633e+00  1.9211e-01  1.0239e+02  5.5356e-01  1.0747e-01  1.6164e-01  1.5395e-01
1999.22856753  1.1948e-01  3.8664e+02  9.1214e+00  1.8410e-01  6.1356e+01  4.1961e-01  1.3068e-01  1.3428e-01  1.6142e-01
1999.22879600  2.2578e-01  3.9333e+02  9.3604e+00  2.0527e-01  8.3707e+01  5.0614e-01  1.2854e-01  1.5538e-01  1.8063e-01
1999.22902449  4.7191e-01  4.0015e+02  9.3964e+00  1.9616e-01  9.1710e+01  4.8874e-01  1.2218e-01  1.3962e-01  1.6968e-01
1999.22925290  4.3894e-01  3.9033e+02  1.0111e+01  1.5198e-01  9.5550e+01  5.8172e-01  9.9900e-02  1.3886e-01  1.5944e-01
1999.22948140  1.6689e-01  3.9688e+02  1.0295e+01  1.0216e-01  1.0620e+02  6.7066e-01  9.6277e-02  1.6169e-01  1.4137e-01
1999.22970986  6.1100e-02  4.5588e+02  9.2797e+00  1.8923e-01  8.2292e+01  6.6769e-01  9.2628e-02  1.8239e-01  1.9749e-01
1999.22993833  1.0402e-01  4.5667e+02  9.1421e+00  1.8557e-01  7.8627e+01  6.2601e-01  8.8822e-02  1.9104e-01  2.0738e-01
1999.23016677  1.2422e-01  4.5730e+02  9.3276e+00  1.8035e-01  7.6510e+01  6.0324e-01  9.2497e-02  1.8225e-01  2.2696e-01
1999.23039523  2.4596e-01  4.6043e+02  9.2121e+00  1.5593e-01  9.4348e+01  6.5004e-01  8.8663e-02  1.4171e-01  1.8235e-01
1999.23062370  2.7765e-01  4.6722e+02  8.8234e+00  1.5377e-01  9.8707e+01  6.2391e-01  9.8884e-02  1.7375e-01  1.6759e-01
1999.23085216  3.2088e-01  4.6593e+02  9.4025e+00  1.3935e-01  1.0007e+02  6.1364e-01  8.4814e-02  1.4152e-01  1.8462e-01
1999.23108060  2.5239e-01  4.7253e+02  9.4824e+00  1.4178e-01  1.0502e+02  6.6656e-01  9.4766e-02  1.4636e-01  2.0408e-01
1999.23130907  1.7747e-01  4.7861e+02  9.5172e+00  1.5292e-01  9.0809e+01  5.9662e-01  9.7549e-02  1.1851e-01  1.7181e-01
1999.23153753  2.1260e-01  4.8153e+02  9.5472e+00  1.9745e-01  8.4839e+01  5.9317e-01  8.0486e-02  1.6401e-01  1.9761e-01
1999.23176600  1.9844e-01  4.7174e+02  9.6980e+00  2.1031e-01  8.7348e+01  6.6345e-01  8.9787e-02  1.5893e-01  2.0080e-01
1999.23199449  1.5332e-01  4.5723e+02  9.6651e+00  1.9790e-01  9.4189e+01  6.0807e-01  8.8374e-02  1.3608e-01  1.9873e-01
1999.23222293  1.5467e-01  4.4566e+02  9.5649e+00  1.9116e-01  9.9306e+01  6.5753e-01  9.2059e-02  1.6207e-01  1.7791e-01
1999.23245137  1.9591e-01  4.3035e+02  9.6101e+00  1.5284e-01  1.0202e+02  6.6968e-01  1.0887e-01  1.5483e-01  1.7667e-01
1999.23267978  2.2589e-01  4.1465e+02  9.6232e+00  1.6448e-01  1.0606e+02  6.5343e-01  1.0353e-01  1.5315e-01  2.1285e-01
1999.23290822  1.9900e-01  4.0031e+02  9.6248e+00  1.2975e-01  1.2669e+02  6.5213e-01  1.0303e-01  1.8783e-01  1.6184e-01
1999.23313666  3.7542e-01  3.9966e+02  1.0084e+01  1.6287e-01  1.0825e+02  6.0570e-01  1.0193e-01  1.1462e-01  1.4609e-01
1999.23336510  3.5375e-01  3.9713e+02  1.0303e+01  1.5596e-01  1.0762e+02  5.3007e-01  1.1073e-01  1.2937e-01  1.5047e-01
1999.23359353  3.3485e-01  3.9042e+02  1.0209e+01  1.4212e-01  9.4454e+01  5.3079e-01  1.0194e-01  1.1884e-01  1.6494e-01
1999.23382197  3.3947e-01  3.9095e+02  9.9268e+00  1.4209e-01  9.1996e+01  4.7609e-01  1.0445e-01  1.0583e-01  1.6552e-01
1999.23405041  3.0320e-01  3.8543e+02  9.9788e+00  1.5592e-01  9.3119e+01  4.4106e-01  1.0553e-01  1.4334e-01  1.6784e-01
1999.23427885  3.1861e-01  3.8191e+02  1.0143e+01  1.7450e-01  9.8103e+01  4.9881e-01  1.0209e-01  1.2992e-01  1.7673e-01
1999.23450729  2.6616e-01  3.6660e+02  9.9245e+00  2.4517e-01  1.1158e+02  5.2320e-01  1.0306e-01  1.4674e-01  1.8469e-01
1999.23473573  2.3693e-01  3.6523e+02  9.8558e+00  1.8714e-01  9.1933e+01  4.7281e-01  9.0561e-02  1.1683e-01  1.6203e-01
1999.23496419  2.6264e-01  3.6519e+02  9.6393e+00  2.0401e-01  1.0310e+02  5.7250e-01  1.1043e-01  1.1759e-01  1.8310e-01
1999.23519263  2.7754e-01  3.4671e+02  9.9595e+00  2.4922e-01  9.4553e+01  4.5690e-01  1.1771e-01  1.4821e-01  1.8760e-01
1999.23542107  2.7996e-01  3.3547e+02  1.0177e+01  1.9338e-01  9.3558e+01  5.0283e-01  1.3344e-01  1.3916e-01  1.9677e-01
1999.23564951  3.1711e-01  3.3391e+02  9.9764e+00  1.9685e-01  1.0636e+02  6.1830e-01  1.1120e-01  1.6467e-01  1.8573e-01
1999.23587795  2.9357e-01  3.3848e+02  9.8374e+00  2.0086e-01  1.0764e+02  4.6462e-01  8.8382e-02  1.3243e-01  1.6925e-01
1999.23610638  3.1782e-01  3.3764e+02  1.0136e+01  1.5960e-01  1.0312e+02  5.1972e-01  1.0214e-01  1.4513e-01  1.5361e-01
1999.23633482  4.0529e-01  3.3372e+02  9.7367e+00  1.8929e-01  9.9586e+01  5.1945e-01  1.0203e-01  1.4373e-01  1.7428e-01
1999.23656326  3.4641e-01  3.3320e+02  9.8002e+00  1.6300e-01  1.0002e+02  4.9716e-01  9.8928e-02  1.2382e-01  1.8621e-01
1999.23679173  3.8308e-01  3.2908e+02  1.0006e+01  1.3861e-01  8.0849e+01  4.5276e-01  1.0445e-01  1.3459e-01  1.6743e-01
1999.23702016  4.2983e-01  3.3428e+02  1.0022e+01  1.3430e-01  8.3827e+01  5.8331e-01  1.2317e-01  1.6382e-01  1.8608e-01
1999.23724860  4.4314e-01  3.3998e+02  9.8610e+00  1.4606e-01  7.9903e+01  4.7051e-01  1.1457e-01  1.4572e-01  1.6652e-01
1999.23747704  4.6890e-01  3.4978e+02  9.7031e+00  1.7907e-01  7.9282e+01  4.7245e-01  1.2129e-01  1.7689e-01  1.6150e-01
1999.23770548  2.7464e-01  3.3486e+02  9.8448e+00  1.0608e-01  5.1703e+01  3.5953e-01  1.5209e-01  1.6091e-01  1.6772e-01
1999.23793395  3.1553e-01  3.2826e+02  9.7273e+00  1.0669e-01  5.3716e+01  3.4463e-01  1.1525e-01  1.7246e-01  1.6001e-01
1999.23816238  3.2538e-01  3.2530e+02  9.3278e+00  1.2689e-01  3.9607e+01  2.9644e-01  1.3419e-01  1.8947e-01  1.9318e-01
1999.23839082  5.8315e-01  3.3016e+02  9.4142e+00  2.0157e-01  7.0670e+01  4.1590e-01  1.3516e-01  1.6897e-01  1.8923e-01
1999.23861926  8.6589e-01  3.7993e+02  1.0561e+01  1.0665e-01  1.0804e+02  5.8342e-01  1.1795e-01  1.5979e-01  1.2684e-01
1999.23884773  3.9813e-01  3.8660e+02  9.4671e+00  1.9869e-01  3.6657e+01  3.2745e-01  1.3880e-01  1.5916e-01  1.7698e-01
1999.23907616  6.6013e-01  3.7450e+02  9.6460e+00  1.3028e-01  5.1879e+01  4.1406e-01  1.2943e-01  1.3713e-01  1.6348e-01
1999.23930460  8.9613e-01  3.8738e+02  1.0342e+01  1.1328e-01  1.3215e+02  6.7990e-01  1.2422e-01  1.2472e-01  1.3469e-01
1999.23953304  6.2742e-01  4.6535e+02  1.0469e+01  9.6277e-02  1.2085e+02  6.7867e-01  1.1683e-01  1.1599e-01  1.3692e-01
1999.23976151  5.5757e-01  5.1124e+02  1.0329e+01  9.5150e-02  1.0180e+02  6.3370e-01  9.2596e-02  1.2105e-01  1.2679e-01
1999.23998995  4.3495e-01  5.4212e+02  1.0258e+01  8.3882e-02  9.2762e+01  6.3791e-01  9.0203e-02  1.0103e-01  1.3142e-01
1999.24021838  3.7255e-01  5.5729e+02  1.0217e+01  8.2708e-02  9.1753e+01  6.1936e-01  9.5735e-02  8.3965e-02  1.2162e-01
1999.24044685  4.8898e-01  5.4587e+02  1.0107e+01  9.2767e-02  9.7013e+01  6.1799e-01  8.5704e-02  1.1368e-01  1.3896e-01
1999.24067529  4.7795e-01  5.3547e+02  1.0160e+01  8.3334e-02  1.0458e+02  6.4180e-01  8.3719e-02  1.0493e-01  1.2507e-01
1999.24090373  4.2333e-01  5.4056e+02  1.0451e+01  1.0111e-01  8.6081e+01  6.1659e-01  8.2726e-02  1.1325e-01  1.3602e-01
1999.24113219  6.8345e-01  5.5056e+02  1.0008e+01  1.0473e-01  9.6030e+01  6.3332e-01  7.7817e-02  1.1407e-01  1.3635e-01
1999.24136063  8.9197e-01  5.6145e+02  9.8464e+00  1.1173e-01  9.5714e+01  6.0585e-01  9.3730e-02  1.0487e-01  1.4115e-01
1999.24158907  5.0452e-01  5.4668e+02  9.8019e+00  1.0588e-01  9.4603e+01  6.1613e-01  9.1889e-02  1.0795e-01  1.4354e-01
1999.24181753  2.4912e-01  5.5700e+02  9.8092e+00  1.2833e-01  8.3487e+01  6.0073e-01  8.2597e-02  1.5289e-01  1.7129e-01
1999.24204597  1.8884e-01  5.5977e+02  9.4784e+00  1.6829e-01  7.2546e+01  6.2092e-01  9.0569e-02  1.3413e-01  2.1089e-01
1999.24227444  1.8308e-01  5.5149e+02  9.4958e+00  1.8207e-01  6.2802e+01  5.5996e-01  8.8592e-02  1.4906e-01  1.9645e-01
1999.24250288  1.2997e-01  5.5733e+02  9.4785e+00  1.3483e-01  6.7419e+01  5.8832e-01  9.2378e-02  1.5074e-01  2.1334e-01
1999.24273134  1.0932e-01  5.4682e+02  9.4286e+00  1.0880e-01  6.3082e+01  5.9228e-01  8.1069e-02  1.5936e-01  1.9018e-01
1999.24295978  8.2531e-02  5.3186e+02  9.7479e+00  8.5698e-02  6.3221e+01  5.8422e-01  9.6536e-02  1.6544e-01  1.8770e-01
1999.24318827  4.8003e-02  5.2703e+02  9.4461e+00  9.3990e-02  5.7200e+01  6.6105e-01  1.2725e-01  1.7925e-01  1.7953e-01
1999.24341668  3.5285e-02  5.2010e+02  9.2639e+00  7.3589e-02  4.7550e+01  6.2158e-01  1.1934e-01  1.5091e-01  1.6445e-01
1999.24364518  3.4542e-02  4.8942e+02  9.3188e+00  6.7162e-02  5.1928e+01  6.8802e-01  1.0849e-01  1.6736e-01  1.6810e-01
1999.24387362  3.4451e-02  4.7987e+02  9.4304e+00  5.7982e-02  4.9861e+01  6.5395e-01  1.7037e-01  1.4907e-01  1.4940e-01
1999.24410205  4.3152e-02  4.8296e+02  9.3600e+00  5.9150e-02  4.5018e+01  7.1698e-01  1.1646e-01  1.6994e-01  1.3698e-01
1999.24433052  3.5855e-02  4.7825e+02  9.9554e+00  6.9379e-02  4.9137e+01  6.7319e-01  1.3299e-01  2.1881e-01  1.1203e-01
1999.24455899  6.0976e-02  4.6849e+02  9.3434e+00  6.9769e-02  5.4407e+01  6.8041e-01  1.2845e-01  1.7398e-01  1.3956e-01
1999.24478742  1.0058e-01  4.6285e+02  9.3630e+00  9.3725e-02  7.3287e+01  7.2941e-01  1.2336e-01  1.6688e-01  1.6183e-01
1999.24501589  1.7774e-01  4.5900e+02  9.5315e+00  1.1075e-01  7.4233e+01  6.4699e-01  1.2636e-01  1.3375e-01  1.4770e-01
1999.24524433  1.9885e-01  4.7772e+02  9.7401e+00  1.1083e-01  8.0685e+01  6.1025e-01  1.1719e-01  1.0292e-01  1.5549e-01
1999.24547279  2.0664e-01  4.7069e+02  9.4788e+00  1.2297e-01  8.0761e+01  6.3096e-01  1.1938e-01  1.5558e-01  1.4845e-01
1999.24570123  1.8475e-01  4.7203e+02  9.5000e+00  1.1135e-01  8.3728e+01  6.6244e-01  1.1972e-01  1.4626e-01  1.6528e-01
1999.24592970  1.8873e-01  4.7045e+02  9.3039e+00  1.1721e-01  7.5675e+01  6.3937e-01  1.2303e-01  1.4192e-01  1.5261e-01
1999.24615814  1.4523e-01  4.7006e+02  9.3219e+00  1.2166e-01  7.0367e+01  5.9095e-01  1.2484e-01  1.3716e-01  1.3575e-01
1999.24638660  7.3867e-02  4.8572e+02  9.7202e+00  1.4002e-01  7.5508e+01  7.2840e-01  1.0374e-01  1.6572e-01  1.4834e-01
1999.24661507  9.7666e-02  5.1220e+02  9.0770e+00  1.7385e-01  4.8451e+01  5.7067e-01  1.1139e-01  1.4508e-01  1.5964e-01
1999.24684351  1.1797e-01  5.0782e+02  9.0425e+00  1.7785e-01  4.4566e+01  5.4072e-01  1.0084e-01  1.5461e-01  1.7932e-01
1999.24707197  5.9852e-02  4.7651e+02  9.2785e+00  2.4709e-01  5.1633e+01  5.7205e-01  1.0755e-01  1.2287e-01  2.4123e-01
1999.24730041  3.2643e-02  4.4934e+02  1.0629e+01  3.8841e-01  7.0855e+01  5.6903e-01  7.8949e-02  1.6634e-01  2.3713e-01
1999.24752888  8.0142e-02  4.3839e+02  1.0889e+01  1.2228e-01  8.0225e+01  5.6872e-01  1.4575e-01  1.4083e-01  1.3661e-01
1999.24775737  7.1938e-02  4.3782e+02  1.0450e+01  8.9881e-02  7.8363e+01  5.7247e-01  1.1834e-01  1.8033e-01  1.4221e-01
1999.24798578  7.4010e-02  4.3577e+02  1.0017e+01  1.5240e-01  4.4740e+01  3.9451e-01  1.4314e-01  1.5090e-01  1.3975e-01
1999.24821427  7.9133e-02  4.2621e+02  9.3983e+00  2.1574e-01  5.4851e+01  4.4760e-01  1.5780e-01  1.4227e-01  1.4798e-01
1999.24844271  8.1541e-02  4.2980e+02  9.7493e+00  2.2789e-01  5.7961e+01  5.1700e-01  1.1633e-01  1.3960e-01  1.7793e-01
1999.24867118  6.5095e-02  4.1985e+02  9.6612e+00  2.8087e-01  6.9562e+01  5.0529e-01  1.0669e-01  1.9208e-01  1.4702e-01
1999.24889964  8.3864e-02  4.2575e+02  9.7198e+00  2.4497e-01  5.5262e+01  4.2981e-01  9.0493e-02  1.3394e-01  1.4921e-01
1999.24912808  1.1500e-01  4.1867e+02  9.5101e+00  2.0781e-01  5.6997e+01  4.4458e-01  1.1825e-01  1.1633e-01  1.6550e-01
1999.24935655  9.4440e-02  4.0681e+02  9.7183e+00  1.8505e-01  6.4639e+01  4.9418e-01  1.1640e-01  1.7074e-01  1.5126e-01
1999.24958501  9.7752e-02  4.1073e+02  9.2664e+00  2.4051e-01  6.9645e+01  5.5647e-01  1.3983e-01  1.6440e-01  1.5471e-01
1999.24981348  1.3032e-01  4.1072e+02  9.6286e+00  2.4399e-01  7.5150e+01  5.4657e-01  8.6095e-02  1.4759e-01  1.7410e-01
1999.25004192  2.1149e-01  4.1593e+02  9.5415e+00  2.9055e-01  6.4956e+01  3.8451e-01  9.5494e-02  1.2667e-01  1.5518e-01
1999.25027038  2.4180e-01  4.1572e+02  9.5867e+00  2.4478e-01  5.4845e+01  3.5450e-01  8.4805e-02  1.1236e-01  1.4736e-01
1999.25049885  2.6100e-01  4.0807e+02  9.6047e+00  2.7826e-01  6.4244e+01  4.7778e-01  9.5797e-02  1.4045e-01  1.5084e-01
1999.25072729  2.1802e-01  4.3726e+02  9.4058e+00  1.9596e-01  6.2012e+01  5.2190e-01  1.2904e-01  1.2085e-01  1.5441e-01
1999.25095575  4.6607e-01  4.3721e+02  9.7977e+00  1.2224e-01  7.3953e+01  5.6602e-01  1.1693e-01  1.2785e-01  1.5004e-01
1999.25118425  2.8200e-01  4.3162e+02  9.7692e+00  1.0166e-01  7.6228e+01  5.6796e-01  1.0685e-01  1.3506e-01  1.5900e-01
1999.25141266  1.3422e-01  4.2682e+02  9.9977e+00  9.1397e-02  8.4823e+01  6.3996e-01  1.1474e-01  1.5267e-01  1.5480e-01
1999.25164110  1.7710e-01  4.2133e+02  1.0415e+01  5.0949e-02  1.0058e+02  6.2850e-01  1.1253e-01  1.6477e-01  1.5317e-01
1999.25186953  1.2034e-01  4.2278e+02  1.0086e+01  2.6967e-02  1.2416e+02  7.9938e-01  1.5101e-01  1.5954e-01  1.4672e-01
1999.25209795  9.7361e-02  4.0969e+02  1.0301e+01  3.1313e-02  1.2473e+02  7.8459e-01  1.3018e-01  1.6955e-01  8.5308e-02
1999.25232638  1.0338e-01  4.0899e+02  1.0768e+01  2.1479e-02  1.2684e+02  8.3462e-01  1.1880e-01  1.8295e-01  1.3135e-01
1999.25255482  8.8424e-02  4.1390e+02  9.9135e+00  4.8990e-02  1.1440e+02  6.9030e-01  1.2089e-01  1.7885e-01  1.1282e-01
1999.25278326  8.6507e-02  4.0289e+02  9.9716e+00  5.5609e-02  1.0952e+02  6.9123e-01  1.2335e-01  1.6713e-01  1.4993e-01
1999.25301170  2.5274e-01  3.9870e+02  9.5970e+00  1.0556e-01  1.1273e+02  6.7195e-01  1.1636e-01  1.5213e-01  1.8403e-01
1999.25324014  3.4948e-01  3.9679e+02  9.5000e+00  1.0193e-01  1.0855e+02  6.9468e-01  1.1519e-01  1.5107e-01  1.7472e-01
1999.25346855  3.2188e-01  4.0722e+02  9.5314e+00  1.0220e-01  1.0987e+02  6.8477e-01  1.2128e-01  1.4324e-01  1.6604e-01
1999.25369699  3.5060e-01  4.1202e+02  9.5734e+00  1.0779e-01  1.0722e+02  7.3782e-01  1.1320e-01  1.5847e-01  1.7787e-01
1999.25392542  1.9590e-01  4.2256e+02  9.8712e+00  1.2368e-01  8.5170e+01  7.3984e-01  1.2443e-01  1.3727e-01  2.0118e-01
1999.25415386  1.9162e-01  4.2507e+02  1.0058e+01  1.4280e-01  8.8155e+01  7.1459e-01  1.4514e-01  1.3178e-01  1.6706e-01
1999.25438230  1.9455e-01  4.2381e+02  9.9730e+00  1.6807e-01  8.0921e+01  6.9925e-01  1.1776e-01  1.2819e-01  1.7821e-01
1999.25461074  1.7954e-01  4.2192e+02  9.8678e+00  1.6559e-01  7.7945e+01  6.3847e-01  1.3963e-01  1.2688e-01  1.7564e-01
1999.25483918  1.3711e-01  4.2387e+02  9.7685e+00  1.6285e-01  8.2539e+01  6.8672e-01  1.4592e-01  1.4388e-01  1.7016e-01
1999.25506762  1.2919e-01  4.1863e+02  9.6892e+00  1.6433e-01  8.0608e+01  6.9199e-01  1.2298e-01  1.1869e-01  1.8420e-01
1999.25529605  1.3118e-01  4.0812e+02  9.5765e+00  1.2659e-01  7.9704e+01  7.1630e-01  1.4273e-01  1.7389e-01  1.5796e-01
1999.25552444  1.2194e-01  4.0249e+02  9.6829e+00  1.2100e-01  7.5348e+01  6.8785e-01  1.4702e-01  1.3513e-01  1.6651e-01
1999.25575288  1.1638e-01  4.0098e+02  9.5274e+00  1.2892e-01  7.4719e+01  6.2748e-01  1.4316e-01  1.1548e-01  1.4793e-01
1999.25598132  1.2723e-01  4.1219e+02  9.7493e+00  1.1240e-01  8.2771e+01  6.5919e-01  1.4858e-01  1.2241e-01  1.5487e-01
1999.25620975  1.2837e-01  4.1334e+02  9.3892e+00  1.3768e-01  7.0148e+01  6.8418e-01  1.3353e-01  1.5657e-01  1.9345e-01
1999.25643819  1.8683e-01  4.2998e+02  9.5806e+00  1.3041e-01  7.2212e+01  6.0544e-01  1.3468e-01  1.0423e-01  1.4622e-01
1999.25666663  2.2668e-01  4.6917e+02  9.9014e+00  9.3435e-02  1.0333e+02  6.4558e-01  1.2479e-01  1.0840e-01  1.3024e-01
1999.25689507  3.1682e-01  4.9085e+02  9.7211e+00  9.9563e-02  1.1051e+02  6.2191e-01  1.1650e-01  1.2651e-01  1.4534e-01
1999.25712351  2.1794e-01  4.8755e+02  9.6895e+00  1.0535e-01  1.0577e+02  6.2872e-01  1.1817e-01  1.0708e-01  1.6027e-01
1999.25735195  1.1668e-01  5.0809e+02  9.7208e+00  8.8063e-02  8.1782e+01  6.4558e-01  1.3088e-01  1.3454e-01  1.5150e-01
1999.25758038  8.6739e-02  5.1719e+02  9.0896e+00  1.1214e-01  8.1975e+01  6.5776e-01  1.2869e-01  1.3162e-01  1.2309e-01
1999.25780882  8.2890e-02  5.1548e+02  9.6001e+00  1.0429e-01  7.0784e+01  6.4588e-01  1.2779e-01  1.5681e-01  1.5682e-01
1999.25803726  1.0192e-01  5.4908e+02  9.5042e+00  1.1153e-01  6.0437e+01  5.6826e-01  1.0152e-01  1.0226e-01  1.5375e-01
1999.25826570  1.2295e-01  5.6016e+02  9.5489e+00  1.0809e-01  7.1536e+01  6.0091e-01  1.0123e-01  1.2075e-01  1.6795e-01
1999.25849414  8.6498e-02  5.4617e+02  9.7333e+00  1.0461e-01  7.5061e+01  6.2369e-01  1.0786e-01  1.2958e-01  1.4146e-01
1999.25872258  8.5614e-02  5.5442e+02  9.9024e+00  1.3943e-01  7.2408e+01  5.6204e-01  8.9033e-02  1.6573e-01  1.6155e-01
1999.25895101  7.6287e-02  5.6163e+02  9.7657e+00  1.3670e-01  6.4943e+01  5.8754e-01  9.2406e-02  1.4921e-01  1.8048e-01
1999.25917945  8.9231e-02  5.7492e+02  9.8961e+00  1.6287e-01  6.9232e+01  5.5969e-01  8.7693e-02  1.7483e-01  1.8224e-01
1999.25940789  6.6339e-02  5.6332e+02  1.0067e+01  1.9186e-01  7.3036e+01  5.4841e-01  1.0297e-01  1.4928e-01  1.7001e-01
1999.25963636  6.7629e-02  5.5250e+02  9.9475e+00  2.0464e-01  6.9582e+01  5.3216e-01  1.0741e-01  1.6238e-01  2.1178e-01
1999.25986479  6.7611e-02  5.4605e+02  9.8886e+00  2.0908e-01  7.2383e+01  5.2929e-01  9.8141e-02  1.6241e-01  1.6820e-01
1999.26009323  7.2247e-02  5.3482e+02  1.0071e+01  2.1386e-01  7.6358e+01  5.5655e-01  1.0027e-01  1.4393e-01  2.1357e-01
1999.26032167  1.4633e-01  5.1069e+02  9.9831e+00  2.1909e-01  8.6109e+01  5.6314e-01  9.1072e-02  1.4519e-01  1.9332e-01
1999.26055011  1.7360e-01  4.9643e+02  9.6690e+00  2.4625e-01  7.9747e+01  5.4104e-01  9.3340e-02  1.7688e-01  2.0387e-01
1999.26077855  1.7579e-01  4.9348e+02  9.7575e+00  2.4292e-01  8.7641e+01  5.5552e-01  1.0440e-01  1.6068e-01  1.8157e-01
1999.26100699  1.1164e-01  4.8206e+02  9.6971e+00  2.3789e-01  9.3960e+01  5.8360e-01  9.5599e-02  1.5368e-01  1.9839e-01
1999.26123542  8.7707e-02  4.7418e+02  9.6121e+00  2.1756e-01  9.6413e+01  5.2842e-01  8.3370e-02  1.2922e-01  2.0902e-01
1999.26146389  1.3792e-01  4.6685e+02  9.6166e+00  2.6302e-01  9.6676e+01  6.0729e-01  8.4425e-02  1.8588e-01  2.0001e-01
1999.26169233  1.6979e-01  4.6034e+02  9.6285e+00  2.4400e-01  8.9639e+01  5.2098e-01  8.3832e-02  1.4891e-01  2.2074e-01
1999.26192077  1.4695e-01  4.5095e+02  9.4883e+00  2.5803e-01  8.6637e+01  5.3739e-01  1.1467e-01  1.7066e-01  1.8953e-01
1999.26214921  1.3519e-01  4.3928e+02  9.4263e+00  2.3743e-01  9.7953e+01  5.1956e-01  9.1926e-02  1.8065e-01  2.1082e-01
1999.26237764  1.6259e-01  4.2723e+02  9.4456e+00  2.8323e-01  9.6264e+01  5.6405e-01  9.2705e-02  1.6190e-01  1.8841e-01
1999.26260611  2.0722e-01  4.1982e+02  9.7306e+00  2.4940e-01  9.7250e+01  5.6334e-01  1.0117e-01  1.6019e-01  2.0386e-01
1999.26283455  2.3659e-01  3.9639e+02  9.6718e+00  2.8951e-01  9.4759e+01  5.4051e-01  9.5074e-02  1.9646e-01  2.3434e-01
1999.26306299  2.4380e-01  3.9164e+02  9.6328e+00  2.6373e-01  9.1726e+01  5.5974e-01  9.9913e-02  1.7645e-01  2.1954e-01
1999.26329142  2.3329e-01  3.9364e+02  9.5843e+00  2.8125e-01  8.7547e+01  5.0478e-01  1.0563e-01  1.9556e-01  1.8854e-01
1999.26351986  2.4785e-01  3.9382e+02  9.4358e+00  2.7925e-01  9.3802e+01  5.8173e-01  1.1276e-01  1.7277e-01  2.1329e-01
1999.26374833  2.6224e-01  3.9211e+02  9.5283e+00  2.3747e-01  1.0217e+02  5.6535e-01  9.7047e-02  2.0710e-01  2.1284e-01
1999.26397677  2.2358e-01  3.8925e+02  9.5006e+00  2.3679e-01  8.4626e+01  5.2060e-01  9.0859e-02  1.8887e-01  2.1329e-01
1999.26420521  1.9005e-01  3.8584e+02  9.4479e+00  2.3677e-01  7.9570e+01  5.0293e-01  7.6622e-02  1.5825e-01  1.9790e-01
1999.26443367  1.4065e-01  3.8435e+02  9.7465e+00  2.0899e-01  7.3130e+01  5.0540e-01  9.3292e-02  1.9703e-01  2.0774e-01
1999.26466211  1.6954e-01  3.7621e+02  9.4761e+00  2.2927e-01  8.1924e+01  5.7023e-01  9.1137e-02  1.9195e-01  1.8779e-01
1999.26489055  1.5700e-01  3.7986e+02  9.5094e+00  2.6273e-01  9.1889e+01  5.6260e-01  9.5974e-02  1.8127e-01  2.2389e-01
1999.26511899  1.4769e-01  3.8150e+02  9.3604e+00  2.7796e-01  1.0140e+02  5.6110e-01  9.2161e-02  1.9418e-01  2.3434e-01
1999.26534745  9.2836e-02  3.7274e+02  9.4547e+00  3.5964e-01  1.2577e+02  7.5421e-01  1.0225e-01  2.1655e-01  2.4568e-01
1999.26557589  1.0813e-01  3.6287e+02  9.6119e+00  3.5194e-01  1.1499e+02  5.9129e-01  1.3079e-01  1.8417e-01  2.1760e-01
1999.26580433  1.3342e-01  3.5820e+02  9.6868e+00  3.5311e-01  1.1349e+02  6.4360e-01  9.6106e-02  1.6789e-01  2.5747e-01
1999.26603279  1.2228e-01  3.6140e+02  9.7920e+00  3.1387e-01  9.8953e+01  5.6301e-01  1.2287e-01  1.7929e-01  2.1575e-01
1999.26626123  9.7625e-02  3.6102e+02  9.6920e+00  1.3599e-01  9.2259e+01  5.2734e-01  1.5319e-01  1.6670e-01  1.5791e-01
1999.26648967  1.2825e-01  3.6310e+02  1.0308e+01  1.2098e-01  6.7266e+01  5.0467e-01  1.4197e-01  1.5969e-01  1.8745e-01
1999.26671814  1.5394e-01  3.6782e+02  1.0277e+01  1.3633e-01  6.8672e+01  5.3360e-01  1.1770e-01  2.2070e-01  1.9874e-01
1999.26694658  2.1419e-01  3.6515e+02  9.5509e+00  2.6790e-01  8.9804e+01  5.8731e-01  1.0914e-01  1.9371e-01  2.2625e-01
1999.26717501  2.5903e-01  3.7727e+02  9.7127e+00  2.7047e-01  1.0031e+02  5.7626e-01  1.1788e-01  1.9378e-01  1.9183e-01
1999.26740348  2.1251e-01  3.8111e+02  1.0181e+01  2.3092e-01  1.0372e+02  5.7472e-01  1.2189e-01  1.8894e-01  1.9028e-01
1999.26763192  3.3075e-01  3.7674e+02  1.1099e+01  1.4065e-01  1.1044e+02  6.2235e-01  1.1933e-01  1.7901e-01  2.1343e-01
1999.26786038  3.5492e-01  3.7044e+02  1.0458e+01  1.5385e-01  1.2649e+02  6.9661e-01  1.2837e-01  1.6439e-01  1.7853e-01
1999.26808882  2.6487e-01  3.6690e+02  1.0176e+01  3.0558e-01  1.0746e+02  6.2332e-01  1.4625e-01  1.6292e-01  2.2194e-01
1999.26831726  3.0055e-01  3.5839e+02  1.0104e+01  3.3694e-01  1.0746e+02  5.5015e-01  1.3969e-01  2.0188e-01  2.2660e-01
1999.26854573  3.3747e-01  3.7351e+02  1.0557e+01  2.1810e-01  1.0266e+02  5.4152e-01  1.0698e-01  1.9662e-01  1.9745e-01
1999.26877416  2.0560e-01  3.7599e+02  1.0254e+01  2.5751e-01  7.3217e+01  4.4418e-01  1.3258e-01  2.1252e-01  1.9835e-01
1999.26900263  2.4077e-01  3.6185e+02  1.0328e+01  3.0261e-01  1.0426e+02  6.2953e-01  1.2432e-01  2.0344e-01  2.2182e-01
1999.26923107  2.4711e-01  3.5610e+02  1.0537e+01  1.7956e-01  1.0090e+02  6.6475e-01  1.3425e-01  1.9587e-01  2.2038e-01
1999.26945953  2.0284e-01  3.5340e+02  1.0787e+01  1.1832e-01  1.2148e+02  6.5974e-01  1.3049e-01  1.8153e-01  1.8901e-01
1999.26968797  2.7766e-01  3.6601e+02  1.0568e+01  1.1014e-01  1.2520e+02  7.3451e-01  1.4100e-01  1.6689e-01  1.8584e-01
1999.26991641  3.2517e-01  3.5408e+02  1.0384e+01  2.6477e-01  1.1090e+02  6.3447e-01  1.8933e-01  1.9737e-01  2.1185e-01
1999.27014488  2.6767e-01  3.7385e+02  1.0247e+01  2.4256e-01  1.0179e+02  5.3936e-01  1.1701e-01  1.6298e-01  1.9756e-01
1999.27037375  3.2808e-01  3.7030e+02  1.0865e+01  1.5106e-01  1.3294e+02  5.9669e-01  1.1999e-01  1.5855e-01  1.4457e-01
1999.27060326  3.8105e-01  3.7465e+02  1.1160e+01  1.1354e-01  1.3835e+02  7.1226e-01  1.1154e-01  1.5628e-01  1.2940e-01
1999.27083271  3.0459e-01  3.6985e+02  1.0923e+01  8.8682e-02  1.1938e+02  6.3095e-01  1.2109e-01  1.6486e-01  1.4460e-01
1999.27106216  2.4451e-01  3.5778e+02  1.1389e+01  1.4832e-01  7.7913e+01  3.9345e-01  1.8746e-01  2.3356e-01  1.6547e-01
1999.27129164  1.8592e-01  3.4903e+02  1.1017e+01  2.2011e-01  6.5958e+01  3.6555e-01  1.5405e-01  2.3835e-01  2.4242e-01
1999.27152110  1.9293e-01  3.6771e+02  1.0320e+01  2.5336e-01  7.9773e+01  4.4529e-01  1.2331e-01  2.2551e-01  2.1056e-01
1999.27175055  2.5383e-01  3.9336e+02  9.8301e+00  2.0957e-01  4.8992e+01  3.6536e-01  1.5352e-01  1.9060e-01  2.3013e-01
1999.27198000  2.0052e-01  4.4088e+02  1.0333e+01  1.5949e-01  9.8061e+01  6.1478e-01  1.2351e-01  1.8700e-01  1.7955e-01
1999.27220945  1.5422e-01  5.2292e+02  1.0295e+01  1.2030e-01  9.1982e+01  5.5724e-01  8.8554e-02  1.5379e-01  1.7546e-01
1999.27243890  1.4683e-01  5.5401e+02  9.6649e+00  8.6589e-02  1.1206e+02  6.8352e-01  8.4081e-02  1.8691e-01  1.6219e-01
1999.27266838  1.3743e-01  5.4936e+02  9.5526e+00  8.6973e-02  1.0674e+02  6.7078e-01  6.8775e-02  1.8131e-01  1.5413e-01
1999.27289784  9.9426e-02  5.6009e+02  9.7324e+00  1.0883e-01  1.1145e+02  6.6835e-01  9.0854e-02  1.8690e-01  1.8211e-01
1999.27312729  8.5373e-02  5.6600e+02  9.4366e+00  9.9247e-02  1.0821e+02  6.6686e-01  7.7623e-02  1.2925e-01  2.0182e-01
1999.27335674  6.6838e-02  5.8395e+02  9.8561e+00  8.9824e-02  9.5906e+01  6.5485e-01  8.7242e-02  1.7871e-01  1.6251e-01
1999.27358619  4.3265e-02  6.0592e+02  9.2717e+00  9.6008e-02  8.3821e+01  5.8360e-01  5.5601e-02  2.0106e-01  1.5714e-01
1999.27381567  4.0567e-02  6.0094e+02  8.9955e+00  1.3959e-01  8.1592e+01  6.2009e-01  9.9321e-02  2.3771e-01  2.0535e-01
1999.27404512  4.2353e-02  5.7962e+02  9.0389e+00  1.3337e-01  9.2821e+01  6.8493e-01  8.7732e-02  2.4043e-01  2.1566e-01
1999.27427458  4.5932e-02  5.4991e+02  9.2505e+00  1.4479e-01  8.0025e+01  6.0814e-01  9.9184e-02  2.1566e-01  1.7939e-01
1999.27450403  3.8650e-02  5.6754e+02  9.2243e+00  1.7343e-01  9.4105e+01  7.0811e-01  1.0698e-01  2.4612e-01  2.5666e-01
1999.27473348  4.5626e-02  5.4988e+02  9.1994e+00  1.3424e-01  9.7539e+01  6.5581e-01  1.0066e-01  2.3789e-01  2.2641e-01
1999.27496296  5.0757e-02  5.4006e+02  9.6745e+00  9.8814e-02  1.0239e+02  7.7601e-01  1.0452e-01  2.5046e-01  2.0816e-01
1999.27519241  4.8575e-02  5.2356e+02  9.7337e+00  1.1335e-01  9.8682e+01  7.0104e-01  9.9953e-02  2.4496e-01  2.1379e-01
1999.27542186  5.5796e-02  4.9931e+02  9.5174e+00  9.8898e-02  9.8016e+01  6.9370e-01  8.9668e-02  2.3780e-01  1.9248e-01
1999.27565134  5.8771e-02  5.1009e+02  9.4527e+00  9.4143e-02  9.4557e+01  6.7888e-01  1.0172e-01  2.4522e-01  1.8159e-01
1999.27588079  6.6825e-02  5.0049e+02  9.5981e+00  6.6660e-02  1.0374e+02  7.4833e-01  8.3362e-02  2.3194e-01  2.0388e-01
1999.27611025  7.3726e-02  4.7677e+02  9.2132e+00  7.1201e-02  1.0502e+02  7.6820e-01  8.3342e-02  2.7206e-01  1.7321e-01
1999.27633970  6.6114e-02  4.6582e+02  9.3945e+00  1.3380e-01  1.1052e+02  6.1367e-01  1.1074e-01  2.5137e-01  1.8923e-01
1999.27656918  9.2231e-02  4.5650e+02  9.0672e+00  1.8359e-01  1.1377e+02  7.4033e-01  9.9217e-02  2.8268e-01  2.5794e-01
1999.27679863  8.0922e-02  4.6117e+02  9.2387e+00  2.4692e-01  1.1843e+02  7.1279e-01  1.2224e-01  2.8667e-01  3.1691e-01
1999.27702808  9.1681e-02  4.5154e+02  9.7780e+00  2.0141e-01  1.0438e+02  6.5304e-01  1.1893e-01  3.0034e-01  2.9367e-01
1999.27725759  1.2547e-01  4.7666e+02  9.6702e+00  1.8003e-01  1.0503e+02  5.8570e-01  1.2264e-01  2.7395e-01  2.7358e-01
1999.27748704  1.1436e-01  4.6843e+02  9.7721e+00  1.5876e-01  1.0599e+02  6.0544e-01  1.3193e-01  2.4934e-01  3.1643e-01
1999.27771649  1.5443e-01  4.5318e+02  9.4702e+00  1.6979e-01  1.2108e+02  6.7535e-01  9.8839e-02  2.4275e-01  3.0320e-01
1999.27794597  2.2260e-01  4.3688e+02  9.1061e+00  1.9335e-01  1.2635e+02  5.8890e-01  8.9312e-02  2.5372e-01  2.6570e-01
1999.27817542  1.7884e-01  4.3095e+02  8.9586e+00  2.5041e-01  1.2100e+02  6.3463e-01  1.1315e-01  2.1860e-01  2.6810e-01
1999.27840490  3.2585e-01  4.2922e+02  9.1252e+00  2.8882e-01  1.0026e+02  5.5969e-01  1.0029e-01  2.0966e-01  2.4009e-01
1999.27863436  3.5499e-01  4.3778e+02  9.6030e+00  1.5317e-01  1.4172e+02  6.7772e-01  1.0467e-01  2.1876e-01  2.3475e-01
1999.27886381  2.4888e-01  4.4792e+02  9.5123e+00  9.8103e-02  1.5223e+02  6.7353e-01  9.6100e-02  2.1679e-01  1.8364e-01
1999.27909329  1.2928e-01  4.6498e+02  9.6712e+00  1.0582e-01  1.3420e+02  6.8471e-01  8.0019e-02  2.1251e-01  2.1817e-01
1999.27932274  9.7064e-02  4.5675e+02  9.6915e+00  1.0502e-01  1.2103e+02  6.0310e-01  9.0270e-02  1.6640e-01  2.1557e-01
1999.27955222  6.9871e-02  4.6058e+02  9.5501e+00  1.3204e-01  1.3441e+02  7.5608e-01  1.0082e-01  2.5346e-01  2.5263e-01
1999.27978167  6.2052e-02  4.6133e+02  9.7108e+00  1.2316e-01  1.2162e+02  6.8532e-01  1.2940e-01  2.1928e-01  2.1411e-01
1999.28001115  6.2565e-02  4.5729e+02  9.4446e+00  1.2673e-01  1.1672e+02  6.2412e-01  8.8625e-02  1.9635e-01  2.0086e-01
1999.28024060  7.4154e-02  4.4676e+02  9.4242e+00  1.5243e-01  1.1675e+02  6.2092e-01  1.1186e-01  2.1712e-01  1.5748e-01
1999.28047005  1.8156e-01  4.2724e+02  8.9394e+00  1.4632e-01  1.3558e+02  5.7707e-01  1.0509e-01  2.1555e-01  1.8360e-01
1999.28069956  1.9006e-01  4.1107e+02  9.2213e+00  1.4942e-01  1.4082e+02  6.5202e-01  1.1178e-01  1.6615e-01  2.0262e-01
1999.28092901  1.9444e-01  3.9577e+02  8.8325e+00  1.5969e-01  1.2649e+02  5.7516e-01  1.0249e-01  2.1403e-01  1.5905e-01
1999.28115849  1.6745e-01  3.8614e+02  8.8517e+00  1.8951e-01  1.3393e+02  7.3461e-01  8.7284e-02  1.5770e-01  2.1155e-01
1999.28138795  1.9173e-01  3.9515e+02  8.7451e+00  1.8755e-01  1.3114e+02  6.2009e-01  9.6533e-02  1.6112e-01  2.4513e-01
1999.28161742  2.8845e-01  4.0187e+02  8.9541e+00  1.7211e-01  1.1776e+02  5.5967e-01  1.0075e-01  1.6545e-01  1.9318e-01
1999.28184688  2.8057e-01  3.9573e+02  9.0312e+00  1.7316e-01  1.2647e+02  6.5281e-01  9.8713e-02  1.5385e-01  2.1074e-01
1999.28207636  2.9105e-01  3.9043e+02  8.7855e+00  1.7760e-01  1.2629e+02  6.1781e-01  9.7537e-02  1.1558e-01  2.0311e-01
1999.28230581  3.6866e-01  3.9748e+02  9.1289e+00  1.6251e-01  1.4078e+02  6.7808e-01  1.2510e-01  1.7783e-01  1.9501e-01
1999.28253529  3.1000e-01  3.9923e+02  9.1937e+00  1.2751e-01  1.2552e+02  6.2196e-01  9.4095e-02  1.9378e-01  1.7525e-01
1999.28276474  2.4912e-01  4.0389e+02  8.8706e+00  1.8478e-01  1.2249e+02  6.6050e-01  8.7551e-02  1.6126e-01  1.8643e-01
1999.28299422  2.5153e-01  4.0771e+02  9.0347e+00  2.0174e-01  1.1555e+02  6.4175e-01  8.5874e-02  1.8029e-01  1.6590e-01
1999.28322367  3.5826e-01  4.0876e+02  8.7147e+00  2.4012e-01  1.0526e+02  5.9590e-01  8.1520e-02  1.8473e-01  1.6674e-01
1999.28345318  3.1512e-01  4.0590e+02  8.7314e+00  2.7181e-01  1.0971e+02  6.0314e-01  9.7260e-02  1.5073e-01  1.9254e-01
1999.28368266  3.1344e-01  3.9966e+02  8.9046e+00  2.4060e-01  1.0512e+02  6.1162e-01  5.4895e-02  1.6823e-01  1.9669e-01
1999.28391211  3.5419e-01  4.0511e+02  8.7891e+00  2.2608e-01  1.1187e+02  6.6122e-01  8.9012e-02  1.4291e-01  2.3067e-01
1999.28414159  4.7009e-01  4.1387e+02  8.8498e+00  2.0123e-01  1.2673e+02  6.8562e-01  7.6829e-02  1.6687e-01  2.1198e-01
1999.28437104  3.8076e-01  4.1181e+02  8.8688e+00  1.9432e-01  1.3036e+02  6.6057e-01  8.6424e-02  1.5654e-01  2.1494e-01
1999.28460052  3.6204e-01  4.1514e+02  8.9174e+00  2.4342e-01  1.0969e+02  6.3030e-01  8.2351e-02  1.7024e-01  2.4014e-01
1999.28483000  2.6266e-01  4.1354e+02  8.8744e+00  2.6072e-01  1.0937e+02  6.6391e-01  8.1024e-02  1.8265e-01  2.2937e-01
1999.28505945  2.4279e-01  4.1731e+02  9.0124e+00  2.3166e-01  9.5503e+01  6.0871e-01  9.5182e-02  1.4858e-01  2.4229e-01
1999.28528893  1.8484e-01  4.2155e+02  8.9069e+00  2.3613e-01  8.6543e+01  5.3754e-01  6.3982e-02  1.9387e-01  2.8055e-01
1999.28551838  2.0551e-01  4.2625e+02  8.8443e+00  3.0832e-01  9.1731e+01  6.2291e-01  8.8145e-02  1.9317e-01  3.2969e-01
1999.28574786  2.0085e-01  4.2330e+02  8.8550e+00  2.7323e-01  9.5992e+01  6.2791e-01  6.7474e-02  1.8398e-01  3.0721e-01
1999.28597737  1.7644e-01  4.2704e+02  8.7568e+00  2.4354e-01  9.8173e+01  6.3659e-01  7.5894e-02  2.2386e-01  2.5443e-01
1999.28620682  1.6122e-01  4.2098e+02  9.0123e+00  2.2421e-01  1.0138e+02  5.9646e-01  5.8293e-02  1.9132e-01  3.0164e-01
1999.28643630  9.1575e-02  4.0026e+02  8.8833e+00  2.2138e-01  1.0271e+02  6.9430e-01  1.0893e-01  2.3490e-01  2.6006e-01
1999.28666578  7.8191e-02  4.1331e+02  8.8305e+00  1.4649e-01  8.5738e+01  6.8807e-01  1.0049e-01  2.7950e-01  2.2256e-01
1999.28689523  7.9709e-02  4.1888e+02  8.7160e+00  1.7949e-01  7.4289e+01  7.0122e-01  1.0331e-01  2.8644e-01  1.8677e-01
1999.28712471  8.4251e-02  4.2369e+02  9.1277e+00  2.3134e-01  7.0841e+01  6.1213e-01  1.3429e-01  2.1856e-01  2.6842e-01
1999.28735419  9.0235e-02  4.1940e+02  9.2440e+00  1.7856e-01  6.8136e+01  6.2172e-01  8.9049e-02  2.5911e-01  2.3457e-01
1999.28758364  1.1386e-01  4.1380e+02  9.2550e+00  1.5623e-01  6.8962e+01  5.9449e-01  9.7821e-02  1.8964e-01  2.0013e-01
1999.28781312  1.1743e-01  4.0830e+02  9.0566e+00  1.6394e-01  8.0861e+01  5.7584e-01  1.0042e-01  2.2891e-01  1.8965e-01
1999.28804263  1.0509e-01  4.0775e+02  8.8045e+00  1.5381e-01  6.5621e+01  5.3151e-01  9.7696e-02  2.0895e-01  1.8792e-01
1999.28827208  8.6740e-02  4.0419e+02  9.3032e+00  1.7369e-01  6.2089e+01  5.2761e-01  1.0558e-01  2.0885e-01  1.9159e-01
1999.28850156  5.5262e-02  3.9236e+02  9.2931e+00  2.0426e-01  7.4359e+01  6.3007e-01  1.0375e-01  1.9575e-01  1.9395e-01
1999.28873104  1.0577e-01  4.2892e+02  9.4473e+00  1.4437e-01  7.0250e+01  6.6657e-01  1.0657e-01  2.3902e-01  2.4514e-01
1999.28896052  3.6317e-01  4.5019e+02  1.0147e+01  1.0389e-01  6.6246e+01  4.3929e-01  1.7440e-01  2.1655e-01  1.7741e-01
1999.28918997  3.6124e-01  4.6119e+02  1.0545e+01  1.5499e-01  3.7846e+01  3.3618e-01  1.7438e-01  2.3541e-01  2.7497e-01
1999.28941945  3.4525e-01  4.5858e+02  1.0212e+01  7.8617e-02  5.0823e+01  3.6293e-01  1.7388e-01  2.2998e-01  1.6804e-01
1999.28964893  2.5623e-01  4.4627e+02  9.9999e+00  1.0518e-01  4.7558e+01  3.8232e-01  1.4543e-01  2.0659e-01  1.8337e-01
1999.28987836  2.3941e-01  4.5071e+02  9.9659e+00  1.6396e-01  9.3111e+01  6.3377e-01  1.5155e-01  1.8174e-01  2.0688e-01
1999.29010781  2.2045e-01  4.3086e+02  1.1624e+01  2.0099e-01  4.0573e+01  3.1605e-01  1.6796e-01  2.0299e-01  1.9502e-01
1999.29033723  1.4658e-01  4.2814e+02  1.1724e+01  1.9248e-01  2.0487e+01  2.4495e-01  1.7293e-01  1.7208e-01  1.6148e-01
1999.29056668  1.5822e-01  4.2876e+02  1.2956e+01  1.7117e-01  1.4100e+01  3.7769e-01  2.2797e-01  1.9262e-01  2.4461e-01
1999.29079611  2.0378e-01  4.1700e+02  1.2328e+01  1.7627e-01  2.6070e+01  3.5537e-01  1.4431e-01  1.9599e-01  1.8275e-01
1999.29102556  2.1822e-01  4.0985e+02  1.0654e+01  2.2157e-01  5.4830e+01  3.0957e-01  1.6738e-01  1.5833e-01  1.6608e-01
1999.29125501  1.2648e-01  4.0139e+02  1.1490e+01  2.2235e-01  3.2303e+01  2.8115e-01  1.9857e-01  2.2551e-01  1.8446e-01
1999.29148444  1.5257e-01  3.9832e+02  1.2261e+01  1.5026e-01  1.6030e+01  2.4272e-01  1.5761e-01  1.6659e-01  1.5288e-01
1999.29171389  1.2437e-01  3.8913e+02  1.2393e+01  1.4459e-01  1.3647e+01  2.2504e-01  1.3162e-01  1.4579e-01  1.3363e-01
1999.29194332  6.6216e-02  3.8815e+02  1.3279e+01  1.8869e-01  1.1692e+01  2.2029e-01  2.4336e-01  2.5102e-01  2.1400e-01
1999.29217277  1.5986e-01  3.8194e+02  1.3501e+01  1.8789e-01  2.9052e+01  2.8897e-01  2.6713e-01  2.9826e-01  2.2627e-01
1999.29240216  3.7782e-01  3.8111e+02  1.2017e+01  1.8615e-01  1.7639e+02  8.1000e-01  1.5527e-01  1.8959e-01  1.5773e-01
1999.29263162  5.3066e-01  3.8947e+02  1.2247e+01  9.2333e-02  1.8362e+02  8.1906e-01  1.2783e-01  1.6703e-01  1.4646e-01
1999.29286107  3.6902e-01  3.6998e+02  1.1032e+01  1.2451e-01  1.5249e+02  5.5107e-01  1.3922e-01  1.9757e-01  1.9689e-01
1999.29309049  3.0765e-01  3.6568e+02  1.0775e+01  9.1339e-02  1.2506e+02  5.6134e-01  1.3467e-01  1.5390e-01  1.4856e-01
1999.29331995  2.6609e-01  3.6464e+02  1.0354e+01  2.2198e-01  6.9124e+01  3.8059e-01  1.4226e-01  1.7624e-01  1.7449e-01
1999.29354937  2.2693e-01  3.7672e+02  1.0278e+01  2.5445e-01  7.3008e+01  3.4337e-01  1.4014e-01  1.7184e-01  2.0424e-01
1999.29377882  3.3359e-01  3.7073e+02  8.9636e+00  5.1513e-01  1.1689e+02  4.8022e-01  1.2118e-01  1.6235e-01  2.0839e-01
1999.29400827  5.1055e-01  3.5837e+02  9.1916e+00  4.3742e-01  1.1983e+02  5.4700e-01  1.5047e-01  1.5950e-01  2.0141e-01
1999.29423770  5.6912e-01  3.5586e+02  9.5913e+00  3.4273e-01  1.3593e+02  5.7593e-01  1.3885e-01  1.3700e-01  1.9183e-01
1999.29446715  3.5110e-01  3.7266e+02  1.0167e+01  1.6023e-01  1.2598e+02  6.3749e-01  1.1893e-01  1.5827e-01  1.4299e-01
1999.29469660  1.1267e-01  4.0037e+02  1.0145e+01  7.6040e-02  1.4276e+02  7.0222e-01  1.1741e-01  1.7078e-01  1.3525e-01
1999.29492603  2.5780e-01  3.8996e+02  9.5974e+00  2.4456e-01  1.0416e+02  6.0795e-01  1.1633e-01  1.5279e-01  2.0988e-01
1999.29515548  2.1214e-01  3.9266e+02  9.5858e+00  2.4261e-01  1.0984e+02  6.8910e-01  1.1396e-01  1.5980e-01  1.8694e-01
1999.29538493  2.6614e-01  4.0043e+02  9.5366e+00  2.5079e-01  9.4874e+01  5.5889e-01  1.0631e-01  1.5385e-01  1.9710e-01
1999.29561438  2.5636e-01  4.0740e+02  9.5584e+00  2.2877e-01  8.9429e+01  5.4874e-01  1.2656e-01  1.3286e-01  1.9618e-01
1999.29584381  2.1899e-01  4.0383e+02  9.4837e+00  2.3517e-01  9.1839e+01  6.0174e-01  1.1602e-01  1.7452e-01  2.1052e-01
1999.29607326  1.2444e-01  4.0326e+02  8.9690e+00  2.3580e-01  8.8585e+01  6.2547e-01  1.2341e-01  1.6903e-01  1.7868e-01
1999.29630271  1.8307e-01  4.1161e+02  9.1146e+00  1.5717e-01  7.8099e+01  5.3657e-01  1.2062e-01  1.3480e-01  1.8060e-01
1999.29653216  2.0796e-01  4.0863e+02  9.1496e+00  1.5691e-01  9.0750e+01  6.0889e-01  1.2571e-01  1.6574e-01  1.9206e-01
1999.29676156  2.2683e-01  4.1716e+02  9.5248e+00  1.4755e-01  8.4170e+01  6.1821e-01  1.2459e-01  1.6100e-01  1.8731e-01
1999.29699101  2.3185e-01  4.6742e+02  9.4249e+00  9.8232e-02  8.7782e+01  6.3031e-01  1.2069e-01  1.2531e-01  1.4593e-01
1999.29722047  2.2124e-01  4.6597e+02  9.3964e+00  1.0188e-01  8.9645e+01  6.7223e-01  1.2774e-01  1.4059e-01  1.5050e-01
1999.29744992  1.3008e-01  4.4284e+02  9.4962e+00  9.8459e-02  8.6636e+01  6.8174e-01  1.2827e-01  1.5732e-01  1.6294e-01
1999.29767934  1.0319e-01  4.6055e+02  9.4605e+00  1.1258e-01  7.4735e+01  6.8659e-01  1.2028e-01  1.5025e-01  1.8232e-01
1999.29790879  1.2391e-01  4.6352e+02  9.3726e+00  9.1466e-02  9.1859e+01  6.7733e-01  1.1518e-01  1.6860e-01  1.7089e-01
1999.29813825  1.2448e-01  4.5667e+02  9.5890e+00  9.2625e-02  9.3968e+01  6.5572e-01  1.1179e-01  1.4056e-01  1.5695e-01
1999.29836770  2.1924e-01  4.6998e+02  9.7068e+00  1.0660e-01  8.0180e+01  6.4213e-01  1.1249e-01  1.2180e-01  1.5748e-01
1999.29859715  2.7726e-01  4.7480e+02  9.9167e+00  1.2447e-01  8.4854e+01  6.4431e-01  1.1447e-01  1.4618e-01  1.3739e-01
1999.29882660  3.5029e-01  4.8810e+02  1.0083e+01  1.5121e-01  9.2934e+01  6.5748e-01  1.2586e-01  1.0334e-01  1.6411e-01
1999.29905603  2.5774e-01  5.0135e+02  1.0071e+01  1.1265e-01  8.5553e+01  6.5691e-01  1.0464e-01  1.1311e-01  1.3115e-01
1999.29928548  4.6280e-01  5.1444e+02  1.0031e+01  1.0932e-01  8.6733e+01  5.9255e-01  1.0004e-01  1.1377e-01  1.3063e-01
1999.29951493  4.7597e-01  5.1566e+02  9.8822e+00  1.1795e-01  9.0294e+01  6.2287e-01  9.6834e-02  9.9458e-02  1.4599e-01
1999.29974438  4.6068e-01  5.2104e+02  9.6523e+00  1.0690e-01  9.7177e+01  6.8107e-01  9.8565e-02  9.8488e-02  1.4544e-01
1999.29997384  3.7511e-01  5.1658e+02  9.6703e+00  9.8297e-02  9.6375e+01  6.1607e-01  8.3570e-02  1.1210e-01  1.1881e-01
1999.30020329  5.3575e-01  5.2056e+02  9.7291e+00  9.7084e-02  1.0204e+02  6.4834e-01  8.8679e-02  1.0462e-01  1.3201e-01
1999.30043274  4.4893e-01  5.8693e+02  9.7138e+00  9.0495e-02  9.0254e+01  6.2956e-01  9.3456e-02  1.1952e-01  1.3503e-01
1999.30066219  3.7215e-01  6.3196e+02  9.6093e+00  1.2148e-01  7.7011e+01  6.2915e-01  8.6878e-02  1.0564e-01  1.4402e-01
1999.30089164  2.9728e-01  6.2022e+02  9.8536e+00  1.1710e-01  9.3734e+01  6.4910e-01  8.9336e-02  1.0664e-01  1.4399e-01
1999.30112107  3.1889e-01  6.1011e+02  9.7380e+00  1.3338e-01  5.4099e+01  5.9605e-01  1.0121e-01  1.1015e-01  1.4076e-01
1999.30135052  2.4142e-01  5.9472e+02  9.5852e+00  9.7307e-02  5.5224e+01  5.6199e-01  1.0342e-01  1.2083e-01  1.2781e-01
1999.30157997  2.1816e-01  5.7950e+02  9.5517e+00  1.5835e-01  4.7225e+01  5.0584e-01  1.0142e-01  1.1420e-01  1.6247e-01
1999.30180942  1.9591e-01  5.6349e+02  1.0397e+01  1.2485e-01  5.9566e+01  5.2516e-01  1.1200e-01  1.4859e-01  1.5713e-01
1999.30203888  1.5494e-01  5.4750e+02  9.6947e+00  1.3476e-01  2.5998e+01  3.7178e-01  1.3436e-01  1.4100e-01  1.5416e-01
1999.30226833  1.0963e-01  5.3562e+02  1.0532e+01  7.8157e-02  2.5236e+01  3.8212e-01  1.4669e-01  1.5530e-01  1.2974e-01
1999.30249778  1.1010e-01  5.3157e+02  1.0753e+01  8.4713e-02  3.2858e+01  3.3037e-01  1.3756e-01  1.5301e-01  1.3080e-01
1999.30272723  5.2356e-02  5.1402e+02  1.0700e+01  1.3970e-01  2.4048e+01  2.8237e-01  1.4491e-01  1.6675e-01  1.6005e-01
1999.30295668  5.2027e-02  5.0916e+02  1.1169e+01  1.4652e-01  1.9956e+01  3.4163e-01  1.2085e-01  2.2061e-01  1.8142e-01
1999.30318614  7.6839e-02  4.9845e+02  1.0978e+01  1.3290e-01  2.3277e+01  2.8386e-01  1.4668e-01  1.5172e-01  1.7753e-01
1999.30341559  2.5397e-01  5.0608e+02  1.2227e+01  1.6520e-01  4.5030e+01  3.4449e-01  1.1459e-01  1.6210e-01  1.2191e-01
1999.30364504  5.7763e-01  5.0269e+02  1.2939e+01  1.2186e-01  1.0424e+02  6.1820e-01  1.4168e-01  1.4425e-01  1.3830e-01
1999.30387449  5.1049e-01  4.9199e+02  1.3121e+01  1.5465e-01  1.0293e+02  5.8752e-01  1.4997e-01  1.5196e-01  1.2460e-01
1999.30410395  6.6587e-01  4.7512e+02  1.2662e+01  1.2280e-01  1.0940e+02  6.3533e-01  1.2726e-01  1.3905e-01  1.3185e-01
1999.30433340  4.8355e-01  4.7750e+02  1.0823e+01  9.2708e-02  1.4005e+02  7.5480e-01  1.2093e-01  1.3393e-01  1.0316e-01
1999.30456285  3.9324e-01  4.5820e+02  1.1117e+01  1.0207e-01  1.3109e+02  6.9371e-01  1.2827e-01  1.4246e-01  1.3316e-01
1999.30479230  3.1149e-01  4.4833e+02  1.1309e+01  1.6156e-01  9.2161e+01  5.0804e-01  1.4539e-01  1.4017e-01  1.4351e-01
1999.30502175  2.0719e-01  4.4253e+02  1.1230e+01  1.6508e-01  6.0426e+01  3.3766e-01  1.3251e-01  1.5533e-01  1.2589e-01
1999.30525121  1.1933e-01  4.3756e+02  1.2077e+01  1.4690e-01  3.2069e+01  2.6534e-01  1.4794e-01  1.4732e-01  9.7622e-02
1999.30548066  1.3388e-01  4.3771e+02  1.2181e+01  1.5486e-01  4.7413e+01  3.5735e-01  1.6108e-01  1.3619e-01  1.2082e-01
1999.30571011  5.7017e-01  4.4970e+02  1.1217e+01  9.4085e-02  1.1696e+02  6.8226e-01  1.2630e-01  1.2515e-01  1.2994e-01
1999.30593959  5.1532e-01  4.5072e+02  1.0270e+01  9.7167e-02  1.1251e+02  7.2796e-01  1.3183e-01  1.0440e-01  1.2687e-01
1999.30616904  5.7282e-01  4.3971e+02  1.0890e+01  9.5111e-02  1.2714e+02  7.3702e-01  1.3699e-01  1.1525e-01  1.4259e-01
1999.30639849  6.1271e-01  4.4203e+02  1.0538e+01  9.2182e-02  1.1759e+02  6.3873e-01  1.1407e-01  1.1043e-01  1.3116e-01
1999.30662795  6.0723e-01  4.3458e+02  1.0520e+01  6.4476e-02  1.1885e+02  6.0527e-01  1.2202e-01  1.3139e-01  1.2088e-01
1999.30685740  3.1204e-01  4.4907e+02  9.7172e+00  7.6680e-02  1.2738e+02  7.7390e-01  1.0862e-01  1.2989e-01  1.2890e-01
1999.30708685  2.3156e-01  4.6120e+02  9.7499e+00  8.7866e-02  1.1773e+02  7.6386e-01  1.1176e-01  1.3488e-01  1.2154e-01
1999.30731630  2.3548e-01  4.7668e+02  1.0213e+01  9.3020e-02  1.2104e+02  7.6245e-01  1.1967e-01  1.3779e-01  1.4852e-01
1999.30754575  1.9466e-01  4.8467e+02  1.0118e+01  1.1197e-01  7.7355e+01  6.1470e-01  1.2585e-01  1.0636e-01  1.3687e-01
1999.30777521  2.2007e-01  4.8715e+02  9.8693e+00  8.9385e-02  8.6593e+01  6.4698e-01  1.0258e-01  1.0446e-01  1.3438e-01
1999.30800468  1.7442e-01  4.8323e+02  1.0106e+01  8.4781e-02  9.9249e+01  6.6584e-01  1.0271e-01  1.2467e-01  1.3857e-01
1999.30823414  1.8556e-01  4.5090e+02  1.0367e+01  1.1908e-01  1.0101e+02  7.0860e-01  1.4083e-01  1.4962e-01  1.3977e-01
1999.30846359  1.5280e-01  4.4144e+02  1.0116e+01  1.0771e-01  8.7056e+01  6.2549e-01  1.4124e-01  1.3613e-01  1.3216e-01
1999.30869307  1.4401e-01  4.3210e+02  1.0114e+01  1.2973e-01  9.8673e+01  6.9191e-01  1.4100e-01  1.4284e-01  1.5017e-01
1999.30892252  3.0192e-01  4.1658e+02  1.0235e+01  1.1304e-01  1.2891e+02  7.4972e-01  1.2045e-01  1.2573e-01  1.5793e-01
1999.30915195  4.6924e-01  4.2210e+02  1.0114e+01  1.1172e-01  1.1403e+02  7.3006e-01  9.9185e-02  1.6485e-01  1.5162e-01
1999.30938140  4.2277e-01  4.4311e+02  9.5867e+00  1.4028e-01  1.0317e+02  7.1369e-01  9.9753e-02  1.6709e-01  1.8317e-01
1999.30961082  3.3399e-01  4.4444e+02  9.6409e+00  1.2616e-01  9.6635e+01  6.3023e-01  1.1155e-01  1.5041e-01  1.5946e-01
1999.30984025  2.1398e-01  4.5095e+02  9.4631e+00  9.7428e-02  9.9151e+01  7.1144e-01  1.3393e-01  1.3014e-01  1.5159e-01
1999.31006970  1.9125e-01  4.4985e+02  9.4756e+00  1.0719e-01  9.4379e+01  7.4550e-01  1.2374e-01  1.5475e-01  1.4307e-01
1999.31029912  1.5839e-01  4.5258e+02  9.5080e+00  1.0101e-01  9.0340e+01  7.1465e-01  1.3888e-01  1.5018e-01  1.3604e-01
1999.31052858  1.3882e-01  4.5614e+02  9.3321e+00  9.9264e-02  8.1445e+01  6.8710e-01  1.1466e-01  1.4288e-01  1.2940e-01
1999.31075800  1.3014e-01  4.5745e+02  9.4612e+00  1.0476e-01  7.8458e+01  7.0112e-01  1.2616e-01  1.1662e-01  1.6456e-01
1999.31098742  9.2164e-02  4.4738e+02  9.2322e+00  8.6235e-02  7.8224e+01  7.1330e-01  1.2811e-01  1.3115e-01  1.4443e-01
1999.31121688  9.5730e-02  4.3076e+02  9.9091e+00  8.9374e-02  8.8039e+01  7.2335e-01  1.2236e-01  1.4778e-01  1.5400e-01
1999.31144627  1.0488e-01  4.2825e+02  9.7481e+00  9.6234e-02  9.4211e+01  7.2728e-01  1.4703e-01  1.5802e-01  1.3193e-01
1999.31167573  1.0941e-01  4.2818e+02  9.8829e+00  6.8843e-02  1.0101e+02  7.7257e-01  1.3128e-01  1.4918e-01  1.3068e-01
1999.31190515  1.3129e-01  4.2153e+02  1.0272e+01  8.8188e-02  9.3943e+01  7.5312e-01  1.3616e-01  1.6379e-01  1.4179e-01
1999.31213460  1.4064e-01  4.1732e+02  1.0178e+01  9.8062e-02  8.5735e+01  6.4373e-01  1.2671e-01  1.6936e-01  1.4116e-01
1999.31236403  1.3825e-01  4.0758e+02  1.0108e+01  9.0915e-02  8.4175e+01  5.9955e-01  1.4860e-01  1.5265e-01  1.4774e-01
1999.31259348  1.4940e-01  4.0200e+02  1.0092e+01  1.1203e-01  9.0580e+01  7.1631e-01  1.4170e-01  1.3527e-01  1.2676e-01
1999.31282290  1.6166e-01  3.9931e+02  1.0067e+01  1.1850e-01  9.1568e+01  6.9956e-01  1.3060e-01  1.8063e-01  1.4484e-01
1999.31305236  1.7216e-01  3.9520e+02  1.0078e+01  1.4978e-01  8.6261e+01  6.4789e-01  1.3687e-01  1.5881e-01  1.5606e-01
1999.31328178  1.1155e-01  3.8906e+02  9.8451e+00  1.7930e-01  8.3209e+01  6.2001e-01  1.3509e-01  1.3920e-01  1.6759e-01
1999.31351123  1.1913e-01  3.9142e+02  1.0212e+01  1.4355e-01  9.6757e+01  6.3810e-01  1.0740e-01  1.5404e-01  1.6124e-01
1999.31374066  9.6202e-02  3.9248e+02  9.9861e+00  1.6468e-01  8.0580e+01  5.8399e-01  1.1426e-01  1.3237e-01  1.5953e-01
1999.31397011  9.9435e-02  3.9212e+02  1.0162e+01  2.2506e-01  9.0379e+01  6.0063e-01  1.2849e-01  1.5705e-01  1.6832e-01
1999.31419951  1.1019e-01  3.7985e+02  1.0161e+01  1.3372e-01  6.6430e+01  3.7614e-01  1.3393e-01  1.1948e-01  1.3068e-01
1999.31442896  1.0517e-01  3.6991e+02  1.0781e+01  1.2608e-01  5.6607e+01  4.2397e-01  1.5647e-01  1.3992e-01  1.6380e-01
1999.31465841  1.5416e-01  3.7907e+02  1.0261e+01  1.6906e-01  7.3118e+01  5.0308e-01  1.2525e-01  1.5345e-01  1.6101e-01
1999.31488784  2.0908e-01  3.7765e+02  1.0381e+01  1.6496e-01  7.2407e+01  4.3771e-01  1.1019e-01  1.4584e-01  1.3657e-01
1999.31511729  2.1677e-01  3.6626e+02  9.8539e+00  3.3759e-01  1.0939e+02  5.0805e-01  1.2100e-01  1.5281e-01  1.5666e-01
1999.31534671  2.7625e-01  3.6118e+02  1.0012e+01  2.0096e-01  9.8493e+01  5.3666e-01  1.3122e-01  1.3745e-01  1.6603e-01
1999.31557616  2.3620e-01  3.7063e+02  9.9635e+00  1.8592e-01  9.6816e+01  5.7825e-01  1.3191e-01  1.4088e-01  1.5523e-01
1999.31580562  2.6085e-01  3.7986e+02  1.0234e+01  1.6958e-01  1.0252e+02  6.6867e-01  1.2423e-01  1.4743e-01  1.7895e-01
1999.31603504  1.1644e-01  4.0588e+02  1.0659e+01  1.4079e-01  9.1658e+01  6.8866e-01  1.3919e-01  1.6153e-01  1.5505e-01
1999.31626449  1.5814e-02  3.8524e+02  9.9188e+00  8.2318e-02  1.1796e+02  9.5788e-01  2.0987e-01  1.6787e-01  1.8743e-01
1999.31649392  1.1825e-02  3.9654e+02  1.0619e+01  1.2808e-01  7.7199e+01  6.7526e-01  1.6697e-01  1.8271e-01  2.6421e-01
1999.31672337  4.4898e-03  4.4432e+02  9.2380e+00 -9.9999e+03  1.3730e+02  1.6533e+00  4.2420e-01  3.4209e-01  1.5116e-01
1999.31695282  2.2406e-03  4.8708e+02  1.3000e+01 -9.9999e+03  1.2826e+02  8.1414e-01  1.7053e-01  3.3406e-01  1.1274e-01
1999.31718225  7.6653e-04  4.9311e+02 -9.9999e+03 -9.9999e+03 -9.9999e+03 -9.9999e+03 -9.9999e+03 -9.9999e+03 -9.9999e+03
1999.31741170  6.8816e-04  4.5015e+02 -9.9999e+03 -9.9999e+03 -9.9999e+03 -9.9999e+03 -9.9999e+03 -9.9999e+03 -9.9999e+03
1999.31764115  3.0761e-04  5.2733e+02 -9.9999e+03 -9.9999e+03 -9.9999e+03 -9.9999e+03 -9.9999e+03 -9.9999e+03 -9.9999e+03
1999.31787060  3.0151e-04  5.0655e+02 -9.9999e+03 -9.9999e+03 -9.9999e+03 -9.9999e+03 -9.9999e+03 -9.9999e+03 -9.9999e+03
1999.31810000  3.2977e-04  5.4261e+02 -9.9999e+03 -9.9999e+03 -9.9999e+03 -9.9999e+03 -9.9999e+03 -9.9999e+03 -9.9999e+03
1999.31832945  2.1828e-03  4.4132e+02  1.0000e+01 -9.9999e+03  1.1349e+02  6.5881e-01  3.1764e-01  3.9640e-01  2.6417e-01
1999.31855890  1.3722e-02  4.8296e+02  1.0653e+01  7.1046e-02  6.5143e+01  7.1566e-01  1.4299e-01  1.0562e-01  1.3862e-01
1999.31878833  7.1400e-03  5.7025e+02  1.0695e+01  7.9562e-02  6.9226e+01  8.2501e-01  1.3106e-01  2.7906e-01  1.2773e-01
1999.31901778  1.5163e-02  5.5870e+02  1.1671e+01  5.5904e-02  9.5496e+01  8.3932e-01  1.7915e-01  1.3390e-01  1.6735e-01
1999.31924723  3.3269e-02  5.5428e+02  1.2004e+01  2.1704e-01  1.5958e+02  5.9714e-01  1.5495e-01  2.1264e-01  1.9608e-01
1999.31947668  7.2761e-03  5.6905e+02  1.0508e+01  3.8491e-01  1.1381e+02  5.5866e-01  1.8860e-01  2.2040e-01  3.0611e-01
1999.31970611  2.4570e-03  6.0597e+02  1.0664e+01  2.2780e-01  1.0366e+02  9.0593e-01  2.0937e-01  1.6895e-01  1.4508e-01
1999.31993556  2.7777e-02  5.2181e+02  1.1774e+01  1.0838e-01  2.0037e+02  7.6942e-01  1.6693e-01  1.2928e-01  1.7849e-01
1999.32016501  1.5017e-02  5.2170e+02  1.2766e+01  1.3313e-01  2.1399e+02  6.2762e-01  1.0472e-01  2.6660e-01  1.5231e-01
1999.32039447  2.2938e-03  5.2293e+02  1.0205e+01  2.5638e-01  1.1584e+02  1.1276e+00  2.1766e-01  5.4150e-01  3.5999e-01
1999.32062392  7.4713e-03  5.0770e+02  9.6079e+00  7.5587e-02  3.8185e+01  6.1500e-01  1.2351e-01  1.4326e-01  1.8241e-01
1999.32085334  6.2879e-03  4.8825e+02  9.5146e+00  6.5072e-02  4.9537e+01  7.4509e-01  1.5052e-01  2.4731e-01  1.8916e-01
1999.32108279  7.7530e-03  4.6856e+02  1.0098e+01  1.1185e-01  6.5247e+01  1.0126e+00  1.9974e-01  1.7370e-01  1.9834e-01
1999.32131225  1.2280e-02  4.8592e+02  9.8767e+00  1.0368e-01  3.8542e+01  6.7673e-01  1.2624e-01  2.6257e-01  1.9235e-01
1999.32154170  2.3531e-02  4.7308e+02  1.0118e+01  1.3544e-01  4.1108e+01  6.3286e-01  1.2230e-01  1.7265e-01  2.1428e-01
1999.32177115  2.6577e-02  4.6013e+02  9.2362e+00  9.8269e-02  4.0671e+01  5.6348e-01  1.1919e-01  1.4174e-01  1.3983e-01
1999.32200060  5.2644e-02  4.4945e+02  9.5469e+00  9.6868e-02  4.6351e+01  7.1426e-01  1.4062e-01  1.6724e-01  1.5710e-01
1999.32223005  4.7043e-02  4.2900e+02  9.6353e+00  8.5084e-02  4.7026e+01  7.1066e-01  1.9708e-01  1.5604e-01  1.6900e-01
1999.32245948  4.5653e-02  4.3182e+02  1.0099e+01  8.6269e-02  4.2716e+01  6.6406e-01  1.5455e-01  1.6404e-01  1.6167e-01
1999.32268893  8.2756e-02  4.3043e+02  9.6474e+00  1.3826e-01  4.7467e+01  6.8756e-01  1.4286e-01  1.5534e-01  1.4649e-01
1999.32291838  8.8412e-02  4.3773e+02  9.4995e+00  1.9117e-01  5.2149e+01  7.3344e-01  1.5334e-01  1.4513e-01  1.8632e-01
1999.32314784  1.6468e-01  4.4078e+02  9.5268e+00  1.5033e-01  5.6705e+01  6.2663e-01  1.3002e-01  1.4210e-01  1.8492e-01
1999.32337729  1.9967e-01  4.4794e+02  9.6447e+00  1.1891e-01  6.0292e+01  6.1521e-01  1.3411e-01  1.4347e-01  1.7468e-01
1999.32360674  1.8440e-01  4.6078e+02  9.5895e+00  1.1739e-01  6.6696e+01  6.0389e-01  1.1077e-01  1.4168e-01  1.4968e-01
1999.32383619  1.8275e-01  4.7525e+02  9.6977e+00  1.2573e-01  7.0891e+01  6.5204e-01  1.4359e-01  1.1435e-01  1.5559e-01
1999.32406564  2.2121e-01  4.7741e+02  9.7696e+00  1.4389e-01  7.1102e+01  6.5462e-01  1.2120e-01  1.2339e-01  1.5378e-01
1999.32429510  2.4822e-01  4.9237e+02  9.8779e+00  1.5267e-01  7.0951e+01  6.2553e-01  1.0889e-01  1.0514e-01  1.4766e-01
1999.32452455  4.7620e-01  5.2642e+02  9.7958e+00  1.2250e-01  8.8196e+01  6.4500e-01  1.0785e-01  1.0697e-01  1.4080e-01
1999.32475400  3.9978e-01  5.1778e+02  9.6181e+00  1.0903e-01  9.3087e+01  6.4800e-01  1.1284e-01  1.1387e-01  1.2135e-01
1999.32498342  3.3233e-01  5.2698e+02  9.4410e+00  1.1744e-01  8.7279e+01  6.0028e-01  1.0466e-01  1.0321e-01  1.3513e-01
1999.32521288  3.4269e-01  5.2264e+02  9.6096e+00  1.0606e-01  9.5720e+01  6.4167e-01  1.2358e-01  1.1611e-01  1.3704e-01
1999.32544233  3.4292e-01  5.3758e+02  9.6667e+00  1.0215e-01  9.2012e+01  6.6002e-01  1.2761e-01  9.8098e-02  1.4748e-01
1999.32567178  3.6713e-01  5.4574e+02  9.6845e+00  1.1967e-01  8.8273e+01  6.3061e-01  1.1415e-01  1.1192e-01  1.3172e-01
1999.32590123  2.6645e-01  5.5201e+02  9.6784e+00  1.1994e-01  7.8049e+01  6.1969e-01  1.1356e-01  1.0375e-01  1.4005e-01
1999.32613068  2.0690e-01  5.8212e+02  9.7545e+00  1.0005e-01  8.8211e+01  6.4350e-01  1.1544e-01  1.0410e-01  1.3697e-01
1999.32636014  2.2915e-01  6.3626e+02  9.7609e+00  9.0932e-02  9.9562e+01  6.5669e-01  1.2342e-01  9.9952e-02  1.4276e-01
1999.32658959  2.5191e-01  6.3534e+02  9.6520e+00  9.1103e-02  1.0680e+02  6.6506e-01  1.0517e-01  1.2549e-01  1.2314e-01
1999.32681904  2.4112e-01  6.1074e+02  1.0062e+01  7.5534e-02  9.1748e+01  6.5528e-01  1.0264e-01  1.0418e-01  1.3752e-01
1999.32704849  2.3263e-01  6.1271e+02  1.0008e+01  9.7355e-02  8.4491e+01  6.5997e-01  1.0110e-01  1.2258e-01  1.5003e-01
1999.32727795  2.2260e-01  6.6493e+02  9.8102e+00  9.6780e-02  9.2522e+01  6.8461e-01  9.0508e-02  9.3722e-02  1.4430e-01
1999.32750742  2.0219e-01  6.5240e+02  1.0138e+01  6.3201e-02  9.7430e+01  6.6179e-01  8.4576e-02  1.1579e-01  1.1258e-01
1999.32773688  2.3802e-01  6.5978e+02  9.7455e+00  1.1001e-01  7.4928e+01  6.4368e-01  7.7766e-02  1.1670e-01  1.4095e-01
1999.32796636  1.9712e-01  6.5484e+02  9.7653e+00  1.2337e-01  7.6581e+01  6.6880e-01  8.4911e-02  1.2248e-01  1.5686e-01
1999.32819578  1.7983e-01  6.5323e+02  9.6822e+00  1.0759e-01  8.0136e+01  6.2452e-01  7.2318e-02  1.1385e-01  1.4842e-01
1999.32842518  2.0404e-01  6.5207e+02  9.7672e+00  9.3030e-02  8.0037e+01  6.3555e-01  6.9154e-02  1.1016e-01  1.3298e-01
1999.32865458  1.1582e-01  6.5110e+02  9.8323e+00  7.9101e-02  8.3388e+01  6.2695e-01  7.4756e-02  9.3725e-02  1.3615e-01
1999.32888400  1.0934e-01  6.5220e+02  9.7548e+00  1.1111e-01  7.6201e+01  6.3791e-01  9.2385e-02  1.0094e-01  1.3250e-01
1999.32911342  1.5167e-01  6.6877e+02  9.7957e+00  1.0328e-01  6.8836e+01  6.4451e-01  8.1120e-02  1.0023e-01  1.2721e-01
1999.32934282  1.6397e-01  6.6543e+02  9.8196e+00  9.6374e-02  7.0216e+01  6.5087e-01  7.6810e-02  1.0222e-01  1.3689e-01
1999.32957225  1.1763e-01  6.6180e+02  1.0059e+01  9.8764e-02  7.1050e+01  6.1557e-01  8.2036e-02  1.0810e-01  1.2777e-01
1999.32980164  1.4461e-01  6.5582e+02  9.9653e+00  9.5780e-02  7.6209e+01  6.5900e-01  8.5362e-02  1.0095e-01  1.2315e-01
1999.33003104  1.4154e-01  6.4783e+02  1.0091e+01  9.4875e-02  7.9396e+01  6.9963e-01  8.3281e-02  1.1624e-01  1.2622e-01
1999.33026047  1.2752e-01  6.3403e+02  9.9610e+00  7.5896e-02  9.0543e+01  6.7819e-01  8.4233e-02  1.0035e-01  1.3577e-01
1999.33048989  1.7825e-01  6.3425e+02  1.0358e+01  9.4705e-02  7.7599e+01  6.8668e-01  9.8054e-02  1.1722e-01  1.1663e-01
1999.33071926  2.1528e-01  6.2929e+02  1.0480e+01  9.8554e-02  8.1422e+01  6.5724e-01  1.0985e-01  1.0622e-01  1.2541e-01
1999.33094868  2.2358e-01  6.2335e+02  1.0119e+01  1.1137e-01  8.4419e+01  6.5481e-01  8.9165e-02  1.2572e-01  1.3581e-01
1999.33117811  2.6935e-01  6.2227e+02  9.9942e+00  1.2422e-01  8.4280e+01  6.4210e-01  8.6928e-02  1.2366e-01  1.4774e-01
1999.33140751  1.7750e-01  6.1825e+02  9.8348e+00  1.2194e-01  8.7729e+01  6.4852e-01  8.4488e-02  1.2192e-01  1.7834e-01
1999.33163693  2.0601e-01  6.1371e+02  9.8100e+00  1.1787e-01  8.6062e+01  6.2940e-01  8.4897e-02  1.2953e-01  1.4233e-01
1999.33186636  2.0829e-01  6.1592e+02  9.8530e+00  1.1089e-01  9.1908e+01  7.0722e-01  7.4167e-02  1.2683e-01  1.5444e-01
1999.33209575  1.9177e-01  6.0027e+02  1.0176e+01  1.1643e-01  9.4309e+01  6.4982e-01  8.6108e-02  1.3947e-01  1.5444e-01
1999.33232515  1.7874e-01  5.7735e+02  1.0455e+01  1.0286e-01  9.1163e+01  6.7457e-01  8.6069e-02  1.1775e-01  1.4735e-01
1999.33255458  1.5292e-01  5.7030e+02  1.0432e+01  1.0867e-01  8.7884e+01  6.4212e-01  9.0397e-02  1.1747e-01  1.4810e-01
1999.33278400  1.9736e-01  5.5604e+02  1.0272e+01  1.1459e-01  9.6013e+01  6.5889e-01  8.9190e-02  1.1010e-01  1.4536e-01
1999.33301342  1.9069e-01  5.4063e+02  1.0342e+01  9.6047e-02  1.0136e+02  6.4214e-01  8.8643e-02  1.3773e-01  1.3926e-01
1999.33324279  2.4580e-01  5.3314e+02  1.0126e+01  1.0947e-01  9.8187e+01  6.2997e-01  9.3969e-02  1.2308e-01  1.3324e-01
1999.33347222  2.1136e-01  5.2259e+02  1.0164e+01  9.8407e-02  9.8782e+01  6.2583e-01  1.0018e-01  9.9919e-02  1.4193e-01
1999.33370164  2.5453e-01  5.1942e+02  9.9749e+00  1.1699e-01  1.1165e+02  6.7438e-01  9.5173e-02  1.1451e-01  1.6261e-01
1999.33393107  2.6919e-01  5.1934e+02  1.0026e+01  1.0525e-01  1.0226e+02  6.4251e-01  8.7235e-02  1.3795e-01  1.4757e-01
1999.33416049  2.6197e-01  5.2190e+02  9.8906e+00  1.0286e-01  1.0316e+02  6.2750e-01  8.5903e-02  1.0774e-01  1.4306e-01
1999.33438986  1.9799e-01  5.1906e+02  1.0065e+01  1.0855e-01  1.0146e+02  6.7297e-01  7.7160e-02  1.4129e-01  1.4863e-01
1999.33461929  2.0577e-01  5.1618e+02  1.0043e+01  1.0990e-01  9.6618e+01  6.3584e-01  8.1709e-02  1.3633e-01  1.4722e-01
1999.33484871  1.5467e-01  5.1013e+02  1.0162e+01  1.0050e-01  9.5838e+01  6.2895e-01  8.6232e-02  1.3489e-01  1.3087e-01
1999.33507814  2.5870e-01  5.0225e+02  1.0014e+01  1.1893e-01  9.4196e+01  5.9195e-01  9.5228e-02  1.0543e-01  1.4127e-01
1999.33530756  1.8672e-01  4.9327e+02  1.0129e+01  1.1521e-01  9.1639e+01  5.9127e-01  9.3716e-02  1.1548e-01  1.4597e-01
1999.33553699  1.7000e-01  5.3709e+02  1.0407e+01  8.1229e-02  9.5252e+01  6.2493e-01  9.2803e-02  9.3162e-02  1.2562e-01
1999.33576638  1.1706e-01  5.2083e+02  1.0344e+01  7.0260e-02  9.0437e+01  5.8642e-01  8.9750e-02  1.0445e-01  1.0681e-01
1999.33599581  1.4773e-01  5.1345e+02  1.0585e+01  8.9434e-02  9.1393e+01  6.1603e-01  1.0374e-01  9.8877e-02  1.5186e-01
1999.33622523  1.2273e-01  5.0713e+02  1.0400e+01  1.1678e-01  1.0411e+02  6.4555e-01  1.0270e-01  1.3987e-01  1.2050e-01
1999.33645466  1.0911e-01  5.0108e+02  1.0227e+01  9.8099e-02  9.8010e+01  6.3385e-01  9.8987e-02  1.1884e-01  1.2892e-01
1999.33668405  1.2293e-01  4.8573e+02  1.0150e+01  1.0666e-01  9.3139e+01  6.2644e-01  9.6391e-02  1.2736e-01  1.4133e-01
1999.33691345  1.7246e-01  4.7357e+02  1.0022e+01  1.0605e-01  1.0154e+02  6.5119e-01  1.0420e-01  1.3532e-01  1.3867e-01
1999.33714288  1.8793e-01  4.6149e+02  1.0109e+01  1.0711e-01  1.0005e+02  6.0506e-01  9.9886e-02  1.6467e-01  1.4638e-01
1999.33737230  1.9970e-01  4.5422e+02  9.9270e+00  1.1855e-01  9.9648e+01  6.8459e-01  9.7007e-02  1.2433e-01  1.4549e-01
1999.33760173  2.2595e-01  4.4974e+02  9.9828e+00  1.3197e-01  1.0117e+02  6.5832e-01  1.0477e-01  1.1612e-01  1.4780e-01
1999.33783115  2.1182e-01  4.4454e+02  1.0088e+01  1.4207e-01  1.0587e+02  6.8476e-01  1.1138e-01  1.2382e-01  1.5866e-01
1999.33806058  1.7839e-01  4.4642e+02  1.0494e+01  1.5656e-01  1.0984e+02  6.5014e-01  1.0754e-01  1.1970e-01  1.6334e-01
1999.33828997  2.1950e-01  4.4408e+02  1.0046e+01  1.3017e-01  1.0029e+02  6.5717e-01  1.1514e-01  1.2668e-01  1.7292e-01
1999.33851940  2.4764e-01  4.4306e+02  1.0162e+01  1.3244e-01  1.0713e+02  6.6210e-01  1.0532e-01  1.4796e-01  1.5410e-01
1999.33874882  2.6064e-01  4.3349e+02  1.0136e+01  1.1604e-01  1.0381e+02  6.3677e-01  1.0703e-01  1.5844e-01  1.3586e-01
1999.33897825  2.2574e-01  4.2695e+02  1.0309e+01  1.3134e-01  1.0046e+02  6.5775e-01  1.0654e-01  1.4502e-01  1.5099e-01
1999.33920767  2.4047e-01  4.2047e+02  1.0241e+01  1.8547e-01  1.0205e+02  6.5243e-01  9.3831e-02  1.4954e-01  1.6272e-01
1999.33943712  2.2788e-01  4.2241e+02  1.0565e+01  1.5754e-01  9.3146e+01  5.9608e-01  1.0026e-01  1.5403e-01  1.4159e-01
1999.33966655  1.4969e-01  4.2221e+02  1.0878e+01  1.7622e-01  9.4670e+01  5.8393e-01  1.0925e-01  1.2841e-01  1.3796e-01
1999.33989597  1.3665e-01  4.1542e+02  1.0714e+01  1.6055e-01  9.4295e+01  5.6276e-01  8.8114e-02  1.2155e-01  1.4161e-01
1999.34012537  1.4334e-01  4.1226e+02  1.0752e+01  1.5851e-01  9.9398e+01  5.9979e-01  1.1441e-01  1.5420e-01  1.4462e-01
1999.34035479  2.4061e-01  4.0011e+02  1.0851e+01  1.5630e-01  1.0153e+02  5.8386e-01  1.0753e-01  1.3121e-01  1.3163e-01
1999.34058422  3.0668e-01  4.0069e+02  1.0901e+01  1.5615e-01  1.0162e+02  5.8861e-01  1.2109e-01  1.4736e-01  1.4791e-01
1999.34081364  2.6652e-01  3.9370e+02  1.0489e+01  1.6007e-01  1.0425e+02  5.8150e-01  1.1695e-01  1.1005e-01  1.4153e-01
1999.34104307  2.3675e-01  3.7244e+02  1.0596e+01  1.7425e-01  1.0389e+02  5.6601e-01  1.0267e-01  1.2320e-01  1.3687e-01
1999.34127249  2.9017e-01  3.9168e+02  1.0777e+01  1.8158e-01  1.0700e+02  6.0894e-01  9.7392e-02  1.2421e-01  1.4471e-01
1999.34150189  5.5620e-01  4.2720e+02  1.0728e+01  2.2332e-01  7.5788e+01  3.9607e-01  1.0425e-01  1.4882e-01  1.5255e-01
1999.34173134  3.3999e-01  4.4926e+02  1.1881e+01  1.3007e-01  8.2654e+01  5.5892e-01  1.3960e-01  1.3766e-01  1.3213e-01
1999.34196077  6.7623e-01  4.0984e+02  1.1698e+01  1.0499e-01  9.7286e+01  6.0880e-01  1.3024e-01  1.6178e-01  1.1507e-01
1999.34219019  4.6766e-01  4.0949e+02  1.1717e+01  1.4249e-01  9.8568e+01  5.7563e-01  1.5225e-01  1.3411e-01  1.3125e-01
1999.34241962  1.2976e-01  5.2445e+02  9.7649e+00  1.2395e-01  1.1316e+02  5.9355e-01  9.0274e-02  1.7391e-01  1.6448e-01
1999.34264904  1.3929e-01  5.6901e+02  9.2238e+00  1.2817e-01  9.1709e+01  6.0238e-01  7.9665e-02  1.4143e-01  2.0565e-01
1999.34287847  1.5616e-01  5.3421e+02  9.5377e+00  1.0685e-01  9.8965e+01  7.0663e-01  8.0024e-02  1.6898e-01  1.5347e-01
1999.34310789  1.8572e-01  5.1179e+02  9.3929e+00  1.2576e-01  1.0172e+02  6.5062e-01  7.8302e-02  1.4045e-01  1.8153e-01
1999.34333732  2.0539e-01  4.9778e+02  9.5019e+00  1.4307e-01  9.5765e+01  6.1930e-01  7.0876e-02  1.6077e-01  1.8889e-01
1999.34356674  2.4397e-01  5.0128e+02  9.5527e+00  1.3771e-01  8.7910e+01  5.9235e-01  7.7577e-02  1.3104e-01  1.6720e-01
1999.34379616  3.4817e-01  4.8074e+02  9.4246e+00  1.8055e-01  8.1578e+01  5.5392e-01  7.6000e-02  1.5197e-01  1.9812e-01
1999.34402559  2.8075e-01  4.9844e+02  9.4785e+00  1.6088e-01  8.4690e+01  5.5472e-01  7.8520e-02  1.4003e-01  1.9537e-01
1999.34425504  2.9574e-01  5.0703e+02  9.4702e+00  1.4714e-01  1.0063e+02  6.4050e-01  7.3516e-02  1.6633e-01  1.9829e-01
1999.34448447  3.3005e-01  5.0253e+02  9.3221e+00  1.4184e-01  9.8366e+01  6.2144e-01  6.5202e-02  1.5601e-01  2.0722e-01
1999.34471389  2.8227e-01  5.0007e+02  9.1971e+00  1.1810e-01  1.0390e+02  6.4201e-01  6.9379e-02  1.4290e-01  1.8936e-01
1999.34494332  1.1986e-01  5.1854e+02  9.0041e+00  1.8336e-01  9.0748e+01  6.4242e-01  6.8450e-02  1.2870e-01  2.0602e-01
1999.34517277  8.5492e-02  5.0909e+02  8.8702e+00  2.0900e-01  9.2025e+01  5.9049e-01  7.2240e-02  1.4623e-01  2.2789e-01
1999.34540216  8.2159e-02  5.0623e+02  8.9541e+00  2.1798e-01  8.5028e+01  6.3347e-01  5.9696e-02  1.8317e-01  1.8237e-01
1999.34563159  8.9125e-02  4.9886e+02  9.0565e+00  1.9556e-01  9.1484e+01  6.1757e-01  7.9378e-02  1.6719e-01  2.2248e-01
1999.34586101  1.0480e-01  4.9075e+02  8.9945e+00  1.7518e-01  9.1481e+01  6.2987e-01  6.3331e-02  1.6419e-01  2.1840e-01
1999.34609047  7.5991e-02  4.9652e+02  9.0874e+00  2.1517e-01  1.0945e+02  6.8029e-01  7.6427e-02  1.7570e-01  2.0006e-01
1999.34631989  1.3909e-01  4.9918e+02  9.0150e+00  2.6707e-01  9.7047e+01  6.6189e-01  7.2622e-02  1.6157e-01  2.4594e-01
1999.34654932  1.6864e-01  4.9466e+02  8.9540e+00  2.4951e-01  8.1914e+01  5.6900e-01  6.1921e-02  1.4772e-01  2.4119e-01
1999.34677877  1.5234e-01  4.7286e+02  9.0265e+00  2.0932e-01  8.5642e+01  5.9650e-01  6.6557e-02  1.7941e-01  1.7385e-01
1999.34700819  1.4853e-01  4.6950e+02  9.1515e+00  1.7414e-01  9.2011e+01  6.5991e-01  5.7819e-02  1.9628e-01  1.8734e-01
1999.34723764  2.3210e-01  4.6967e+02  8.8948e+00  2.2940e-01  8.4440e+01  5.9354e-01  5.7815e-02  2.1241e-01  1.9295e-01
1999.34746701  1.5020e-01  4.6292e+02  9.0164e+00  2.0101e-01  8.4771e+01  6.2591e-01  6.9898e-02  1.4150e-01  2.2442e-01
1999.34769641  2.0839e-01  4.6827e+02  8.9585e+00  1.8823e-01  9.0214e+01  6.2002e-01  7.9479e-02  1.4918e-01  2.0156e-01
1999.34792581  1.6243e-01  4.5892e+02  9.0899e+00  1.8000e-01  9.8976e+01  5.8897e-01  5.9472e-02  1.3706e-01  2.2033e-01
1999.34815515  1.4460e-01  4.5813e+02  9.0558e+00  1.7800e-01  9.9064e+01  5.5167e-01  6.9493e-02  1.6331e-01  2.0140e-01
1999.34838455  1.7122e-01  4.6013e+02  9.0841e+00  1.9249e-01  8.2291e+01  5.5014e-01  7.4320e-02  1.3131e-01  1.8246e-01
1999.34861395  1.5257e-01  4.4995e+02  9.1698e+00  1.6859e-01  8.6020e+01  5.7512e-01  7.9097e-02  1.3427e-01  1.8334e-01
1999.34884332  1.4297e-01  4.3805e+02  9.1636e+00  1.7546e-01  9.2430e+01  6.0874e-01  6.7245e-02  1.7375e-01  1.8213e-01
1999.34907271  1.6202e-01  4.3724e+02  9.0188e+00  2.0138e-01  9.3711e+01  5.8512e-01  6.9508e-02  1.4843e-01  1.9989e-01
1999.34930211  2.3858e-01  4.3838e+02  9.1430e+00  1.9612e-01  8.8554e+01  5.7931e-01  7.2855e-02  1.3072e-01  2.2300e-01
1999.34953148  1.8840e-01  4.2765e+02  9.0250e+00  2.0250e-01  9.5499e+01  5.7831e-01  7.0620e-02  1.2257e-01  2.1584e-01
1999.34976085  1.9638e-01  4.2333e+02  9.1488e+00  1.9905e-01  9.4522e+01  5.8438e-01  7.2229e-02  1.3914e-01  2.1227e-01
1999.34999025  2.0004e-01  4.1551e+02  8.9987e+00  2.1615e-01  8.7523e+01  5.6820e-01  7.3859e-02  1.5958e-01  2.1430e-01
1999.35021962  2.1797e-01  4.1773e+02  9.2496e+00  1.8264e-01  9.2462e+01  5.4297e-01  6.5389e-02  1.6791e-01  1.7890e-01
1999.35044901  2.1914e-01  4.1378e+02  9.0563e+00  2.0542e-01  9.6173e+01  5.8232e-01  6.8693e-02  1.6372e-01  2.0498e-01
1999.35067841  1.7978e-01  4.0802e+02  9.2679e+00  1.6588e-01  1.2000e+02  6.6766e-01  7.4915e-02  1.5600e-01  1.9793e-01
1999.35090778  1.8516e-01  4.0401e+02  9.2946e+00  1.6847e-01  1.1870e+02  6.3160e-01  8.1000e-02  1.6248e-01  2.0803e-01
1999.35113718  2.2950e-01  4.0285e+02  9.0772e+00  1.7115e-01  1.1591e+02  6.2035e-01  7.3823e-02  1.5570e-01  1.8833e-01
1999.35136658  3.2755e-01  3.9634e+02  9.1271e+00  1.7545e-01  1.0619e+02  6.2045e-01  7.0961e-02  1.6586e-01  1.8736e-01
1999.35159592  2.4699e-01  3.9448e+02  9.1552e+00  1.6352e-01  1.1572e+02  6.6560e-01  9.0259e-02  1.3815e-01  1.8672e-01
1999.35182532  2.8010e-01  3.8672e+02  9.3225e+00  1.4074e-01  1.0620e+02  6.4182e-01  7.0872e-02  1.3012e-01  1.7962e-01
1999.35205471  3.1930e-01  3.8284e+02  9.3800e+00  1.6110e-01  9.8539e+01  5.8999e-01  7.0730e-02  1.2975e-01  2.0730e-01
1999.35228408  2.8459e-01  3.8332e+02  9.5768e+00  1.5276e-01  1.0836e+02  6.0287e-01  7.2809e-02  1.4906e-01  1.7566e-01
1999.35251348  2.3459e-01  3.9584e+02  9.6059e+00  1.3382e-01  1.1913e+02  6.2230e-01  8.3414e-02  1.3692e-01  1.7424e-01
1999.35274288  2.1940e-01  4.1195e+02  9.4759e+00  1.6379e-01  1.1855e+02  6.2833e-01  9.2516e-02  1.3584e-01  1.9033e-01
1999.35297225  2.0659e-01  4.2710e+02  9.0686e+00  1.9127e-01  1.1375e+02  6.2870e-01  7.3052e-02  1.8152e-01  1.9252e-01
1999.35320164  1.7758e-01  4.2590e+02  9.0544e+00  1.8630e-01  1.1270e+02  6.0815e-01  7.2289e-02  1.6345e-01  1.6089e-01
1999.35343104  1.6989e-01  4.2946e+02  9.1709e+00  2.5692e-01  1.0612e+02  5.7432e-01  9.1076e-02  1.6472e-01  1.9268e-01
1999.35366041  1.5295e-01  4.2618e+02  9.3207e+00  2.5202e-01  1.2967e+02  6.7389e-01  8.0842e-02  1.8756e-01  1.9094e-01
1999.35388981  1.8018e-01  4.2737e+02  9.7114e+00  2.3547e-01  1.0331e+02  5.7829e-01  9.5831e-02  1.6250e-01  2.0313e-01
1999.35411921  2.4450e-01  4.3126e+02  1.0096e+01  2.1318e-01  1.0428e+02  6.3065e-01  1.0871e-01  1.6876e-01  2.0849e-01
1999.35434858  2.2976e-01  4.2475e+02  1.0094e+01  2.1747e-01  1.0991e+02  5.9404e-01  9.0562e-02  1.7004e-01  2.0721e-01
1999.35457797  1.6450e-01  4.3833e+02  9.8621e+00  1.9233e-01  1.0618e+02  6.0913e-01  7.7787e-02  1.3816e-01  1.9915e-01
1999.35480737  4.9663e-02  4.7650e+02  9.6567e+00  2.6847e-01  1.0968e+02  6.5890e-01  1.3263e-01  1.8174e-01  2.0541e-01
1999.35503674  3.9014e-02  4.8665e+02  1.0110e+01  3.4312e-01  8.6496e+01  5.6762e-01  1.3460e-01  2.1161e-01  2.1793e-01
1999.35526614  5.0137e-02  4.9392e+02  1.0288e+01  2.0679e-01  7.7075e+01  5.1845e-01  1.3055e-01  2.0911e-01  1.8099e-01
1999.35549553  4.3900e-02  4.9467e+02  1.0338e+01  1.8121e-01  1.1200e+02  6.3628e-01  1.3174e-01  1.9915e-01  1.6889e-01
1999.35572490  2.0745e-02  5.1080e+02  1.0757e+01  2.0058e-01  8.2866e+01  6.2786e-01  1.3178e-01  1.8350e-01  1.9970e-01
1999.35595430  1.5591e-02  5.1758e+02  1.0937e+01  2.0105e-01  1.1278e+02  7.6511e-01  1.7720e-01  2.4278e-01  2.2035e-01
1999.35618370  6.6368e-03  4.9283e+02  1.1854e+01  1.0195e-01  1.8997e+02  6.7134e-01  2.8170e-01  2.7631e-01  1.7553e-01
1999.35641310  6.4864e-03  4.6997e+02  1.1150e+01  2.0012e-01  2.4544e+02  7.9226e-01  1.3097e-01  2.8681e-01  2.1267e-01
1999.35664247  3.6449e-03  4.3325e+02 -9.9999e+03 -9.9999e+03  5.6261e+02  2.1829e+00  2.2138e-01  6.7058e-01 -9.9999e+03
1999.35687186  3.3894e-03  4.1721e+02  1.0504e+01  9.5852e-02  2.4496e+02  9.7076e-01  3.1331e-01  2.6077e-01  2.6019e-01
1999.35710126  3.0748e-03  4.1444e+02  1.3823e+01 -9.9999e+03  3.3410e+02  1.7052e+00  3.7607e-01  1.4569e-01  2.9011e-01
1999.35733063  1.9027e-03  4.0497e+02  1.1862e+01 -9.9999e+03  1.6783e+02  3.6835e-01  1.3996e-01 -9.9999e+03  3.3510e-01
1999.35756003  2.2601e-03  4.3174e+02 -9.9999e+03 -9.9999e+03  2.1234e+02  1.0337e+00 -9.9999e+03 -9.9999e+03 -9.9999e+03
1999.35778945  1.0704e-03  4.4477e+02 -9.9999e+03 -9.9999e+03 -9.9999e+03 -9.9999e+03 -9.9999e+03 -9.9999e+03 -9.9999e+03
1999.35801882  1.9901e-03  3.5105e+02 -9.9999e+03 -9.9999e+03 -9.9999e+03 -9.9999e+03 -9.9999e+03 -9.9999e+03 -9.9999e+03
1999.35824822  1.0341e-02  3.0325e+02  1.3932e+01 -9.9999e+03  3.0059e+02  8.2100e-01  4.0401e-01  8.4212e-01  2.9975e-01
1999.35847762  6.9360e-03  2.9161e+02  1.2788e+01  3.7035e-01  3.9210e+02  1.0358e+00  3.9899e-01  5.9459e-01  6.3068e-01
1999.35870701  1.2594e-02  2.7581e+02  1.2379e+01 -9.9999e+03 -9.9999e+03 -9.9999e+03 -9.9999e+03 -9.9999e+03 -9.9999e+03
1999.35893638  1.1072e-02  3.0350e+02  1.1934e+01  1.3740e-01  2.0422e+02  1.3868e+00  2.6399e-01  5.8613e-01  2.6919e-01
1999.35916578  5.3815e-03  4.9157e+02  1.1209e+01  2.7633e-01  1.4234e+02  8.3138e-01  5.0498e-01  4.6100e-01  1.6163e-01
1999.35939521  1.6123e-02  3.6453e+02  1.1326e+01  3.1839e-01  1.8674e+02  9.4170e-01  4.1021e-01  3.3184e-01  2.2771e-01
1999.35962458  1.3426e-02  5.1162e+02  1.1277e+01  1.1416e-01  1.7289e+02  9.7502e-01  3.1357e-01  3.7099e-01  2.1721e-01
1999.35985397  1.4500e-02  3.2963e+02  1.0128e+01  4.4782e-01  2.4803e+02  7.2585e-01  3.6292e-01  5.9205e-01  3.9085e-01
1999.36008337  2.9396e-02  4.5554e+02  1.1264e+01  1.5725e-01  1.0872e+02  6.5657e-01  2.4704e-01  2.1603e-01  2.2483e-01
1999.36031277  1.0752e-01  4.2734e+02  1.0394e+01  1.5206e-01  7.6556e+01  5.5510e-01  1.3976e-01  2.0875e-01  1.7135e-01
1999.36054216  1.7681e-01  4.2668e+02  1.1135e+01  7.0591e-02  8.9768e+01  5.2923e-01  1.3946e-01  1.8337e-01  1.5366e-01
1999.36077156  2.3274e-01  4.0939e+02  9.8570e+00  1.2944e-01  5.0648e+01  4.1286e-01  1.6034e-01  2.0827e-01  1.8189e-01
1999.36100096  2.2039e-01  3.9072e+02  9.6219e+00  1.1085e-01  4.8438e+01  3.3927e-01  1.3931e-01  1.8612e-01  1.8998e-01
1999.36123033  3.1399e-01  3.8376e+02  9.0717e+00  2.2159e-01  4.2041e+01  3.2998e-01  1.2852e-01  1.8939e-01  2.1433e-01
1999.36145975  3.8611e-01  3.8257e+02  9.0437e+00  2.9525e-01  3.8964e+01  3.0224e-01  1.3384e-01  1.9847e-01  2.2767e-01
1999.36168915  3.8603e-01  3.7692e+02  9.0009e+00  3.2300e-01  3.2190e+01  2.6658e-01  1.2996e-01  1.5141e-01  1.9273e-01
1999.36191855  4.7227e-01  3.8072e+02  9.3351e+00  3.2474e-01  5.4889e+01  2.8477e-01  1.2665e-01  1.7134e-01  2.0433e-01
1999.36214792  4.3598e-01  4.0821e+02  1.1678e+01  1.3309e-01  9.1047e+01  4.0958e-01  1.3856e-01  2.0373e-01  1.5859e-01
1999.36237734  5.6092e-01  4.3598e+02  9.8638e+00  1.2864e-01  1.2667e+02  6.8543e-01  1.0601e-01  1.4847e-01  1.4200e-01
1999.36260674  7.6521e-01  4.5363e+02  1.0238e+01  1.5350e-01  1.1283e+02  6.9547e-01  9.1105e-02  1.5363e-01  1.7462e-01
1999.36283614  6.7589e-01  4.6211e+02  1.0355e+01  1.3342e-01  1.0831e+02  6.4708e-01  9.4034e-02  1.1765e-01  1.6700e-01
1999.36306553  6.5583e-01  4.6998e+02  1.0365e+01  1.3574e-01  1.0743e+02  6.5328e-01  8.8087e-02  1.2842e-01  1.5101e-01
1999.36329493  3.8940e-01  4.8718e+02  1.0446e+01  1.0838e-01  1.0745e+02  6.4709e-01  8.7438e-02  1.4009e-01  1.4961e-01
1999.36352438  3.4085e-01  4.8413e+02  1.0387e+01  1.2226e-01  1.1380e+02  6.5145e-01  7.6395e-02  1.5537e-01  1.4818e-01
1999.36375375  4.6578e-01  4.8530e+02  1.0314e+01  1.3867e-01  1.1269e+02  6.5885e-01  8.9559e-02  1.3973e-01  1.3910e-01
1999.36398310  4.9602e-01  4.8576e+02  1.0301e+01  1.6297e-01  1.1749e+02  6.9492e-01  1.0346e-01  1.5180e-01  1.6606e-01
1999.36421247  4.0798e-01  4.7976e+02  1.0295e+01  1.5782e-01  1.0648e+02  6.6131e-01  1.0566e-01  1.3106e-01  1.5634e-01
1999.36444181  3.3418e-01  4.9193e+02  1.0228e+01  1.6405e-01  1.0167e+02  6.7663e-01  1.0341e-01  1.3005e-01  1.7608e-01
1999.36467118  2.6260e-01  4.9298e+02  1.0107e+01  1.6064e-01  1.0625e+02  7.0412e-01  1.1043e-01  1.4488e-01  1.6342e-01
1999.36490052  2.8758e-01  4.8667e+02  1.0209e+01  1.8272e-01  9.3194e+01  6.1735e-01  8.7552e-02  1.5552e-01  1.9619e-01
1999.36512989  3.2634e-01  4.7604e+02  1.0109e+01  1.7242e-01  9.0499e+01  6.0982e-01  8.5399e-02  1.4553e-01  1.7115e-01
1999.36535923  3.5780e-01  4.7059e+02  1.0078e+01  1.6667e-01  9.1127e+01  6.4874e-01  9.2786e-02  1.5929e-01  1.7978e-01
1999.36558860  3.2027e-01  4.6161e+02  1.0316e+01  1.6107e-01  9.2021e+01  6.4201e-01  9.0731e-02  1.3876e-01  1.6014e-01
1999.36581795  2.7789e-01  4.5478e+02  1.0187e+01  1.6511e-01  1.0032e+02  6.4200e-01  9.6112e-02  1.4352e-01  1.5826e-01
1999.36604732  2.8420e-01  4.4861e+02  1.0226e+01  1.4790e-01  1.0600e+02  6.4939e-01  8.2295e-02  1.7115e-01  1.5856e-01
1999.36627666  2.3590e-01  4.4101e+02  1.0141e+01  1.4005e-01  1.0840e+02  5.8765e-01  8.0802e-02  1.3869e-01  1.3351e-01
1999.36650603  2.5343e-01  4.3530e+02  1.0047e+01  1.2468e-01  1.1867e+02  6.7172e-01  9.2632e-02  1.3374e-01  1.5156e-01
1999.36673537  2.9164e-01  4.3181e+02  1.0208e+01  1.2145e-01  1.0825e+02  6.6304e-01  7.7225e-02  1.4616e-01  1.5272e-01
1999.36696474  2.3904e-01  4.2663e+02  1.0155e+01  1.1492e-01  1.1113e+02  6.5939e-01  1.0055e-01  1.4594e-01  1.3513e-01
1999.36719408  2.6637e-01  4.2522e+02  1.0278e+01  1.1477e-01  1.0848e+02  6.6035e-01  8.8055e-02  1.2519e-01  1.2288e-01
1999.36742345  3.1058e-01  4.2155e+02  1.0496e+01  1.1357e-01  1.0861e+02  6.0528e-01  9.4708e-02  1.5514e-01  1.2007e-01
1999.36765282  3.3974e-01  4.2082e+02  1.0277e+01  1.3224e-01  1.0707e+02  6.4377e-01  8.6809e-02  1.4508e-01  1.3399e-01
1999.36788216  4.1516e-01  4.1360e+02  1.0530e+01  1.2796e-01  1.1712e+02  7.0009e-01  1.0476e-01  1.4076e-01  1.3088e-01
1999.36811153  5.4785e-01  4.0712e+02  1.0183e+01  1.9816e-01  1.2972e+02  5.8977e-01  9.2240e-02  1.6978e-01  1.4801e-01
1999.36834088  6.4237e-01  3.9966e+02  1.0211e+01  1.9516e-01  1.3281e+02  6.1659e-01  1.1555e-01  1.4186e-01  1.5947e-01
1999.36857025  5.4236e-01  4.0437e+02  1.0471e+01  1.5895e-01  1.2794e+02  6.1896e-01  8.7172e-02  1.6924e-01  1.7841e-01
1999.36879959  4.7970e-01  3.9838e+02  1.0419e+01  1.8018e-01  1.2386e+02  5.6457e-01  1.1085e-01  1.7057e-01  1.8259e-01
1999.36902896  3.1542e-01  3.8955e+02  1.0434e+01  1.7455e-01  1.2614e+02  6.2029e-01  1.2077e-01  1.7360e-01  1.6705e-01
1999.36925830  2.2940e-01  3.8423e+02  1.0488e+01  2.3196e-01  1.1508e+02  5.4854e-01  1.0624e-01  1.5190e-01  1.5483e-01
1999.36948770  2.1776e-01  3.9028e+02  1.0580e+01  1.7846e-01  1.1788e+02  6.4010e-01  1.2868e-01  1.6081e-01  1.8342e-01
1999.36971704  1.4526e-01  3.9183e+02  1.0917e+01  1.6370e-01  8.0048e+01  4.5442e-01  1.3836e-01  2.3307e-01  2.0564e-01
1999.36994641  1.7079e-01  3.9692e+02  1.1071e+01  1.3386e-01  8.7378e+01  4.5888e-01  1.3562e-01  1.6858e-01  1.6440e-01
1999.37017578  1.8632e-01  3.9037e+02  1.0789e+01  1.5163e-01  1.1782e+02  5.8607e-01  1.0324e-01  1.8854e-01  1.7214e-01
1999.37040512  1.7629e-01  3.9527e+02  1.0727e+01  1.5657e-01  1.0780e+02  5.9417e-01  9.2085e-02  2.1915e-01  2.0182e-01
1999.37063449  9.5410e-02  3.8833e+02  1.0310e+01  1.5043e-01  6.2905e+01  4.2450e-01  1.4024e-01  1.6528e-01  1.8104e-01
1999.37086384  1.2153e-01  3.7511e+02  1.0105e+01  3.1703e-01  7.5065e+01  3.7515e-01  1.4928e-01  2.0465e-01  2.5079e-01
1999.37109321  1.3777e-01  3.7050e+02  1.0225e+01  2.8776e-01  5.8529e+01  3.4560e-01  1.2911e-01  1.7089e-01  2.3847e-01
1999.37132255  1.1578e-01  3.7798e+02  1.0034e+01  3.3564e-01  6.9316e+01  4.4887e-01  1.4125e-01  1.4712e-01  2.1463e-01
1999.37155195  1.4349e-01  3.7756e+02  1.0344e+01  2.2906e-01  7.6828e+01  4.7130e-01  1.5876e-01  2.0044e-01  1.9054e-01
1999.37178129  5.2975e-02  3.8964e+02  1.0561e+01  1.2498e-01  4.5788e+01  3.1564e-01  1.4121e-01  1.4837e-01  1.4851e-01
1999.37201066  6.2290e-02  3.8748e+02  1.0100e+01  8.1711e-02  7.1635e+01  5.4373e-01  1.6215e-01  1.5562e-01  1.5877e-01
1999.37224000  6.9183e-02  3.8893e+02  1.1015e+01  1.0655e-01  8.3491e+01  4.9597e-01  1.4078e-01  1.7219e-01  1.5596e-01
1999.37246937  4.2768e-02  3.8227e+02  1.0840e+01  1.4767e-01  5.4928e+01  4.6082e-01  1.5769e-01  2.4412e-01  2.0960e-01
1999.37269877  6.0527e-02  3.7420e+02  1.0699e+01  9.1950e-02  4.9928e+01  3.9591e-01  1.5176e-01  1.2483e-01  1.5134e-01
1999.37292811  8.4872e-02  3.6842e+02  1.0489e+01  1.4127e-01  5.5247e+01  3.3836e-01  1.3516e-01  1.5540e-01  1.7307e-01
1999.37315748  6.1200e-02  3.5282e+02  1.0989e+01  1.7977e-01  3.2340e+01  4.8803e-01  2.0830e-01  2.9775e-01  2.8295e-01
1999.37338682  1.0234e-01  3.5319e+02  1.0769e+01  2.3254e-01  7.5266e+01  5.8878e-01  1.6062e-01  3.2381e-01  3.1615e-01
1999.37361622  1.3612e-01  3.4663e+02  1.0641e+01  1.8478e-01  9.8792e+01  5.5011e-01  1.6770e-01  2.5969e-01  2.2780e-01
1999.37384556  1.4886e-01  3.5146e+02  1.3804e+01  3.7006e-01  1.6008e+02  6.4223e-01  1.8808e-01  2.9224e-01  2.6030e-01
1999.37407493  2.3127e-01  3.4128e+02  1.2687e+01  3.0016e-01  1.0626e+02  5.1957e-01  1.6166e-01  2.2773e-01  2.2161e-01
1999.37430427  2.4361e-01  3.4502e+02  1.2836e+01  2.1864e-01  1.2694e+02  4.4325e-01  1.5442e-01  2.4467e-01  2.1082e-01
1999.37453367  2.9311e-01  3.4360e+02  1.2499e+01  2.8941e-01  1.3871e+02  6.6021e-01  1.7809e-01  2.3056e-01  2.3562e-01
1999.37476304  3.0826e-01  3.3623e+02  1.2611e+01  2.4960e-01  1.4269e+02  5.7499e-01  1.8132e-01  2.9427e-01  2.3619e-01
1999.37499238  3.6741e-01  3.3402e+02  1.2779e+01  2.4603e-01  1.3642e+02  4.9508e-01  1.6942e-01  2.5636e-01  2.2082e-01
1999.37522175  1.4290e+00  3.8516e+02  1.1800e+01  1.8121e-01  1.4587e+02  5.7770e-01  1.5343e-01  2.0045e-01  2.1117e-01
1999.37545112  8.4722e-01  4.2485e+02  1.0347e+01  3.4634e-01  7.6703e+01  4.1395e-01  1.2495e-01  1.9300e-01  2.3645e-01
1999.37568049  7.9601e-01  4.6082e+02  9.9931e+00  2.3888e-01  1.0290e+02  4.8296e-01  1.4931e-01  1.8707e-01  1.9560e-01
1999.37590984  6.8486e-01  5.2034e+02  1.0476e+01  8.9715e-02  1.3516e+02  6.5136e-01  1.3348e-01  9.7242e-02  1.1531e-01
1999.37613923  3.3309e-01  6.0010e+02  1.0172e+01  7.3339e-02  1.0184e+02  6.9274e-01  1.2358e-01  1.0626e-01  1.1910e-01
1999.37636860  3.4083e-01  6.5619e+02  1.0270e+01  7.7743e-02  9.2235e+01  7.0250e-01  1.2242e-01  8.9509e-02  1.1465e-01
1999.37659795  4.2989e-01  6.2573e+02  1.0499e+01  7.5279e-02  8.9975e+01  6.7321e-01  9.1052e-02  9.4147e-02  1.1942e-01
1999.37682734  4.2866e-01  6.0535e+02  1.0234e+01  8.5704e-02  8.7098e+01  6.3870e-01  8.6353e-02  9.2217e-02  1.3035e-01
1999.37705668  4.4887e-01  6.2797e+02  1.0024e+01  8.8709e-02  8.5400e+01  6.5114e-01  9.1120e-02  1.0477e-01  1.2324e-01
1999.37728605  4.5583e-01  6.3590e+02  1.0102e+01  8.7457e-02  1.0347e+02  6.7998e-01  1.0521e-01  1.1079e-01  1.1620e-01
1999.37751545  3.2543e-01  6.6803e+02  9.9620e+00  8.0433e-02  8.6460e+01  6.2978e-01  1.0284e-01  9.6682e-02  1.0513e-01
1999.37774479  2.0667e-01  6.7214e+02  1.0039e+01  9.5159e-02  9.2135e+01  6.6385e-01  1.0744e-01  1.1298e-01  1.1771e-01
1999.37797416  1.6235e-01  6.6667e+02  1.0049e+01  8.7447e-02  9.8539e+01  7.3249e-01  9.6502e-02  1.0211e-01  1.3037e-01
1999.37820353  1.4567e-01  6.5102e+02  9.9908e+00  8.1962e-02  9.7076e+01  7.0252e-01  1.1261e-01  1.0923e-01  1.2680e-01
1999.37843290  2.0864e-01  6.4135e+02  9.9517e+00  7.6051e-02  9.1914e+01  6.2992e-01  1.1646e-01  9.0679e-02  1.2319e-01
1999.37866230  1.8731e-01  6.2354e+02  1.0032e+01  8.1637e-02  9.8078e+01  6.4532e-01  1.1399e-01  8.9149e-02  1.2448e-01
1999.37889164  1.5710e-01  5.9395e+02  1.0533e+01  7.0332e-02  1.1549e+02  6.2954e-01  8.3251e-02  1.1534e-01  1.3065e-01
1999.37912104  1.8216e-01  5.9594e+02  1.0066e+01  7.6813e-02  1.1203e+02  6.4302e-01  1.1677e-01  1.1826e-01  1.0073e-01
1999.37935038  1.4484e-01  5.8962e+02  1.0153e+01  9.2833e-02  9.5696e+01  6.3478e-01  8.7158e-02  8.7151e-02  1.3382e-01
1999.37957975  1.8453e-01  5.8762e+02  1.0231e+01  1.0280e-01  8.8511e+01  6.3060e-01  7.8204e-02  1.2247e-01  1.2277e-01
1999.37980915  2.1495e-01  5.8192e+02  1.0264e+01  1.0919e-01  8.4567e+01  6.3382e-01  8.9052e-02  1.0402e-01  1.4267e-01
1999.38003855  2.6821e-01  5.7736e+02  1.0123e+01  1.1186e-01  8.1701e+01  6.3970e-01  7.2564e-02  1.3176e-01  1.3517e-01
1999.38026789  2.4200e-01  5.7812e+02  1.0093e+01  1.1112e-01  8.2649e+01  6.5993e-01  6.7866e-02  1.1525e-01  1.4814e-01
1999.38049721  1.8096e-01  5.7753e+02  1.0280e+01  1.0156e-01  9.0082e+01  6.5184e-01  8.1494e-02  1.2434e-01  1.2455e-01
1999.38072655  2.2591e-01  5.6796e+02  9.8703e+00  1.2146e-01  8.8194e+01  6.3137e-01  7.2641e-02  1.0894e-01  1.7246e-01
1999.38095589  2.5286e-01  5.6018e+02  1.0018e+01  1.2778e-01  1.0146e+02  6.3452e-01  8.2547e-02  1.3333e-01  1.5180e-01
1999.38118521  2.0359e-01  5.5926e+02  9.6696e+00  1.3868e-01  1.0826e+02  6.3511e-01  7.4614e-02  1.2911e-01  1.5574e-01
1999.38141455  1.9015e-01  5.5508e+02  9.6043e+00  1.3531e-01  1.0744e+02  6.3376e-01  7.8695e-02  1.2455e-01  1.5109e-01
1999.38164389  1.8723e-01  5.4956e+02  9.6687e+00  1.4329e-01  1.0397e+02  6.5159e-01  8.9368e-02  1.2789e-01  1.6586e-01
1999.38187323  1.6505e-01  5.4362e+02  9.5722e+00  1.2688e-01  1.0501e+02  6.7437e-01  9.3794e-02  1.4402e-01  1.5870e-01
1999.38210255  2.1496e-01  5.4365e+02  9.6289e+00  1.1990e-01  9.0631e+01  6.2136e-01  8.8717e-02  1.3904e-01  1.6453e-01
1999.38233192  1.7356e-01  5.3155e+02  9.5764e+00  1.2766e-01  9.9234e+01  6.5819e-01  9.1241e-02  1.3693e-01  1.9586e-01
1999.38256123  1.6750e-01  5.2993e+02  9.6387e+00  1.2715e-01  9.0859e+01  6.5943e-01  8.3856e-02  1.4442e-01  1.4588e-01
1999.38279058  1.2060e-01  5.1444e+02  9.7163e+00  1.2595e-01  9.2259e+01  5.6329e-01  8.5314e-02  1.1507e-01  1.7017e-01
1999.38301992  1.4547e-01  5.0013e+02  9.6065e+00  1.4597e-01  7.7222e+01  5.9792e-01  9.7787e-02  1.1767e-01  1.4517e-01
1999.38324923  1.8274e-01  4.9469e+02  9.4292e+00  1.4961e-01  7.8152e+01  5.7235e-01  8.0013e-02  1.1929e-01  1.5779e-01
1999.38347860  2.2482e-01  4.9389e+02  9.6448e+00  1.4748e-01  8.0440e+01  6.1326e-01  8.0415e-02  1.2892e-01  1.7370e-01
1999.38370792  2.3298e-01  4.9088e+02  9.5937e+00  1.5867e-01  8.2117e+01  5.0419e-01  9.2685e-02  1.3958e-01  1.7191e-01
1999.38393723  2.2051e-01  4.8740e+02  9.6117e+00  1.6031e-01  8.9363e+01  6.4441e-01  9.7818e-02  1.2556e-01  1.7235e-01
1999.38416660  1.5414e-01  4.7499e+02  9.3229e+00  1.5565e-01  9.3088e+01  6.6394e-01  9.1291e-02  1.2488e-01  1.6487e-01
1999.38439592  1.8289e-01  4.6554e+02  9.4649e+00  1.3908e-01  9.4309e+01  6.5297e-01  7.4300e-02  1.3082e-01  1.5438e-01
1999.38462529  2.2659e-01  4.6174e+02  9.5337e+00  1.5154e-01  9.0806e+01  6.3057e-01  8.0909e-02  1.2979e-01  1.6180e-01
1999.38485460  1.9357e-01  4.6009e+02  9.3249e+00  1.2612e-01  9.3080e+01  5.8896e-01  1.0013e-01  1.1514e-01  1.6887e-01
1999.38508397  1.8956e-01  4.5694e+02  9.3958e+00  1.3398e-01  9.6793e+01  6.4589e-01  9.7235e-02  1.2231e-01  1.5348e-01
1999.38531329  2.0965e-01  4.5455e+02  9.2685e+00  1.6617e-01  9.3754e+01  6.1360e-01  8.5486e-02  1.7069e-01  1.5368e-01
1999.38554263  2.4774e-01  4.5118e+02  9.2383e+00  1.6361e-01  9.4824e+01  5.6293e-01  8.7014e-02  1.4582e-01  1.7431e-01
1999.38577197  2.4556e-01  4.5067e+02  9.4624e+00  1.5512e-01  9.4885e+01  6.2521e-01  9.2126e-02  1.2031e-01  1.5996e-01
1999.38600129  2.3229e-01  4.5070e+02  9.2583e+00  1.5958e-01  8.7885e+01  6.1913e-01  1.0824e-01  1.6327e-01  1.3838e-01
1999.38623066  1.7995e-01  4.4188e+02  9.1787e+00  1.5123e-01  9.2303e+01  6.0609e-01  8.5854e-02  1.4656e-01  1.3957e-01
1999.38645997  1.8223e-01  4.3330e+02  9.1884e+00  1.4342e-01  1.0183e+02  6.1428e-01  1.1437e-01  1.4818e-01  1.7293e-01
1999.38668934  2.2909e-01  4.3082e+02  9.2893e+00  1.4074e-01  9.8697e+01  6.6576e-01  7.4833e-02  1.5173e-01  1.5536e-01
1999.38691866  2.2015e-01  4.2810e+02  9.1279e+00  1.5288e-01  9.1607e+01  5.9300e-01  1.1251e-01  1.3781e-01  1.7101e-01
1999.38714803  2.0744e-01  4.2314e+02  9.2280e+00  1.6571e-01  9.0934e+01  6.2320e-01  8.9322e-02  1.4604e-01  1.4107e-01
1999.38737734  1.7736e-01  4.2456e+02  9.3223e+00  1.2213e-01  1.0058e+02  6.1114e-01  7.7804e-02  1.6988e-01  1.5824e-01
1999.38760671  1.7645e-01  4.3014e+02  9.3233e+00  1.1579e-01  9.2734e+01  5.8566e-01  1.1503e-01  1.3159e-01  1.1642e-01
1999.38783603  1.7849e-01  4.2467e+02  9.3844e+00  1.1868e-01  1.0012e+02  6.5589e-01  1.2447e-01  1.2365e-01  1.4349e-01
1999.38806540  1.9963e-01  4.2041e+02  9.3194e+00  1.2639e-01  9.6637e+01  6.5215e-01  1.0535e-01  1.3297e-01  1.4676e-01
1999.38829471  2.0040e-01  4.1412e+02  9.2161e+00  1.2526e-01  1.0320e+02  6.0638e-01  1.0819e-01  9.9306e-02  1.7081e-01
1999.38852405  1.4955e-01  4.0508e+02  9.4585e+00  1.4974e-01  1.1190e+02  7.2513e-01  1.1943e-01  1.8148e-01  1.5277e-01
1999.38875340  1.4105e-01  4.0045e+02  9.5264e+00  1.2768e-01  9.2430e+01  6.6758e-01  1.0125e-01  1.5814e-01  1.4632e-01
1999.38898274  1.0053e-01  4.0890e+02  9.5170e+00  1.0624e-01  8.8068e+01  6.6792e-01  1.4344e-01  1.7001e-01  1.4733e-01
1999.38921208  1.7565e-01  4.2384e+02  9.5378e+00  1.4289e-01  8.6212e+01  5.8784e-01  1.0814e-01  1.4914e-01  1.6783e-01
1999.38944142  4.3264e-01  4.2803e+02  9.5058e+00  1.8169e-01  8.9734e+01  5.3637e-01  1.0299e-01  1.4567e-01  1.8154e-01
1999.38967079  1.8129e-01  4.3148e+02  9.4769e+00  2.1036e-01  3.6320e+01  3.0627e-01  1.2683e-01  1.6336e-01  1.6510e-01
1999.38990011  1.9194e-01  4.2942e+02  9.5840e+00  2.5062e-01  4.0122e+01  3.6107e-01  1.3770e-01  1.6019e-01  1.7268e-01
1999.39012948  1.5589e-01  4.2941e+02  9.3372e+00  1.3188e-01  9.6893e+01  6.4753e-01  8.9142e-02  1.1262e-01  1.4965e-01
1999.39035879  2.3836e-01  4.7454e+02  9.4232e+00  1.0658e-01  8.3432e+01  6.2090e-01  9.7232e-02  1.4570e-01  1.4342e-01
1999.39058816  2.6011e-01  5.0217e+02  9.6229e+00  1.0586e-01  8.2691e+01  6.3291e-01  1.1731e-01  1.2333e-01  1.3879e-01
1999.39081748  3.7891e-01  4.7559e+02  9.3995e+00  1.2444e-01  1.0038e+02  6.4242e-01  9.0264e-02  1.3157e-01  1.5323e-01
1999.39104682  2.3273e-01  4.5531e+02  9.9757e+00  1.5344e-01  9.8794e+01  5.7040e-01  1.1778e-01  1.5202e-01  1.0939e-01
1999.39127619  1.5751e-01  4.1031e+02  1.0033e+01  2.0400e-01  9.7177e+01  5.9206e-01  1.0117e-01  1.4630e-01  1.5501e-01
1999.39150551  1.1192e-01  4.0968e+02  1.0062e+01  2.8308e-01  1.0681e+02  5.9220e-01  9.5105e-02  1.8459e-01  1.9464e-01
1999.39173488  1.0843e-01  4.1322e+02  1.0306e+01  2.6361e-01  7.0583e+01  5.1053e-01  1.0591e-01  1.6157e-01  1.4173e-01
1999.39196422  1.0305e-01  4.4118e+02  1.0753e+01  1.5952e-01  7.1912e+01  6.7557e-01  1.4988e-01  1.2351e-01  1.6702e-01
1999.39219356  1.5066e-01  4.5708e+02  1.1040e+01  1.9866e-01  3.7864e+01  3.2252e-01  1.6218e-01  1.9228e-01  2.2511e-01
1999.39242290  2.7215e-01  4.4350e+02  1.0382e+01  1.8003e-01  7.2936e+01  4.3233e-01  1.5647e-01  1.8698e-01  1.7029e-01
1999.39265227  3.6308e-01  4.4070e+02  1.1224e+01  1.3252e-01  1.2133e+02  7.8117e-01  1.4707e-01  2.0148e-01  1.9206e-01
1999.39288159  3.5998e-01  4.4282e+02  1.1046e+01  1.4623e-01  1.1654e+02  7.1632e-01  1.4372e-01  2.0513e-01  1.8781e-01
1999.39311096  2.8815e-01  4.2147e+02  1.0761e+01  1.7074e-01  1.4735e+02  7.0345e-01  1.5104e-01  1.9903e-01  1.9442e-01
1999.39334030  1.8878e-01  4.0738e+02  1.0724e+01  1.9974e-01  8.6621e+01  4.2294e-01  1.6958e-01  2.1667e-01  2.0170e-01
1999.39356964  2.6629e-01  4.1650e+02  1.0862e+01  2.0555e-01  4.5507e+01  2.8326e-01  1.7790e-01  2.1514e-01  2.1800e-01
1999.39379899  3.9476e-01  4.0467e+02  1.0604e+01  2.5758e-01  5.5271e+01  2.8313e-01  1.4922e-01  2.2928e-01  2.5469e-01
1999.39402836  4.5148e-01  4.3584e+02  1.0320e+01  1.1494e-01  9.5118e+01  6.0557e-01  1.1458e-01  1.6706e-01  1.6124e-01
1999.39425770  2.6331e-01  4.7854e+02  1.0254e+01  1.3224e-01  1.1191e+02  6.8793e-01  1.5604e-01  1.8456e-01  1.5798e-01
1999.39448704  2.8711e-01  4.8428e+02  9.5263e+00  1.0357e-01  1.1191e+02  7.8538e-01  1.4893e-01  1.7756e-01  1.9952e-01
1999.39471638  1.2127e-01  5.0602e+02  9.2293e+00  9.4408e-02  7.7809e+01  6.8453e-01  1.0047e-01  1.9921e-01  1.2743e-01
1999.39494575  1.1016e-01  5.6638e+02  9.4493e+00  7.8074e-02  7.8030e+01  5.7986e-01  8.8532e-02  1.3134e-01  1.1683e-01
1999.39517507  8.5774e-02  5.8793e+02  9.5711e+00  9.4535e-02  6.7395e+01  5.6457e-01  9.8562e-02  1.2423e-01  1.2103e-01
1999.39540444  7.9995e-02  5.6140e+02  9.1489e+00  9.1018e-02  7.5579e+01  5.6086e-01  1.3115e-01  1.3758e-01  1.2292e-01
1999.39563378  6.1203e-02  6.0260e+02  9.5665e+00  9.6944e-02  7.0259e+01  6.3173e-01  1.0691e-01  1.3110e-01  1.3681e-01
1999.39586315  1.5322e-01  5.7131e+02  9.4113e+00  8.4315e-02  8.3528e+01  6.6330e-01  1.0388e-01  1.3889e-01  1.4033e-01
1999.39609247  1.2460e-01  5.7152e+02  9.6120e+00  6.6384e-02  9.4952e+01  6.4991e-01  1.0906e-01  1.4667e-01  1.4062e-01
1999.39632184  1.0778e-01  5.5777e+02  9.5469e+00  8.1498e-02  9.6852e+01  7.1285e-01  1.0809e-01  1.4156e-01  1.4881e-01
1999.39655121  9.4942e-02  5.4244e+02  9.3944e+00  9.2846e-02  9.5774e+01  6.9069e-01  1.1239e-01  1.2495e-01  1.3573e-01
1999.39678049  8.4384e-02  5.3581e+02  9.3481e+00  8.5886e-02  1.0817e+02  6.7983e-01  1.4497e-01  1.1006e-01  1.4052e-01
1999.39700984  6.5268e-02  5.2306e+02  9.4427e+00  8.9522e-02  9.1522e+01  6.4565e-01  1.4517e-01  1.2533e-01  1.3387e-01
1999.39723915  4.9968e-02  5.0648e+02  9.1715e+00  8.6038e-02  9.0848e+01  5.7999e-01  1.2054e-01  1.4930e-01  1.6972e-01
1999.39746844  5.6028e-02  4.8741e+02  9.6719e+00  8.0729e-02  1.0008e+02  6.4601e-01  1.2196e-01  1.6993e-01  1.4044e-01
1999.39769778  5.5811e-02  4.6015e+02  9.6700e+00  1.1654e-01  7.1252e+01  6.9219e-01  1.3498e-01  1.6518e-01  1.6447e-01
1999.39792710  6.3604e-02  4.4127e+02  9.4823e+00  1.5344e-01  6.5409e+01  7.0903e-01  1.3012e-01  1.3103e-01  2.0234e-01
1999.39815638  6.0565e-02  4.2801e+02  9.6601e+00  1.6339e-01  6.0936e+01  6.2935e-01  1.4578e-01  1.6637e-01  1.9418e-01
1999.39838573  2.9106e-02  4.1955e+02  9.4328e+00  1.2060e-01  5.2839e+01  6.4880e-01  1.2981e-01  2.0371e-01  1.7249e-01
1999.39861504  5.3923e-02  4.4104e+02  9.2530e+00  2.2746e-01  4.3916e+01  6.2144e-01  1.0774e-01  1.8460e-01  2.3568e-01
1999.39884433  5.3548e-02  4.4031e+02  9.3378e+00  2.0372e-01  5.1366e+01  6.0500e-01  1.2622e-01  1.9281e-01  1.7773e-01
1999.39907367  7.6488e-02  4.3542e+02  9.3089e+00  1.5598e-01  4.6278e+01  6.2047e-01  1.2511e-01  1.4149e-01  1.7029e-01
1999.39930299  7.7063e-02  4.3676e+02  9.3940e+00  1.7614e-01  5.6574e+01  7.1152e-01  1.2299e-01  1.2791e-01  2.0406e-01
1999.39953227  1.2492e-01  4.5242e+02  9.4366e+00  1.4912e-01  6.0270e+01  7.1640e-01  1.5710e-01  1.7039e-01  1.8366e-01
1999.39976162  1.0167e-01  4.4937e+02  9.2514e+00  1.1806e-01  6.7748e+01  7.0041e-01  1.3104e-01  1.6372e-01  1.4905e-01
1999.39999093  1.0984e-01  4.5101e+02  9.5109e+00  1.1003e-01  8.1554e+01  7.8264e-01  1.2149e-01  1.8546e-01  1.5873e-01
1999.40022022  9.7475e-02  4.6605e+02  9.7508e+00  1.1195e-01  7.7673e+01  6.4397e-01  1.3163e-01  1.5726e-01  1.3791e-01
1999.40044956  6.9972e-02  4.5581e+02  9.5337e+00  1.6051e-01  7.7271e+01  7.3200e-01  1.3933e-01  1.8688e-01  1.7507e-01
1999.40067888  9.6116e-02  4.6446e+02  9.8273e+00  1.4809e-01  7.8714e+01  6.2351e-01  1.4086e-01  1.7544e-01  2.0368e-01
1999.40090819  1.1180e-01  4.7920e+02  9.4560e+00  1.3413e-01  8.9834e+01  6.8205e-01  1.0998e-01  1.3521e-01  2.0651e-01
1999.40113751  1.0313e-01  4.6979e+02  9.7930e+00  1.0206e-01  9.2870e+01  6.5315e-01  1.5011e-01  1.4390e-01  2.0166e-01
1999.40136682  8.6445e-02  4.7112e+02  9.5718e+00  1.1167e-01  9.6077e+01  7.0395e-01  1.2410e-01  1.7393e-01  1.4587e-01
1999.40159614  7.3147e-02  4.6833e+02  9.6756e+00  1.2696e-01  8.8379e+01  7.0902e-01  1.2486e-01  1.8452e-01  1.6745e-01
1999.40182548  5.9447e-02  4.7064e+02  9.7880e+00  1.3396e-01  6.0701e+01  6.7160e-01  1.3023e-01  1.2969e-01  1.7142e-01
1999.40205477  5.6018e-02  4.6193e+02  9.5901e+00  1.6905e-01  6.1576e+01  6.6054e-01  1.2450e-01  2.2598e-01  1.6242e-01
1999.40228408  5.1464e-02  4.5898e+02  9.3506e+00  1.7918e-01  5.6396e+01  6.2365e-01  1.0766e-01  2.0372e-01  1.0419e-01
1999.40251342  5.2096e-02  4.4925e+02  9.6034e+00  1.8601e-01  6.7941e+01  6.6808e-01  1.1102e-01  1.9454e-01  1.5964e-01
1999.40274274  5.5401e-02  4.4840e+02  9.6782e+00  1.5081e-01  5.7907e+01  5.7959e-01  1.2240e-01  1.5507e-01  1.6786e-01
1999.40297205  5.6188e-02  4.4323e+02  9.6458e+00  2.1977e-01  5.8313e+01  5.6582e-01  1.0154e-01  1.9533e-01  1.9047e-01
1999.40320137  6.3534e-02  4.3170e+02  9.4652e+00  2.1101e-01  5.8239e+01  5.9827e-01  1.2111e-01  1.7089e-01  2.1434e-01
1999.40343068  5.2581e-02  4.2735e+02  9.7942e+00  1.8918e-01  5.7855e+01  6.4955e-01  1.3256e-01  1.4537e-01  1.9479e-01
1999.40366000  5.3928e-02  4.2348e+02  1.0048e+01  1.6413e-01  7.0485e+01  6.6798e-01  1.3702e-01  1.9958e-01  2.4426e-01
1999.40388934  5.2610e-02  4.2191e+02  9.8795e+00  1.8833e-01  6.9719e+01  6.4094e-01  1.2654e-01  1.5567e-01  2.0794e-01
1999.40411866  5.2324e-02  4.0865e+02  9.6340e+00  1.4844e-01  7.3163e+01  6.3956e-01  1.2129e-01  2.1757e-01  1.8067e-01
1999.40434795  6.7329e-02  4.0605e+02  9.9414e+00  1.7267e-01  7.4460e+01  6.5561e-01  1.2665e-01  2.4387e-01  2.2235e-01
1999.40457729  8.0077e-02  4.0404e+02  9.9788e+00  1.5602e-01  6.7977e+01  5.2549e-01  1.2776e-01  1.8091e-01  1.9884e-01
1999.40480660  9.6834e-02  4.0495e+02  9.6050e+00  1.6592e-01  7.3608e+01  6.7144e-01  1.2096e-01  1.9587e-01  2.4123e-01
1999.40503592  7.4862e-02  4.0247e+02  9.4733e+00  1.8926e-01  7.7580e+01  6.4216e-01  1.0592e-01  2.5642e-01  1.8311e-01
1999.40526526  5.4275e-02  4.0657e+02  9.8875e+00  1.3487e-01  8.7979e+01  7.4326e-01  1.2327e-01  2.6744e-01  1.9954e-01
1999.40549458  5.3221e-02  4.0557e+02  9.4201e+00  1.8366e-01  8.7450e+01  7.9359e-01  9.9999e-02  2.7947e-01  1.8344e-01
1999.40572386  5.2189e-02  4.0635e+02  9.5105e+00  2.3979e-01  9.0331e+01  6.1003e-01  8.3936e-02  1.8050e-01  1.6118e-01
1999.40595321  9.5246e-02  4.0390e+02  9.4153e+00  2.5668e-01  8.8699e+01  6.3276e-01  1.3489e-01  1.9006e-01  2.1990e-01
1999.40618252  1.4106e-01  4.1243e+02  9.5490e+00  2.1983e-01  8.3092e+01  5.6996e-01  1.1325e-01  1.9044e-01  2.1561e-01
1999.40641184  1.4006e-01  4.1865e+02  9.7737e+00  1.8196e-01  8.5877e+01  5.9303e-01  1.1823e-01  2.0289e-01  2.0635e-01
1999.40664118  2.0422e-01  4.1553e+02  9.5787e+00  1.6990e-01  7.9788e+01  5.9587e-01  1.2966e-01  1.7794e-01  2.2788e-01
1999.40687049  1.9904e-01  4.0984e+02  9.7622e+00  1.5749e-01  9.1047e+01  5.7443e-01  1.2900e-01  1.7926e-01  1.9848e-01
1999.40709984  2.2818e-01  4.0760e+02  9.8166e+00  1.1750e-01  1.0724e+02  6.6366e-01  1.2841e-01  1.3694e-01  1.9985e-01
1999.40732915  2.4404e-01  3.9745e+02  1.0363e+01  1.0372e-01  1.2260e+02  7.0883e-01  1.5152e-01  1.9316e-01  1.5808e-01
1999.40755844  1.9182e-01  3.8525e+02  1.0656e+01  7.5768e-02  1.3407e+02  7.4501e-01  1.3218e-01  2.1883e-01  1.4156e-01
1999.40778775  1.3530e-01  3.8200e+02  1.0103e+01  1.2695e-01  1.3729e+02  7.0363e-01  1.2207e-01  1.8808e-01  1.3722e-01
1999.40801710  1.4888e-01  3.9122e+02  9.9217e+00  1.7682e-01  1.3077e+02  6.8892e-01  1.3890e-01  2.0837e-01  2.0315e-01
1999.40824641  1.5437e-01  3.9895e+02  1.0253e+01  1.3531e-01  1.4092e+02  7.1786e-01  1.3997e-01  2.1672e-01  1.9141e-01
1999.40847575  1.4124e-01  4.0482e+02  1.0287e+01  1.1508e-01  1.3740e+02  7.3379e-01  1.0900e-01  1.7946e-01  1.4377e-01
1999.40870507  1.4055e-01  3.9331e+02  1.0645e+01  1.6632e-01  1.4428e+02  7.6847e-01  1.7330e-01  1.9077e-01  1.9128e-01
1999.40893438  1.3928e-01  3.9720e+02  1.0554e+01  2.4572e-01  1.2345e+02  6.6336e-01  1.8337e-01  2.5702e-01  1.9285e-01
1999.40916373  1.1568e-01  4.0116e+02  1.1214e+01  2.2014e-01  1.0690e+02  5.8361e-01  1.9288e-01  2.1423e-01  2.2437e-01
1999.40939304  1.1598e-01  3.9827e+02  1.1196e+01  2.3183e-01  1.1408e+02  6.5764e-01  1.4883e-01  3.7984e-01  2.5419e-01
1999.40962236  9.0339e-02  4.0599e+02  1.0891e+01  3.0639e-01  1.0147e+02  6.5242e-01  1.5695e-01  3.4391e-01  2.4856e-01
1999.40985170  8.7195e-02  3.9924e+02  1.0493e+01  2.5222e-01  9.0379e+01  6.1444e-01  1.4347e-01  2.4725e-01  2.6338e-01
1999.41008101  9.7664e-02  4.0679e+02  1.0833e+01  3.0082e-01  9.9200e+01  6.5035e-01  1.6213e-01  2.9496e-01  2.8471e-01
1999.41031036  9.9086e-02  3.9649e+02  1.1605e+01  3.2651e-01  9.7605e+01  5.4673e-01  1.8338e-01  2.7311e-01  2.6892e-01
1999.41053967  8.1842e-02  3.8874e+02  1.1850e+01  3.3409e-01  1.2115e+02  6.9606e-01  1.6687e-01  3.5282e-01  3.7326e-01
1999.41076899  8.5589e-02  3.9014e+02  1.2538e+01  1.9474e-01  1.6355e+02  7.6824e-01  1.7683e-01  3.0689e-01  2.5790e-01
1999.41099833  1.1190e-01  3.9211e+02  1.3667e+01  1.7076e-01  1.8305e+02  9.7284e-01  2.5970e-01  4.5070e-01  2.2779e-01
1999.41122764  8.0239e-02  3.8367e+02  1.2577e+01  1.7563e-01  1.9625e+02  8.7767e-01  3.3960e-01  3.2963e-01  3.1175e-01
1999.41145696  4.9557e-02  3.8211e+02  1.1714e+01  1.6011e-01  2.6499e+02  1.2006e+00  2.6888e-01  4.2031e-01  2.8617e-01
1999.41168630  3.1687e-02  3.8290e+02  1.1548e+01  1.6338e-01  2.4549e+02  1.1530e+00  1.8108e-01  3.8911e-01  2.5273e-01
1999.41191562  3.2670e-02  3.8768e+02  1.1593e+01  1.8488e-01  2.2121e+02  9.4972e-01  2.3747e-01  3.7454e-01  2.8605e-01
1999.41214496  2.1557e-02  3.8491e+02  1.0229e+01  2.9901e-01  2.3615e+02  8.9852e-01  2.8150e-01  4.8300e-01  1.7922e-01
1999.41237427  3.1880e-02  3.7146e+02  1.0398e+01  2.1622e-01  2.1513e+02  8.2246e-01  3.7194e-01  3.5813e-01  3.0755e-01
1999.41260359  2.4372e-02  3.7327e+02  9.9045e+00  4.5955e-01  2.6276e+02  1.3542e+00  4.1504e-01  5.7511e-01  3.4117e-01
1999.41283293  1.0546e-02  3.9460e+02  1.1028e+01  2.0223e-01  1.4395e+02  6.2190e-01  1.4394e-01  3.6579e-01  1.2776e-01
1999.41306225  1.8168e-02  3.9569e+02  9.7486e+00  2.9652e-01  1.8590e+02  5.7098e-01  1.9141e-01  3.9950e-01  3.3245e-01
1999.41329156  7.0517e-02  4.0020e+02  1.0597e+01  2.8773e-01  1.9502e+02  5.1941e-01  1.8879e-01  2.6593e-01  2.8597e-01
1999.41352090  3.0583e-02  3.7985e+02  1.0641e+01  3.0203e-01  1.1371e+02  5.3831e-01  8.3253e-02  1.7697e-01  2.1565e-01
1999.41375022  4.8036e-02  3.8301e+02  9.7853e+00  4.5738e-01  1.2522e+02  6.8139e-01  2.0467e-01  3.6844e-01  2.1376e-01
1999.41397953  9.7179e-02  3.7364e+02  1.0077e+01  3.8208e-01  1.1862e+02  6.2043e-01  1.0843e-01  2.9849e-01  2.8103e-01
1999.41420888  8.8915e-02  3.6374e+02  9.4674e+00  8.1086e-01  1.1558e+02  5.4046e-01  8.0603e-02  2.5689e-01  2.5075e-01
1999.41443819  1.2830e-01  3.6253e+02  9.9155e+00  4.7006e-01  1.0563e+02  5.5205e-01  1.2557e-01  2.2605e-01  2.0494e-01
1999.41466753  1.5732e-01  3.6311e+02  9.4612e+00  5.7068e-01  1.0296e+02  5.2487e-01  8.9306e-02  1.5949e-01  2.7396e-01
1999.41489685  2.2817e-01  3.6122e+02  9.6406e+00  5.2074e-01  1.0308e+02  5.7109e-01  1.4108e-01  2.3522e-01  1.9821e-01
1999.41512616  3.5336e-01  3.5238e+02  9.3922e+00  5.2812e-01  1.3293e+02  5.3798e-01  1.0534e-01  1.5779e-01  2.2940e-01
1999.41535551  4.6126e-01  3.6112e+02  9.5226e+00  5.3124e-01  1.0547e+02  4.5390e-01  1.1195e-01  1.6907e-01  2.2368e-01
1999.41558482  4.1784e-01  3.6433e+02  9.7999e+00  3.7746e-01  9.4445e+01  3.8533e-01  1.0864e-01  2.0218e-01  2.1263e-01
1999.41581419  4.1473e-01  3.4847e+02  9.7909e+00  3.7001e-01  6.3780e+01  3.6201e-01  1.2112e-01  2.2697e-01  2.0797e-01
1999.41604351  5.3832e-01  3.5620e+02  9.8978e+00  3.3162e-01  7.1855e+01  3.3615e-01  1.0933e-01  1.9334e-01  2.1765e-01
1999.41627277  4.7860e-01  3.7909e+02  1.1970e+01  9.3370e-02  2.2106e+02  6.8805e-01  1.5875e-01  2.1348e-01  1.5753e-01
1999.41650205  5.5301e-01  3.8552e+02  1.3000e+01  5.0141e-02  2.7220e+02  8.0526e-01  1.8653e-01  1.4545e-01  1.3495e-01
1999.41673132  4.3773e-01  3.7814e+02  1.2724e+01  6.4431e-02  2.5482e+02  7.2146e-01  1.5968e-01  2.1002e-01  1.7888e-01
1999.41696063  3.4729e-01  3.7016e+02  1.0706e+01  1.8608e-01  2.3506e+02  6.8546e-01  2.1489e-01  2.2705e-01  2.0740e-01
1999.41718989  2.0341e-01  3.6184e+02  1.0509e+01  2.3792e-01  1.4403e+02  5.1014e-01  2.0194e-01  1.8016e-01  2.2116e-01
1999.41741918  3.9384e-01  3.7922e+02  1.2538e+01  7.8597e-02  2.0150e+02  6.7334e-01  1.5491e-01  2.0062e-01  1.9613e-01
1999.41764844  3.7217e-01  3.6779e+02  1.2522e+01  6.9461e-02  2.1129e+02  6.6492e-01  2.0224e-01  2.1088e-01  1.5285e-01
1999.41787773  2.7820e-01  3.6415e+02  1.0802e+01  2.0339e-01  2.1404e+02  7.4885e-01  2.3097e-01  2.8525e-01  1.8287e-01
1999.41810699  3.0597e-01  3.9729e+02  1.0238e+01  2.3191e-01  1.7483e+02  6.8254e-01  1.4636e-01  2.7589e-01  1.9144e-01
1999.41833627  3.7175e-01  3.8490e+02  1.0256e+01  1.9231e-01  1.6719e+02  7.4270e-01  1.8463e-01  2.2818e-01  2.0622e-01
1999.41856553  3.6420e-01  3.8614e+02  1.0116e+01  1.9062e-01  1.5384e+02  6.9463e-01  1.4823e-01  1.8825e-01  2.0567e-01
1999.41879485  4.4811e-01  4.1674e+02  1.0115e+01  1.8441e-01  1.1453e+02  6.3337e-01  1.4277e-01  1.5140e-01  1.9613e-01
1999.41902411  1.6407e-01  4.2432e+02  1.0333e+01  1.7673e-01  1.6376e+02  5.8321e-01  1.1594e-01  2.1986e-01  1.6574e-01
1999.41925340  1.1446e-01  4.3756e+02  1.1249e+01  8.5149e-02  1.7356e+02  7.8394e-01  1.2307e-01  1.8658e-01  1.8814e-01
1999.41948266  8.1794e-02  4.4298e+02  1.0349e+01  1.1649e-01  1.3695e+02  7.5765e-01  1.2549e-01  2.5819e-01  1.7795e-01
1999.41971195  7.2389e-02  4.5423e+02  1.0464e+01  1.9283e-01  9.8486e+01  5.7782e-01  1.3891e-01  2.1775e-01  2.4303e-01
1999.41994121  8.8123e-02  4.5018e+02  1.0749e+01  2.3689e-01  6.7798e+01  3.9285e-01  1.4289e-01  1.9629e-01  1.8549e-01
1999.42017049  9.9096e-02  4.2931e+02  1.0827e+01  1.5793e-01  7.4349e+01  4.7476e-01  1.5537e-01  2.2243e-01  2.1732e-01
1999.42039975  1.2846e-01  4.3544e+02  1.1390e+01  1.9840e-01  1.9432e+02  6.2819e-01  1.7877e-01  2.4943e-01  1.8294e-01
1999.42062907  2.9082e-01  4.2567e+02  1.4820e+01  2.2774e-01  2.5332e+02  6.2086e-01  2.3193e-01  3.5861e-01  1.8966e-01
1999.42085836  3.0010e-01  4.0832e+02  1.4766e+01  2.2363e-01  1.9591e+02  4.1772e-01  2.6927e-01  3.1165e-01  2.3237e-01
1999.42108762  3.2337e-01  3.9966e+02  1.3339e+01  1.9943e-01  1.7155e+02  4.8732e-01  1.8801e-01  2.4990e-01  1.9863e-01
1999.42131690  2.4185e-01  3.9375e+02  1.2579e+01  2.0450e-01  2.0863e+02  6.5484e-01  2.3330e-01  2.5007e-01  1.7406e-01
1999.42154616  2.7761e-01  3.9870e+02  1.1726e+01  1.8503e-01  1.7331e+02  5.9271e-01  1.5791e-01  2.5122e-01  1.9159e-01
1999.42177545  2.6874e-01  4.3765e+02  9.7594e+00  1.2698e-01  1.4741e+02  5.8801e-01  1.1636e-01  1.9892e-01  1.6220e-01
1999.42200477  2.2986e-01  4.4000e+02  9.0649e+00  1.2961e-01  1.4995e+02  6.5760e-01  1.0613e-01  1.6564e-01  1.7736e-01
1999.42223403  2.5301e-01  4.4402e+02  9.2765e+00  1.6429e-01  1.3667e+02  5.5993e-01  9.4043e-02  1.5827e-01  1.3850e-01
1999.42246332  1.7866e-01  4.3925e+02  9.1086e+00  1.7375e-01  1.1684e+02  6.0953e-01  1.0117e-01  1.5783e-01  1.7901e-01
1999.42269258  2.4715e-01  4.4011e+02  9.4320e+00  1.6330e-01  1.2991e+02  6.0349e-01  9.2643e-02  1.6356e-01  1.6334e-01
1999.42292186  2.5080e-01  4.3730e+02  9.3265e+00  1.2026e-01  1.2367e+02  6.5457e-01  7.6419e-02  1.3476e-01  1.7578e-01
1999.42315115  1.7138e-01  4.2183e+02  9.3476e+00  1.6475e-01  1.2040e+02  6.6477e-01  1.0445e-01  1.8537e-01  1.5953e-01
1999.42338041  1.7892e-01  4.1579e+02  9.0621e+00  1.8604e-01  9.8093e+01  6.2893e-01  9.7532e-02  1.6128e-01  1.6580e-01
1999.42360973  2.3080e-01  4.1241e+02  9.1641e+00  1.8700e-01  1.0392e+02  6.1567e-01  1.0193e-01  1.4301e-01  1.7403e-01
1999.42383901  2.3866e-01  4.1357e+02  9.2932e+00  1.7364e-01  9.7205e+01  6.6869e-01  7.1259e-02  1.7816e-01  1.7612e-01
1999.42406827  1.5004e-01  4.1325e+02  9.4116e+00  1.4278e-01  9.7455e+01  5.9528e-01  8.4164e-02  1.6779e-01  1.6629e-01
1999.42429756  1.7772e-01  4.2485e+02  9.1491e+00  1.6504e-01  1.2047e+02  6.2723e-01  1.0498e-01  1.4342e-01  1.8340e-01
1999.42452685  1.5914e-01  4.3887e+02  9.2424e+00  1.7188e-01  1.0225e+02  6.0489e-01  1.0433e-01  1.6364e-01  1.9272e-01
1999.42475611  1.7658e-01  4.3818e+02  9.1625e+00  2.0885e-01  7.8190e+01  5.5559e-01  7.9070e-02  1.5742e-01  1.9307e-01
1999.42498542  2.1765e-01  4.5073e+02  9.5409e+00  2.1205e-01  8.0649e+01  5.3117e-01  9.7479e-02  1.3145e-01  2.0516e-01
1999.42521471  2.5137e-01  4.5004e+02  9.5919e+00  1.9474e-01  8.5501e+01  5.0715e-01  1.1449e-01  1.6085e-01  2.2437e-01
1999.42544400  2.0912e-01  4.3888e+02  9.6084e+00  1.9448e-01  8.4995e+01  5.6595e-01  1.1283e-01  1.8089e-01  1.9553e-01
1999.42567326  1.4009e-01  4.4245e+02  9.8981e+00  1.8554e-01  9.1161e+01  5.8573e-01  1.0889e-01  2.2079e-01  2.0591e-01
1999.42590255  1.6635e-01  4.4859e+02  9.7559e+00  2.0161e-01  9.2012e+01  5.8214e-01  1.0389e-01  1.7623e-01  2.0597e-01
1999.42613184  1.4329e-01  4.5439e+02  9.6148e+00  2.1029e-01  8.4985e+01  6.1080e-01  9.5318e-02  1.9018e-01  2.1766e-01
1999.42636115  1.1516e-01  4.5119e+02  9.4740e+00  1.7427e-01  9.2888e+01  6.0809e-01  1.2897e-01  1.7422e-01  2.0689e-01
1999.42659041  1.0672e-01  4.4291e+02  9.4833e+00  2.1279e-01  1.0281e+02  6.2640e-01  1.3207e-01  2.0231e-01  2.0701e-01
1999.42681970  9.0661e-02  4.4042e+02  9.2618e+00  2.2148e-01  1.1639e+02  6.3226e-01  1.2353e-01  2.2946e-01  2.2150e-01
1999.42704899  9.8880e-02  4.3849e+02  9.2332e+00  2.9054e-01  1.0195e+02  6.3564e-01  7.9071e-02  3.1603e-01  1.5378e-01
1999.42727827  9.6556e-02  4.3315e+02  9.2655e+00  2.7219e-01  1.0216e+02  6.7618e-01  1.3141e-01  1.7501e-01  2.4839e-01
1999.42750753  9.8787e-02  4.3043e+02  9.3014e+00  2.5576e-01  9.7832e+01  6.1848e-01  8.0374e-02  2.0313e-01  2.3058e-01
1999.42773685  8.0837e-02  4.2696e+02  9.3904e+00  3.1758e-01  1.0372e+02  6.7040e-01  8.0504e-02  1.9873e-01  2.4646e-01
1999.42796614  7.1784e-02  4.1740e+02  9.2380e+00  3.0580e-01  1.0118e+02  6.0546e-01  1.0215e-01  2.4080e-01  2.2872e-01
1999.42819542  8.4686e-02  4.1415e+02  9.1367e+00  2.8830e-01  9.4245e+01  5.6132e-01  9.6662e-02  1.9542e-01  1.8629e-01
1999.42842468  8.8241e-02  4.2004e+02  9.7996e+00  1.8538e-01  1.1879e+02  6.6148e-01  9.4640e-02  1.6595e-01  1.9544e-01
1999.42865397  1.7026e-01  4.0190e+02  9.5612e+00  2.0839e-01  1.2640e+02  6.7551e-01  1.3879e-01  1.6617e-01  2.2787e-01
1999.42888329  1.7210e-01  3.8874e+02  9.4410e+00  1.7932e-01  1.1696e+02  6.1080e-01  8.9985e-02  2.0383e-01  1.6762e-01
1999.42911258  1.5347e-01  3.7659e+02  9.4703e+00  2.5973e-01  1.0660e+02  5.6625e-01  1.1518e-01  2.5355e-01  1.8229e-01
1999.42934186  1.2964e-01  3.6820e+02  9.5446e+00  2.2726e-01  1.1280e+02  5.9900e-01  1.1577e-01  1.4346e-01  2.7393e-01
1999.42957115  1.5662e-01  3.6789e+02  9.6310e+00  1.8049e-01  1.0697e+02  5.7327e-01  7.5161e-02  1.7831e-01  2.0381e-01
1999.42980041  1.2813e-01  3.7693e+02  9.8391e+00  3.0649e-01  1.1778e+02  5.8636e-01  1.2052e-01  1.3317e-01  2.7020e-01
1999.43002970  1.2500e-01  3.6184e+02  9.5506e+00  2.9042e-01  1.1426e+02  5.4742e-01  1.0023e-01  1.9456e-01  1.8428e-01
1999.43025901  1.3855e-01  3.7238e+02  9.7768e+00  2.3842e-01  1.4537e+02  7.1374e-01  1.0498e-01  1.8301e-01  2.2096e-01
1999.43048830  2.1984e-01  3.6448e+02  9.9401e+00  1.5943e-01  1.1409e+02  5.9036e-01  1.5847e-01  1.9521e-01  2.1889e-01
1999.43071759  1.6259e-01  3.6131e+02  9.9832e+00  1.6940e-01  1.4575e+02  7.3291e-01  1.4726e-01  2.1584e-01  2.4086e-01
1999.43094688  1.3270e-01  3.5327e+02  9.8879e+00  2.5665e-01  1.3780e+02  6.8605e-01  1.0270e-01  2.4049e-01  1.9800e-01
1999.43117614  1.8152e-01  3.6332e+02  9.7038e+00  2.2136e-01  1.3467e+02  7.5410e-01  1.1762e-01  1.9558e-01  2.3148e-01
1999.43140545  1.7812e-01  3.7946e+02  9.5236e+00  1.6604e-01  1.1391e+02  7.1143e-01  1.0163e-01  1.7768e-01  2.1293e-01
1999.43163474  1.7268e-01  3.6730e+02  9.6460e+00  2.0313e-01  1.2149e+02  7.0059e-01  1.1776e-01  1.6127e-01  2.2240e-01
1999.43186403  2.3052e-01  3.6299e+02  1.0174e+01  2.0087e-01  1.2438e+02  5.4919e-01  1.2983e-01  1.9811e-01  2.0777e-01
1999.43209332  2.6450e-01  3.6260e+02  1.0060e+01  2.0362e-01  1.1359e+02  5.4430e-01  1.3391e-01  2.1832e-01  2.0546e-01
1999.43232260  1.4797e-01  3.6437e+02  9.9988e+00  1.7497e-01  1.0281e+02  6.3125e-01  1.1233e-01  1.8719e-01  2.1577e-01
1999.43255192  1.5330e-01  3.3969e+02  1.0031e+01  1.6834e-01  9.2857e+01  6.4133e-01  1.5765e-01  2.0014e-01  2.2107e-01
1999.43278121  2.5206e-01  3.3959e+02  9.5002e+00  2.2552e-01  9.1645e+01  4.5680e-01  1.4317e-01  1.9854e-01  2.1796e-01
1999.43301049  1.6447e-01  3.6151e+02  9.7994e+00  2.2849e-01  1.3141e+02  6.5761e-01  1.2467e-01  1.9925e-01  1.9649e-01
1999.43323975  2.0920e-01  3.6297e+02  1.0459e+01  1.2488e-01  1.2172e+02  6.6541e-01  1.3556e-01  2.3140e-01  2.0862e-01
1999.43346904  3.5346e-01  3.5170e+02  9.6105e+00  2.6993e-01  1.0404e+02  3.6070e-01  1.8661e-01  2.3414e-01  2.3210e-01
1999.43369836  2.4479e-01  3.5314e+02  9.3632e+00  3.0743e-01  4.4117e+01  3.3423e-01  1.7034e-01  2.5718e-01  2.5947e-01
1999.43392764  7.5525e-01  3.7778e+02  9.4875e+00  2.0199e-01  1.3166e+02  6.1508e-01  1.1146e-01  1.8067e-01  2.2254e-01
1999.43415693  6.2193e-01  3.7456e+02  9.0419e+00  2.0148e-01  1.4926e+02  7.0142e-01  1.0675e-01  1.6857e-01  2.2595e-01
1999.43438622  5.1236e-01  3.7073e+02  9.0071e+00  2.1631e-01  1.4324e+02  6.8734e-01  1.1634e-01  1.7958e-01  1.9766e-01
1999.43461551  3.4178e-01  3.8941e+02  1.0095e+01  2.1176e-01  8.1684e+01  4.7255e-01  1.3879e-01  1.8688e-01  2.0491e-01
1999.43484485  2.3624e-01  4.3711e+02  1.0005e+01  2.1188e-01  1.2580e+02  5.7341e-01  1.3944e-01  1.6549e-01  1.8952e-01
1999.43507408  1.3587e-01  4.9055e+02  1.0218e+01  1.7128e-01  1.0711e+02  6.1348e-01  1.4216e-01  1.3949e-01  1.9673e-01
1999.43530334  1.1131e-01  5.3508e+02  1.0577e+01  1.6376e-01  1.0190e+02  5.2821e-01  9.3708e-02  2.1416e-01  1.5888e-01
1999.43553258  2.0330e-01  5.5984e+02  1.0756e+01  1.3813e-01  1.0585e+02  6.0298e-01  1.1740e-01  2.0817e-01  1.4937e-01
1999.43576184  4.2416e-02  7.0223e+02  9.7987e+00  1.6848e-01  7.5731e+01  6.1193e-01  1.0947e-01  1.8769e-01  2.7588e-01
1999.43599107  2.6069e-02  7.1404e+02  9.6804e+00  2.6722e-01  7.2300e+01  6.9315e-01  1.7116e-01  3.0775e-01  2.0406e-01
1999.43622033  2.1659e-02  6.5617e+02  9.8616e+00  1.7473e-01  5.9999e+01  6.7442e-01  1.3357e-01  2.4241e-01  1.4341e-01
1999.43644956  1.7744e-02  6.8700e+02  9.6991e+00  1.1737e-01  7.1249e+01  6.6798e-01  1.8830e-01  2.7382e-01  2.9864e-01
1999.43667882  6.0903e-03  7.2865e+02  1.0801e+01  8.1520e-02  6.2838e+01  7.2621e-01  5.9923e-02  3.2455e-01  2.9112e-01
1999.43690805  4.8465e-03  7.1503e+02  1.1201e+01  9.1022e-02  8.1331e+01  8.9007e-01  2.1628e-01  3.5032e-01  5.1224e-01
1999.43713732  6.9279e-03  6.9381e+02  1.1696e+01 -9.9999e+03  7.3166e+01  7.6730e-01  1.2200e-01  1.9573e-01  2.3461e-01
1999.43736658  3.2546e-02  6.4715e+02  8.7907e+00  1.3571e-01  6.3922e+01  5.7082e-01  9.8257e-02  2.1771e-01  2.1432e-01
1999.43759581  3.9014e-02  6.2560e+02  9.4579e+00  1.0801e-01  6.0061e+01  6.3172e-01  1.2447e-01  2.4824e-01  1.6246e-01
1999.43782507  2.5724e-02  6.1324e+02  1.0368e+01  1.2341e-01  9.0003e+01  7.5735e-01  1.2273e-01  2.4623e-01  3.2008e-01
1999.43805427  2.2242e-02  5.9234e+02  9.9081e+00  1.6579e-01  8.8417e+01  6.9092e-01  1.8012e-01  2.8631e-01  1.9654e-01
1999.43828356  2.2557e-02  5.9427e+02  9.5956e+00  8.3874e-02  8.1382e+01  6.9831e-01  1.3343e-01  1.9696e-01  2.2629e-01
1999.43851282  2.0388e-02  5.8804e+02  9.1027e+00  1.7671e-01  7.8616e+01  7.2136e-01  9.7849e-02  2.0086e-01  2.6310e-01
1999.43874203  1.1505e-02  6.0833e+02  1.0539e+01  2.2201e-01  1.3450e+02  1.0156e+00  2.1991e-01  3.6486e-01  3.3067e-01
1999.43897132  7.9040e-03  5.7312e+02  8.2590e+00 -9.9999e+03  1.4203e+02  1.1131e+00  2.1223e-01  6.7945e-02  3.6653e-01
1999.43920058  7.8035e-03  5.4608e+02  1.1390e+01 -9.9999e+03  8.6457e+01  6.4841e-01  1.2508e-01  2.3392e-01  1.1662e-01
1999.43942978  5.4094e-03  5.6107e+02  1.2331e+01 -9.9999e+03  1.3189e+02  1.0171e+00  1.5524e-01  3.7372e-01  1.6616e-01
1999.43965907  6.7226e-03  5.4648e+02  8.0000e+00  8.5807e-02  1.2759e+02  1.1090e+00  3.3647e-01  1.6208e-01  2.8993e-01
1999.43988833  8.9155e-03  5.2616e+02  8.1715e+00  6.8321e-02  9.6200e+01  7.6621e-01  1.0752e-01  2.0582e-01  1.3667e-01
1999.44011756  1.5100e-02  4.8766e+02  1.2384e+01  4.3729e-02  8.4668e+01  6.2102e-01  1.1863e-01  3.3437e-01  6.0044e-02
1999.44034682  1.7292e-02  4.8340e+02  1.0931e+01  6.4199e-02  1.0309e+02  6.0538e-01  1.8471e-01  2.7072e-01  9.7198e-02
1999.44057608  1.8595e-02  4.6626e+02  1.1427e+01  9.6682e-02  1.3221e+02  9.5402e-01  1.5184e-01  3.0725e-01  1.0496e-01
1999.44080534  1.9060e-02  4.5928e+02  9.7333e+00  5.5869e-02  1.0211e+02  7.8122e-01  1.2241e-01  1.6706e-01  1.2270e-01
1999.44103458  1.8846e-02  4.5094e+02  9.1861e+00  1.0223e-01  1.1719e+02  6.7203e-01  1.7858e-01  2.6259e-01  1.2981e-01
1999.44126384  2.3171e-02  4.3719e+02  1.1422e+01  5.6842e-02  1.0633e+02  7.5017e-01  1.6094e-01  1.5892e-01  1.5362e-01
1999.44149310  2.4726e-02  4.6308e+02  1.0832e+01  6.5140e-02  9.7305e+01  7.5483e-01  1.2348e-01  2.3163e-01  1.5792e-01
1999.44172233  2.6124e-02  4.2651e+02  9.7569e+00  8.8372e-02  8.5539e+01  7.2278e-01  8.7034e-02  1.7523e-01  1.4573e-01
1999.44195159  7.2065e-02  4.0265e+02  9.7801e+00  5.0586e-02  9.2695e+01  7.2245e-01  1.3436e-01  1.7054e-01  1.6042e-01
1999.44218085  6.4419e-02  3.8922e+02  9.7175e+00  6.6927e-02  1.0003e+02  7.4583e-01  1.2047e-01  2.1996e-01  1.4222e-01
1999.44241011  7.6255e-02  3.8553e+02  1.0476e+01  4.7203e-02  9.2535e+01  7.0829e-01  1.6202e-01  1.9811e-01  1.3890e-01
1999.44263937  8.9306e-02  3.8155e+02  9.3079e+00  6.1756e-02  9.1659e+01  7.0585e-01  1.1301e-01  2.0694e-01  1.4690e-01
1999.44286860  8.3908e-02  3.5837e+02  9.2553e+00  5.0383e-02  9.4443e+01  7.1168e-01  1.3029e-01  1.5762e-01  1.7228e-01
1999.44309786  8.4175e-02  3.8347e+02  9.8183e+00  8.0703e-02  9.4570e+01  6.7462e-01  1.3092e-01  2.2913e-01  1.2914e-01
1999.44332712  6.8258e-02  4.0298e+02  9.7342e+00  1.0405e-01  8.2032e+01  8.2528e-01  1.1484e-01  2.0390e-01  1.6814e-01
1999.44355638  3.4923e-02  4.3459e+02  9.3422e+00  1.9603e-01  7.2687e+01  6.6254e-01  1.1781e-01  2.0603e-01  2.1413e-01
1999.44378562  4.8798e-02  4.4568e+02  9.0885e+00  2.3614e-01  7.0211e+01  5.5448e-01  8.0145e-02  2.0710e-01  1.9766e-01
1999.44401488  3.9521e-02  4.2921e+02  9.2964e+00  2.7089e-01  8.1690e+01  6.6844e-01  1.1660e-01  1.6397e-01  2.0379e-01
1999.44424414  3.7124e-02  4.1876e+02  9.1474e+00  1.9553e-01  9.1262e+01  4.9491e-01  6.2066e-02  1.8998e-01  1.8369e-01
1999.44447340  5.9939e-02  4.1059e+02  9.3846e+00  1.3242e-01  1.0570e+02  6.2293e-01  1.1269e-01  1.6634e-01  1.4305e-01
1999.44470266  5.8638e-02  4.0648e+02  9.5892e+00  1.3433e-01  1.0733e+02  6.4399e-01  7.6572e-02  1.3925e-01  1.9207e-01
1999.44493192  6.1884e-02  3.9798e+02  9.3832e+00  1.9310e-01  1.1133e+02  5.7215e-01  6.8899e-02  2.0644e-01  1.6653e-01
1999.44516115  5.6055e-02  4.0047e+02  9.4049e+00  2.0525e-01  1.0335e+02  5.1967e-01  1.0921e-01  1.9584e-01  1.3493e-01
1999.44539041  6.4920e-02  4.0129e+02  9.1072e+00  2.0722e-01  1.0427e+02  6.8970e-01  7.7384e-02  1.4618e-01  2.3315e-01
1999.44561967  8.3180e-02  4.0921e+02  8.8900e+00  1.4540e-01  1.0830e+02  6.7774e-01  7.6039e-02  1.6496e-01  1.8101e-01
1999.44584893  8.4560e-02  4.1487e+02  9.5613e+00  1.7094e-01  1.1414e+02  7.9833e-01  1.0721e-01  1.9609e-01  1.4663e-01
1999.44607819  6.1956e-02  4.0387e+02  8.9396e+00  1.0507e-01  1.0605e+02  7.1502e-01  9.9137e-02  1.4976e-01  1.3176e-01
1999.44630745  7.9371e-02  4.0295e+02  9.3174e+00  1.3373e-01  1.0439e+02  6.6912e-01  5.4577e-02  1.8047e-01  1.9552e-01
1999.44653671  8.4903e-02  4.0229e+02  9.0254e+00  1.5338e-01  9.4061e+01  5.9472e-01  9.2180e-02  1.1564e-01  1.6462e-01
1999.44676595  6.0761e-02  3.9594e+02  8.9168e+00  1.9114e-01  9.5007e+01  5.9235e-01  7.5989e-02  1.1980e-01  2.0007e-01
1999.44699521  5.8592e-02  3.9066e+02  9.2766e+00  2.0905e-01  9.7008e+01  6.3877e-01  8.0968e-02  1.6190e-01  2.0921e-01
1999.44722447  5.2461e-02  3.8808e+02  9.4871e+00  1.4239e-01  1.2963e+02  7.2463e-01  9.3019e-02  1.4514e-01  1.8022e-01
1999.44745373  6.7048e-02  3.9382e+02  9.5517e+00  1.7201e-01  1.0898e+02  5.8478e-01  6.0195e-02  1.4011e-01  1.7292e-01
1999.44768299  7.3034e-02  3.9100e+02  9.2596e+00  1.8701e-01  9.4422e+01  4.9489e-01  7.7949e-02  1.8799e-01  2.3299e-01
1999.44791225  7.3721e-02  3.8292e+02  9.4301e+00  2.2208e-01  1.0513e+02  6.0855e-01  8.1041e-02  1.8167e-01  2.0516e-01
1999.44814153  7.1659e-02  3.7774e+02  9.2200e+00  1.6813e-01  9.7523e+01  5.6797e-01  5.1290e-02  1.4213e-01  1.6753e-01
1999.44837079  7.1511e-02  3.7646e+02  9.3583e+00  1.9272e-01  1.1663e+02  6.2661e-01  4.6235e-02  2.3037e-01  1.9053e-01
1999.44860005  7.8978e-02  3.8212e+02  9.3071e+00  2.4992e-01  9.6107e+01  6.5905e-01  1.4079e-01  1.4954e-01  2.0352e-01
1999.44882932  7.5579e-02  3.7674e+02  9.2183e+00  2.2577e-01  1.0047e+02  6.7580e-01  8.1544e-02  1.5255e-01  2.2350e-01
1999.44905858  8.6692e-02  3.7450e+02  9.4846e+00  8.5497e-02  1.0547e+02  7.1056e-01  1.1027e-01  1.4488e-01  1.6632e-01
1999.44928784  8.0347e-02  3.6711e+02  9.8593e+00  1.0886e-01  1.1135e+02  6.9941e-01  7.7893e-02  1.6852e-01  1.6609e-01
1999.44951707  1.2637e-01  3.6599e+02  9.4542e+00  1.3818e-01  9.8465e+01  6.3008e-01  1.0971e-01  1.6872e-01  1.8542e-01
1999.44974633  1.0599e-01  3.5907e+02  9.5642e+00  1.4015e-01  1.1893e+02  7.5603e-01  7.4773e-02  1.5855e-01  2.0473e-01
1999.44997559  9.9538e-02  3.5137e+02  9.3279e+00  1.2795e-01  1.2205e+02  7.5219e-01  1.0710e-01  1.6029e-01  1.8982e-01
1999.45020485  7.9102e-02  3.4508e+02  1.0200e+01  6.7373e-02  1.4623e+02  7.1898e-01  1.1489e-01  2.1464e-01  1.2931e-01
1999.45043411  7.5979e-02  3.4118e+02  1.0640e+01  9.0190e-02  1.3788e+02  8.2680e-01  1.2346e-01  2.8183e-01  1.7294e-01
1999.45066337  6.3682e-02  3.3365e+02  9.3500e+00  9.6803e-02  1.6819e+02  9.0922e-01  8.7809e-02  1.6331e-01  1.9003e-01
1999.45089263  7.2525e-02  3.2718e+02  1.0424e+01  7.3236e-02  1.7621e+02  9.1658e-01  3.8911e-02  2.4100e-01  1.1182e-01
1999.45112189  7.2272e-02  3.1739e+02  1.0124e+01  5.7577e-02  1.0459e+02  7.7345e-01  1.0160e-01  1.5614e-01  1.3829e-01
1999.45135115  6.7237e-02  3.1384e+02  1.0234e+01  6.8061e-02  1.2187e+02  8.9820e-01  1.1995e-01  1.5088e-01  8.6373e-02
1999.45158041  5.9977e-02  2.9849e+02  1.0015e+01  6.5303e-02  8.8216e+01  7.6837e-01  1.3982e-01  2.8702e-01  1.1075e-01
1999.45180967  6.8271e-02  2.8641e+02  9.9135e+00  1.6376e-01  1.0374e+02  6.9310e-01  1.2753e-01  2.7947e-01  1.6986e-01
1999.45203893  6.3547e-02  2.8063e+02  9.7959e+00  1.7611e-01  7.8868e+01  5.8066e-01  1.7673e-01  1.9340e-01  1.9640e-01
1999.45226819  6.1738e-02  2.7638e+02  9.4683e+00  4.3326e-01  7.5495e+01  7.2264e-01  1.2047e-01  2.2739e-01  2.8103e-01
1999.45249745  8.1119e-02  2.8093e+02  9.9023e+00  1.8126e-01  6.5782e+01  5.6540e-01  1.5602e-01  1.7802e-01  2.3420e-01
1999.45272677  8.4795e-02  2.8430e+02  9.8917e+00  1.4821e-01  7.2467e+01  5.8237e-01  9.5047e-02  1.9316e-01  2.5173e-01
1999.45295603  1.2308e-01  2.8701e+02  9.7833e+00  2.5752e-01  7.5542e+01  6.2575e-01  1.5791e-01  2.4722e-01  2.7034e-01
1999.45318529  1.4448e-01  2.9164e+02  9.7160e+00  1.3983e-01  6.0285e+01  6.3261e-01  1.3633e-01  1.9837e-01  1.9879e-01
1999.45341455  1.7080e-01  3.2554e+02  9.0036e+00  1.6061e-01  6.4691e+01  5.9627e-01  1.4345e-01  1.7040e-01  2.0159e-01
1999.45364381  2.7559e-01  3.2703e+02  8.8739e+00  1.2877e-01  8.2542e+01  5.6435e-01  1.2833e-01  1.8465e-01  1.6977e-01
1999.45387307  2.4853e-01  3.3101e+02  1.0066e+01  9.0808e-02  9.2903e+01  6.6317e-01  1.0034e-01  1.8651e-01  1.3941e-01
1999.45410233  2.4570e-01  3.1968e+02  9.2820e+00  1.4819e-01  6.4528e+01  4.9843e-01  1.1160e-01  1.6482e-01  1.8671e-01
1999.45433162  1.7047e-01  3.2926e+02  8.8442e+00  2.6747e-01  1.0398e+02  7.0827e-01  1.1411e-01  2.3947e-01  2.2271e-01
1999.45456085  3.1199e-01  3.3731e+02  9.1133e+00  1.9155e-01  1.1099e+02  6.1666e-01  1.2146e-01  2.3844e-01  1.8836e-01
1999.45479005  3.7304e-01  3.3582e+02  9.3146e+00  1.1787e-01  1.0766e+02  6.9951e-01  1.3332e-01  2.0426e-01  1.9027e-01
1999.45501929  3.6723e-01  3.3428e+02  9.6741e+00  1.1531e-01  9.6258e+01  5.5536e-01  1.0167e-01  2.0191e-01  1.5892e-01
1999.45524847  3.4673e-01  3.3027e+02  9.6855e+00  1.3167e-01  8.9746e+01  5.8160e-01  1.0756e-01  1.7385e-01  1.9310e-01
1999.45547770  4.0054e-01  3.3627e+02  9.8636e+00  1.0127e-01  9.3937e+01  6.3642e-01  1.0584e-01  2.2203e-01  1.6527e-01
1999.45570693  4.3993e-01  3.4797e+02  9.9767e+00  1.1982e-01  1.0689e+02  6.8338e-01  1.2471e-01  1.5320e-01  1.6390e-01
1999.45593614  4.0306e-01  3.6907e+02  9.4617e+00  1.5933e-01  1.1779e+02  6.2917e-01  1.0386e-01  1.2223e-01  1.5387e-01
1999.45616537  4.6169e-01  3.6358e+02  9.6947e+00  1.6723e-01  1.0709e+02  6.4876e-01  9.0536e-02  1.6421e-01  1.3586e-01
1999.45639460  5.0355e-01  3.5740e+02  9.9396e+00  1.3899e-01  9.8148e+01  6.2146e-01  1.1554e-01  1.6259e-01  1.6311e-01
1999.45662381  5.6734e-01  3.6370e+02  9.6735e+00  1.7104e-01  1.1329e+02  6.3764e-01  9.8211e-02  1.4379e-01  1.6785e-01
1999.45685301  4.7550e-01  3.7212e+02  9.7944e+00  1.6185e-01  1.1243e+02  6.3198e-01  9.4200e-02  1.3385e-01  1.5881e-01
1999.45708225  4.3408e-01  3.7118e+02  9.9499e+00  1.4573e-01  1.1941e+02  6.2957e-01  8.5592e-02  1.3779e-01  1.4885e-01
1999.45731145  4.8128e-01  3.7415e+02  9.6455e+00  1.5128e-01  1.1736e+02  6.2732e-01  9.0312e-02  1.3508e-01  1.3935e-01
1999.45754068  4.0671e-01  3.7351e+02  1.0210e+01  1.2652e-01  1.1971e+02  6.1550e-01  7.4483e-02  1.2143e-01  1.3111e-01
1999.45776992  4.7012e-01  3.7158e+02  9.8693e+00  1.3284e-01  1.1633e+02  5.8569e-01  9.5907e-02  1.4112e-01  1.6119e-01
1999.45799912  6.5942e-01  3.7506e+02  9.8445e+00  1.4659e-01  1.1782e+02  6.0195e-01  8.8099e-02  1.3935e-01  1.4799e-01
1999.45822833  5.1850e-01  3.6793e+02  9.9737e+00  1.4587e-01  1.1209e+02  5.9992e-01  8.8632e-02  1.5904e-01  1.6455e-01
1999.45845756  5.0710e-01  3.6834e+02  1.0060e+01  1.3992e-01  1.1438e+02  6.2912e-01  8.1750e-02  1.3344e-01  1.4299e-01
1999.45868677  4.5697e-01  3.8400e+02  1.0193e+01  1.2958e-01  1.1888e+02  6.1549e-01  9.0723e-02  1.0881e-01  1.4394e-01
1999.45891600  4.0665e-01  3.9638e+02  1.0224e+01  1.1773e-01  1.1199e+02  5.9942e-01  7.3925e-02  1.3255e-01  1.2704e-01
1999.45914523  2.8987e-01  4.0085e+02  1.0222e+01  1.6370e-01  1.1465e+02  7.4316e-01  7.0091e-02  1.3754e-01  1.6349e-01
1999.45937447  2.5933e-01  4.0048e+02  1.0133e+01  1.5303e-01  1.0697e+02  5.8126e-01  9.9160e-02  1.1719e-01  1.5461e-01
1999.45960367  3.7031e-01  3.9787e+02  1.0334e+01  1.2209e-01  1.1432e+02  5.7729e-01  9.8718e-02  1.2849e-01  1.2065e-01
1999.45983288  3.8333e-01  3.9993e+02  1.0276e+01  9.7279e-02  1.0521e+02  6.0743e-01  8.5243e-02  1.2415e-01  1.1305e-01
1999.46006211  3.5540e-01  3.9463e+02  1.0449e+01  1.0474e-01  1.0818e+02  5.8995e-01  8.1629e-02  8.8967e-02  1.1156e-01
1999.46029134  4.1433e-01  3.9595e+02  1.0530e+01  1.1929e-01  1.1542e+02  6.4333e-01  9.2593e-02  1.3107e-01  1.1189e-01
1999.46052055  6.4976e-01  4.1056e+02  1.0421e+01  9.7342e-02  1.1319e+02  6.1529e-01  9.2362e-02  9.1543e-02  1.3306e-01
1999.46074978  7.8336e-01  4.0078e+02  1.0212e+01  1.0680e-01  1.2273e+02  6.5664e-01  9.4770e-02  8.4473e-02  1.1778e-01
1999.46097901  5.0494e-01  3.9898e+02  1.0385e+01  1.0298e-01  1.0524e+02  5.9936e-01  9.4649e-02  9.9525e-02  1.1691e-01
1999.46120825  3.9641e-01  4.0252e+02  1.0201e+01  1.2157e-01  1.1610e+02  6.9342e-01  7.7607e-02  1.2227e-01  1.3214e-01
1999.46143748  3.8081e-01  3.9664e+02  1.0425e+01  1.3604e-01  1.1113e+02  6.6049e-01  9.0122e-02  1.3503e-01  1.4176e-01
1999.46166668  3.6212e-01  3.9179e+02  1.0457e+01  1.2145e-01  1.1179e+02  6.8571e-01  8.4256e-02  1.4079e-01  1.2856e-01
1999.46189589  3.8222e-01  3.8827e+02  1.0678e+01  1.1208e-01  1.1118e+02  6.5119e-01  9.7204e-02  1.3432e-01  1.1627e-01
1999.46212512  3.7482e-01  3.8405e+02  1.0698e+01  1.1266e-01  1.0845e+02  6.8385e-01  1.0005e-01  1.2111e-01  1.1678e-01
1999.46235436  3.4930e-01  3.8415e+02  1.0427e+01  1.2070e-01  1.1722e+02  6.8238e-01  9.3679e-02  8.9921e-02  1.3123e-01
1999.46258359  3.5019e-01  3.9409e+02  1.0697e+01  1.1576e-01  1.1515e+02  6.2584e-01  8.0242e-02  9.6108e-02  1.4418e-01
1999.46281282  3.4727e-01  3.9590e+02  1.0591e+01  1.2976e-01  1.2057e+02  7.0393e-01  8.1222e-02  1.4225e-01  1.4169e-01
1999.46304205  3.3358e-01  3.9567e+02  1.0771e+01  1.4005e-01  1.2151e+02  6.5211e-01  5.9879e-02  1.3366e-01  1.5832e-01
1999.46327129  3.5684e-01  3.9458e+02  1.0392e+01  1.4863e-01  1.1546e+02  6.6984e-01  9.4762e-02  1.3012e-01  1.2965e-01
1999.46350047  2.9458e-01  3.9202e+02  1.0330e+01  1.1634e-01  1.1093e+02  7.2001e-01  1.0023e-01  8.1336e-02  1.3233e-01
1999.46372970  3.2899e-01  3.9087e+02  1.0695e+01  1.1003e-01  1.1875e+02  6.5473e-01  9.8115e-02  1.5654e-01  1.2384e-01
1999.46395893  3.4719e-01  3.8920e+02  1.0747e+01  1.1645e-01  1.1152e+02  7.0354e-01  8.8889e-02  1.0103e-01  1.2066e-01
1999.46418816  3.2184e-01  3.8497e+02  1.0627e+01  1.1170e-01  1.1182e+02  6.3531e-01  8.3245e-02  1.1412e-01  1.3269e-01
1999.46441740  2.7436e-01  3.7825e+02  1.0813e+01  1.0115e-01  1.1621e+02  6.4650e-01  9.7072e-02  1.0476e-01  1.4197e-01
1999.46464663  2.2810e-01  3.7531e+02  1.1105e+01  8.7031e-02  1.1009e+02  6.1111e-01  9.2071e-02  9.8836e-02  1.4584e-01
1999.46487586  2.7603e-01  3.7140e+02  1.0146e+01  1.1352e-01  1.0238e+02  5.6856e-01  9.8056e-02  1.2801e-01  1.2824e-01
1999.46510510  2.5681e-01  3.6621e+02  1.0144e+01  1.4429e-01  9.9631e+01  6.2974e-01  7.4725e-02  1.3548e-01  1.4554e-01
1999.46533433  2.3864e-01  3.5632e+02  9.7289e+00  1.7379e-01  1.0413e+02  5.4621e-01  9.2093e-02  1.3703e-01  1.3272e-01
1999.46556353  1.8316e-01  3.5065e+02  9.9481e+00  1.3025e-01  8.8792e+01  4.8130e-01  1.1787e-01  1.5642e-01  1.4966e-01
1999.46579277  1.7277e-01  3.5291e+02  9.9566e+00  1.7844e-01  8.8942e+01  5.6688e-01  1.2391e-01  1.5121e-01  2.0236e-01
1999.46602200  2.1334e-01  3.4729e+02  9.7137e+00  1.9793e-01  1.0545e+02  6.5579e-01  1.0863e-01  1.2633e-01  1.8066e-01
1999.46625123  1.4416e-01  3.4034e+02  9.8618e+00  1.5800e-01  9.0608e+01  4.5822e-01  1.0146e-01  1.4739e-01  1.3972e-01
1999.46648047  1.0940e-01  3.2534e+02  9.2190e+00  1.2574e-01  8.8535e+01  5.2481e-01  1.1625e-01  1.9563e-01  1.4731e-01
1999.46670970  1.2810e-01  3.4491e+02  9.1894e+00  1.6958e-01  9.7111e+01  5.7686e-01  1.5020e-01  1.4222e-01  2.0567e-01
1999.46693893  1.5562e-01  3.6229e+02  9.5847e+00  1.7249e-01  9.0964e+01  5.0204e-01  9.0944e-02  1.5559e-01  1.2500e-01
1999.46716816  8.9481e-02  3.5474e+02  9.3662e+00  1.3531e-01  9.8798e+01  7.0579e-01  1.4561e-01  1.5517e-01  1.3760e-01
1999.46739740  1.5291e-01  3.5844e+02  9.8838e+00  1.2318e-01  8.3744e+01  5.5359e-01  1.0481e-01  1.4528e-01  1.2295e-01
1999.46762663  6.0908e-02  3.5258e+02  9.0230e+00  1.7632e-01  6.3612e+01  4.8727e-01  1.5063e-01  1.8012e-01  1.5576e-01
1999.46785584  3.1729e-02  3.3115e+02  1.0030e+01  1.7810e-01  1.0210e+02  8.1046e-01  1.2417e-01  1.8755e-01  1.9325e-01
1999.46808507  3.0602e-02  3.2631e+02  9.6937e+00  2.6976e-01  9.6574e+01  7.4015e-01  5.4885e-02  1.8068e-01  1.9955e-01
1999.46831430  3.1536e-02  3.2037e+02  8.9694e+00  1.9457e-01  8.3157e+01  7.9171e-01  1.5437e-01  1.3903e-01  7.5292e-02
1999.46854353  2.8321e-02  3.1712e+02  9.2810e+00  2.2759e-01  7.0253e+01  5.7498e-01  5.2600e-02  1.1594e-01  2.0485e-01
1999.46877277  2.5897e-02  3.0905e+02  8.9922e+00  2.0769e-01  7.9949e+01  6.3881e-01  7.4063e-02  1.7094e-01  1.6194e-01
1999.46900200  2.3540e-02  3.0312e+02  8.4304e+00  1.2100e-01  6.5543e+01  7.1134e-01  1.2972e-01  2.0802e-01  1.7631e-01
1999.46923123  1.0744e-01  3.1239e+02  9.4239e+00  1.5115e-01  1.1341e+02  6.9061e-01  1.1455e-01  1.6991e-01  1.4634e-01
1999.46946047  1.1220e-01  3.1265e+02  9.0958e+00  2.1790e-01  8.4310e+01  6.0694e-01  1.3094e-01  1.1288e-01  1.9053e-01
1999.46968970  1.2177e-01  3.0741e+02  9.7978e+00  1.2638e-01  6.9840e+01  5.2633e-01  1.1642e-01  1.5172e-01  1.6541e-01
1999.46991893  1.8864e-01  3.0184e+02  1.0043e+01  1.6885e-01  1.0050e+02  6.8749e-01  1.1648e-01  1.8188e-01  1.4965e-01
1999.47014814  1.7469e-01  3.0522e+02  1.0315e+01  1.3920e-01  8.9907e+01  5.2493e-01  1.0934e-01  1.2441e-01  1.2885e-01
1999.47037740  1.8181e-01  2.9803e+02  9.5823e+00  1.8450e-01  1.2751e+02  8.3572e-01  1.3739e-01  2.0322e-01  2.2380e-01
1999.47060663  1.9740e-01  3.0586e+02  9.4033e+00  1.4466e-01  9.2372e+01  5.4874e-01  1.1036e-01  1.3215e-01  1.3040e-01
1999.47083586  1.5594e-01  3.1400e+02  9.2162e+00  1.2488e-01  6.8079e+01  4.6559e-01  1.1647e-01  1.6406e-01  1.1196e-01
1999.47106510  1.6156e-01  3.0865e+02  9.4928e+00  1.5403e-01  8.4369e+01  5.2573e-01  1.1682e-01  1.3668e-01  1.4463e-01
1999.47129433  1.6942e-01  3.0528e+02  9.8121e+00  1.1414e-01  8.1216e+01  5.1465e-01  9.9907e-02  1.2222e-01  1.5002e-01
1999.47152356  1.4949e-01  3.0283e+02  9.2984e+00  1.2953e-01  6.6223e+01  4.2941e-01  1.0293e-01  1.3510e-01  9.0265e-02
1999.47175279  1.2426e-01  3.0142e+02  9.7022e+00  8.2934e-02  5.1138e+01  3.0137e-01  1.0897e-01  1.2889e-01  1.4180e-01
1999.47198205  1.1431e-01  2.9994e+02  9.2890e+00  1.1071e-01  4.4430e+01  3.5750e-01  1.7398e-01  9.9175e-02  1.5238e-01
1999.47221129  1.2573e-01  3.0368e+02  9.8459e+00  9.1526e-02  4.3514e+01  3.3327e-01  1.4317e-01  1.2426e-01  1.2444e-01
1999.47244052  1.4762e-01  3.0535e+02  1.0529e+01  1.0557e-01  4.7416e+01  3.7919e-01  9.5493e-02  1.7841e-01  1.0736e-01
1999.47266975  1.4349e-01  3.0287e+02  1.0211e+01  8.8401e-02  4.7721e+01  2.2797e-01  1.5150e-01  9.1992e-02  1.1521e-01
1999.47289896  1.1862e-01  3.0409e+02  9.8619e+00  1.0685e-01  4.5439e+01  3.8785e-01  1.2878e-01  1.5408e-01  1.5323e-01
1999.47312819  7.5731e-02  3.1541e+02  1.0041e+01  2.5441e-01  3.6533e+01  4.4334e-01  1.2752e-01  1.8834e-01  2.9069e-01
1999.47335745  7.0754e-02  3.1063e+02  9.4438e+00  1.8021e-01  3.0039e+01  5.6457e-01  1.3704e-01  1.7282e-01  2.2093e-01
1999.47358668  9.1136e-02  3.0478e+02  9.5831e+00  1.5973e-01  3.7639e+01  5.8467e-01  1.4988e-01  2.3227e-01  1.7488e-01
1999.47381592  6.9284e-02  3.0205e+02  9.5817e+00  1.9263e-01  3.7619e+01  6.0519e-01  1.8344e-01  2.2684e-01  2.2801e-01
1999.47404515  5.2571e-02  3.0593e+02  9.6721e+00  3.0926e-01  3.9946e+01  5.7901e-01  1.3751e-01  2.5245e-01  3.2925e-01
1999.47427441  5.5227e-02  3.1244e+02  9.5905e+00  2.5425e-01  3.2042e+01  4.7579e-01  1.5027e-01  2.3139e-01  2.8013e-01
1999.47450364  6.3623e-02  3.1547e+02  9.5669e+00  2.3195e-01  5.1915e+01  6.0799e-01  1.5451e-01  2.0020e-01  2.5479e-01
1999.47473288  5.7665e-02  3.0501e+02  9.5044e+00  2.4123e-01  6.6999e+01  6.5104e-01  1.5519e-01  2.0027e-01  2.5174e-01
1999.47496211  2.9602e-02  2.9898e+02  9.3552e+00  3.9337e-01  6.6240e+01  7.4257e-01  9.8930e-02  2.8809e-01  1.5732e-01
1999.47519137  4.4605e-02  2.9325e+02  9.2414e+00  2.3145e-01  8.7149e+01  8.3050e-01  1.6256e-01  2.5574e-01  2.6832e-01
1999.47542060  2.9164e-02  2.8799e+02  9.0725e+00  2.5887e-01  7.3901e+01  6.9819e-01  1.3890e-01  1.8640e-01  2.7254e-01
1999.47564984  3.7682e-02  2.8630e+02  9.4826e+00  2.5544e-01  9.5249e+01  8.7229e-01  1.1160e-01  2.3489e-01  3.0278e-01
1999.47587907  4.5300e-02  2.8715e+02  9.9914e+00  2.1595e-01  8.9652e+01  6.1413e-01  1.5793e-01  2.7109e-01  2.4847e-01
1999.47610833  3.7946e-02  2.8777e+02  8.7118e+00  2.9980e-01  8.5735e+01  6.8552e-01  2.9161e-01  1.8616e-01  2.0348e-01
1999.47633751  4.1699e-02  2.8694e+02  9.3598e+00  2.4343e-01  8.4828e+01  5.8394e-01  1.3267e-01  2.8132e-01  2.2568e-01
1999.47656671  4.3347e-02  2.8718e+02  9.5738e+00  3.9206e-01  1.5098e+02  1.2006e+00  5.9077e-01  4.3629e-01  3.8388e-01
1999.47679592  4.4649e-02  2.8465e+02  8.2369e+00  1.0872e-01  8.5278e+01  9.3870e-01  1.8691e-01  4.1918e-01  2.0927e-01
1999.47702512  4.4243e-02  2.9210e+02  9.5001e+00  2.6455e-01  1.2078e+02  1.0643e+00  2.3946e-01  3.3181e-01  2.9289e-01
1999.47725430  3.4232e-02  2.8898e+02  1.0152e+01  1.4597e-01  7.2540e+01  7.1691e-01  2.1496e-01  2.7832e-01  2.7223e-01
1999.47748351  3.3042e-02  2.8258e+02  1.0046e+01  2.1162e-01  7.1083e+01  9.3535e-01  1.8317e-01  3.2186e-01  1.8799e-01
1999.47771271  8.3512e-02  2.9438e+02  9.1059e+00  1.4118e-01  1.0176e+02  5.7334e-01  1.5126e-01  1.8980e-01  2.0414e-01
1999.47794192  9.8353e-02  2.9282e+02  9.5541e+00  9.9797e-02  8.9358e+01  5.9675e-01  2.0843e-01  1.9134e-01  1.8805e-01
1999.47817110  1.2148e-01  2.9843e+02  9.6835e+00  8.5347e-02  9.1272e+01  7.1976e-01  1.4445e-01  1.7407e-01  1.8002e-01
1999.47840033  1.2951e-01  2.9797e+02  9.6090e+00  1.5511e-01  1.1241e+02  6.3705e-01  1.7487e-01  2.3524e-01  2.0234e-01
1999.47862953  1.3030e-01  2.9448e+02  9.3141e+00  1.9058e-01  1.2863e+02  7.3396e-01  1.5519e-01  2.0744e-01  2.0788e-01
1999.47885874  1.3052e-01  2.9426e+02  9.5920e+00  1.6902e-01  1.2219e+02  7.9066e-01  1.8758e-01  1.9835e-01  2.5961e-01
1999.47908792  1.3371e-01  2.9798e+02  9.2154e+00  1.7569e-01  1.0822e+02  5.9879e-01  7.9801e-02  2.3705e-01  1.7578e-01
1999.47931712  1.2251e-01  3.0032e+02  9.1335e+00  1.9101e-01  7.0409e+01  5.1792e-01  1.0877e-01  1.8087e-01  1.8137e-01
1999.47954633  1.1623e-01  3.0004e+02  9.6756e+00  1.5726e-01  6.4797e+01  6.0370e-01  9.7523e-02  2.1126e-01  1.8462e-01
1999.47977556  8.8204e-02  2.8903e+02  9.7791e+00  2.1815e-01  7.4442e+01  6.6974e-01  1.7127e-01  1.7291e-01  2.1332e-01
1999.48000477  7.7727e-02  2.8790e+02  9.0722e+00  2.5853e-01  7.2268e+01  6.4052e-01  1.7951e-01  2.7295e-01  3.2007e-01
1999.48023395  7.2192e-02  2.8495e+02  8.7267e+00  3.2956e-01  7.8810e+01  6.7298e-01  1.3580e-01  1.8921e-01  2.0873e-01
1999.48046315  6.6332e-02  2.7958e+02  9.1295e+00  2.8990e-01  8.1080e+01  7.4077e-01  2.0169e-01  3.0464e-01  2.5149e-01
1999.48069238  6.2823e-02  2.7809e+02  9.1186e+00  2.7614e-01  8.3936e+01  7.0821e-01  1.6939e-01  1.9832e-01  2.4746e-01
1999.48092159  7.8646e-02  2.8169e+02  8.6356e+00  3.5478e-01  6.9371e+01  5.6162e-01  1.2157e-01  1.5345e-01  3.0553e-01
1999.48115077  6.7272e-02  2.8037e+02  8.9854e+00  4.9341e-01  8.2095e+01  7.7994e-01  1.4735e-01  4.0399e-01  2.5767e-01
1999.48137997  7.9491e-02  2.7902e+02  9.1167e+00  2.6950e-01  5.6330e+01  6.2720e-01  8.5212e-02  2.2919e-01  2.9037e-01
1999.48160921  8.3704e-02  2.8827e+02  9.5835e+00  2.8459e-01  5.6644e+01  5.8171e-01  1.5207e-01  2.7777e-01  2.3350e-01
1999.48183841  6.2791e-02  2.8453e+02  8.8325e+00  4.3301e-01  5.9728e+01  7.2949e-01  1.7988e-01  1.7797e-01  3.7743e-01
1999.48206762  7.8024e-02  2.9173e+02  9.4055e+00  3.1249e-01  4.5992e+01  6.5806e-01  1.6150e-01  2.6673e-01  2.7226e-01
1999.48229679  1.0398e-01  3.3621e+02  1.0097e+01  1.4289e-01  4.4269e+01  6.3960e-01  1.4444e-01  2.8664e-01  2.2636e-01
1999.48252603  6.7279e-02  3.6599e+02  9.6240e+00  1.8178e-01  4.8955e+01  8.0881e-01  1.6115e-01  2.7659e-01  2.1111e-01
1999.48275523  1.0555e-01  3.5371e+02  9.3493e+00  1.5027e-01  3.1852e+01  4.7921e-01  1.4381e-01  2.2488e-01  1.7507e-01
1999.48298444  1.2164e-01  3.5326e+02  9.0085e+00  1.5544e-01  7.8680e+01  5.3090e-01  9.7842e-02  2.1711e-01  1.6832e-01
1999.48321367  3.0226e-01  3.5328e+02  8.7568e+00  2.4945e-01  9.4085e+01  5.4557e-01  1.0884e-01  2.0328e-01  2.0983e-01
1999.48344285  3.8049e-01  3.4889e+02  8.8377e+00  2.8302e-01  1.1172e+02  5.6330e-01  1.0989e-01  1.6728e-01  2.5726e-01
1999.48367205  3.0649e-01  3.5263e+02  9.1445e+00  1.0230e-01  1.1068e+02  7.7986e-01  1.3055e-01  2.1497e-01  2.0678e-01
1999.48390129  4.0081e-01  3.5099e+02  9.3976e+00  5.2158e-02  1.0310e+02  6.8437e-01  1.1179e-01  1.9527e-01  1.4455e-01
1999.48413049  4.7223e-01  3.4416e+02  9.5855e+00  1.3236e-01  9.8128e+01  6.1351e-01  1.1295e-01  1.9121e-01  2.3254e-01
1999.48435967  3.3243e-01  4.1158e+02  9.5913e+00  8.7675e-02  1.0039e+02  7.0050e-01  1.3228e-01  2.4700e-01  1.5963e-01
1999.48458890  1.5744e-01  4.7933e+02  9.7612e+00  6.6044e-02  1.1616e+02  6.9681e-01  1.3399e-01  2.3234e-01  1.5895e-01
1999.48481811  1.2081e-01  5.2574e+02  9.4581e+00  1.6611e-01  9.7407e+01  5.5058e-01  1.0826e-01  2.9001e-01  1.9542e-01
1999.48504732  3.8752e-01  5.0985e+02  9.1504e+00  1.9512e-01  1.4624e+02  6.1017e-01  1.3647e-01  2.8003e-01  2.0019e-01
1999.48527655  5.8182e-01  5.0453e+02  8.8745e+00  1.8213e-01  1.5884e+02  5.9214e-01  1.2147e-01  1.8726e-01  2.1068e-01
1999.48550573  4.9346e-01  5.0974e+02  8.7779e+00  2.3269e-01  1.4990e+02  6.3675e-01  1.3806e-01  2.0466e-01  2.4055e-01
1999.48573496  5.9160e-01  5.0950e+02  9.0920e+00  1.6997e-01  1.4579e+02  6.5196e-01  1.1012e-01  2.2553e-01  1.8132e-01
1999.48596416  4.2085e-01  5.1317e+02  9.2874e+00  1.8205e-01  1.4818e+02  6.5101e-01  1.0764e-01  2.0574e-01  1.8314e-01
1999.48619337  2.5180e-01  5.4652e+02  9.5633e+00  1.1779e-01  1.3465e+02  6.5731e-01  1.1191e-01  1.9020e-01  1.6315e-01
1999.48642260  2.6124e-01  5.4595e+02  8.9548e+00  1.5330e-01  1.2618e+02  6.7297e-01  1.0825e-01  1.8007e-01  1.7934e-01
1999.48665181  2.3744e-01  5.6298e+02  8.8939e+00  1.5185e-01  1.2993e+02  5.9435e-01  1.0241e-01  1.6899e-01  1.9112e-01
1999.48688101  1.8237e-01  5.6338e+02  9.1678e+00  1.3225e-01  1.3529e+02  7.3553e-01  1.1648e-01  1.2829e-01  1.8975e-01
1999.48711022  1.2114e-01  5.6042e+02  9.5001e+00  1.4953e-01  1.3141e+02  6.7812e-01  1.4557e-01  1.8915e-01  1.9830e-01
1999.48733945  2.2184e-01  5.7800e+02  1.0645e+01  2.6635e-01  1.6220e+02  6.9634e-01  1.2250e-01  1.5748e-01  2.1843e-01
1999.48756866  3.7783e-01  5.6931e+02  1.0751e+01  2.0494e-01  1.9243e+02  6.2000e-01  1.4370e-01  1.8621e-01  1.7142e-01
1999.48779789  5.5520e-01  6.1234e+02  1.1780e+01  2.1403e-01  1.7757e+02  6.5593e-01  2.1952e-01  1.9880e-01  2.2399e-01
1999.48802707  2.9286e-01  7.4491e+02  1.3143e+01  2.1202e-01  1.1937e+02  6.0396e-01  2.4683e-01  2.3697e-01  1.9728e-01
1999.48825627  5.3383e-02  8.2365e+02  1.4340e+01  2.5397e-01  2.1014e+01  3.2065e-01  2.1054e-01  2.5922e-01  2.5204e-01
1999.48848551  4.3645e-02  7.9880e+02  1.1882e+01  1.7807e-01  1.1970e+02  5.8488e-01  2.0775e-01  3.4246e-01  2.6647e-01
1999.48871471  1.9702e-02  7.6251e+02  1.1641e+01  1.4115e-01  1.9086e+02  4.9124e-01  1.3210e-01  2.6801e-01  2.2464e-01
1999.48894395  1.8977e-02  7.3580e+02  1.0052e+01  1.5136e-01  1.7350e+02  9.7961e-01  1.2741e-01  2.5201e-01  2.0516e-01
1999.48917312  1.8685e-02  7.1102e+02  1.0329e+01  1.2259e-01  1.5818e+02  7.3198e-01  1.2127e-01  2.5148e-01  1.7276e-01
1999.48940236  2.3110e-02  6.9449e+02  1.0859e+01  7.2889e-02  1.1892e+02  6.3923e-01  1.2144e-01  1.7327e-01  1.4811e-01
1999.48963159  1.9915e-02  6.7125e+02  9.2011e+00  9.0730e-02  1.2986e+02  5.5347e-01  8.0927e-02  1.5882e-01  1.6554e-01
1999.48986079  1.8857e-02  6.5259e+02  8.9894e+00  1.4071e-01  1.4797e+02  6.8156e-01  2.6529e-01  1.9636e-01  1.6531e-01
1999.49009003  2.1045e-02  6.3614e+02  9.8857e+00  1.1954e-01  1.1820e+02  6.0056e-01  7.4459e-02  2.5172e-01  1.3309e-01
1999.49031923  1.9834e-02  6.2954e+02  1.0253e+01  9.4195e-02  1.2173e+02  6.8060e-01  7.7267e-02  1.7512e-01  2.6852e-01
1999.49054847  2.0262e-02  6.1504e+02  1.0748e+01  1.5890e-01  1.5729e+02  7.1849e-01  1.6687e-01  2.5866e-01  1.0699e-01
1999.49077764  2.6730e-02  6.1604e+02  8.8267e+00  2.8552e-01  1.0685e+02  6.6566e-01  8.8262e-02  2.4068e-01  3.1351e-01
1999.49100688  3.0742e-02  6.0485e+02  9.1573e+00  2.8588e-01  8.7533e+01  6.4423e-01  7.5202e-02  2.0205e-01  2.9990e-01
1999.49123608  3.5436e-02  5.9047e+02  9.1911e+00  2.0295e-01  8.7199e+01  5.3082e-01  1.0125e-01  1.3301e-01  2.3171e-01
1999.49146532  3.9672e-02  5.8488e+02  9.0678e+00  1.6735e-01  1.1356e+02  6.5908e-01  5.8217e-02  1.7777e-01  1.7146e-01
1999.49169455  5.0874e-02  5.7879e+02  9.3465e+00  1.4201e-01  1.2355e+02  5.9134e-01  7.0018e-02  1.7124e-01  2.4432e-01
1999.49192373  4.3838e-02  5.7065e+02  9.4080e+00  1.6029e-01  1.3246e+02  5.8468e-01  9.2523e-02  2.1763e-01  2.0158e-01
1999.49215296  4.0804e-02  5.6920e+02  9.6894e+00  1.2359e-01  1.1602e+02  6.3048e-01  7.6811e-02  1.7016e-01  1.9533e-01
1999.49238216  3.0266e-02  5.6429e+02  9.9373e+00  8.0632e-02  1.2105e+02  6.2698e-01  1.0044e-01  1.7044e-01  1.8297e-01
1999.49261140  2.6015e-02  5.6172e+02  9.9550e+00  1.2249e-01  1.1478e+02  5.7743e-01  6.7860e-02  1.9536e-01  1.5872e-01
1999.49284063  2.0875e-02  5.6049e+02  1.0084e+01  7.1452e-02  1.5335e+02  8.4809e-01  1.2649e-01  1.9303e-01  1.3584e-01
1999.49306984  1.4916e-02  5.4647e+02  9.8312e+00  1.2092e-01  1.6284e+02  7.2916e-01  6.7586e-02  2.6054e-01  2.1520e-01
1999.49329907  3.3281e-02  5.4495e+02  1.0285e+01  1.2793e-01  1.4399e+02  7.2374e-01  1.5500e-01  2.1435e-01  1.7033e-01
1999.49352827  3.5661e-02  5.5446e+02  9.7511e+00  1.5251e-01  1.2291e+02  6.6381e-01  1.4223e-01  1.8862e-01  1.6391e-01
1999.49375748  9.7151e-03  5.5232e+02  9.7646e+00  2.4183e-01  1.2980e+02  6.1711e-01  2.1838e-01  2.2812e-01  2.5297e-01
1999.49398671  2.1187e-02  5.1239e+02  1.0521e+01  9.4771e-02  1.5852e+02  7.3906e-01  1.2856e-01  2.3883e-01  1.4561e-01
1999.49421592  2.8918e-02  5.0018e+02  1.0011e+01  4.7620e-02  1.4920e+02  7.5595e-01  1.0008e-01  2.5966e-01  1.4123e-01
1999.49444515  3.0894e-02  5.0236e+02  1.0606e+01  7.7998e-02  1.7674e+02  7.1727e-01  1.9026e-01  1.7976e-01  1.0550e-01
1999.49467438  4.3674e-02  4.9447e+02  1.0926e+01  1.9331e-01  1.9164e+02  6.0663e-01  1.8051e-01  2.4429e-01  2.0323e-01
1999.49490359  4.7517e-02  4.9126e+02  1.0217e+01  2.8208e-01  2.0123e+02  7.3437e-01  1.7662e-01  3.0992e-01  2.7240e-01
1999.49513279  3.2380e-02  4.9203e+02  1.0796e+01  1.2874e-01  2.1973e+02  6.2904e-01  1.7374e-01  2.4271e-01  1.3483e-01
1999.49536203  1.5274e-02  5.0241e+02  1.0084e+01  1.7674e-01  2.2162e+02  7.4429e-01  1.3775e-01  1.3190e-01  1.4375e-01
1999.49559126  1.6810e-02  4.9835e+02  9.8989e+00  3.3010e-01  3.4779e+02  1.3143e+00  3.8213e-01  3.7835e-01  3.2116e-01
1999.49582047  1.3820e-02  5.1121e+02  1.0639e+01  2.9724e-01  1.8313e+02  7.4796e-01  1.3806e-01  3.1565e-01  2.6332e-01
1999.49604970  2.7029e-02  4.9334e+02  1.0787e+01  2.3180e-01  2.4375e+02  7.6259e-01  1.5981e-01  3.2974e-01  1.8217e-01
1999.49627893  6.6177e-02  4.6372e+02  1.1825e+01  1.0895e-01  3.6632e+02  9.4065e-01  2.0954e-01  2.4191e-01  1.3107e-01
1999.49650811  6.0685e-02  4.5129e+02  1.1367e+01  1.1075e-01  3.3749e+02  7.1679e-01  2.1462e-01  2.0551e-01  2.0444e-01
1999.49673734  5.2928e-02  4.6294e+02  1.0823e+01  2.2263e-01  2.1715e+02  7.1622e-01  1.2355e-01  3.1865e-01  2.3494e-01
1999.49696658  3.3191e-02  5.1692e+02  1.0383e+01  4.3800e-01  1.0127e+02  6.6851e-01  9.9732e-02  4.4677e-01  3.6473e-01
1999.49719581  4.3241e-02  5.2195e+02  9.9736e+00  4.1552e-01  7.6620e+01  5.4237e-01  1.1727e-01  2.7504e-01  3.0618e-01
1999.49742501  4.1345e-02  5.2283e+02  1.0105e+01  3.9079e-01  8.5555e+01  6.3296e-01  1.1873e-01  2.8273e-01  3.6000e-01
1999.49765425  6.1697e-02  5.3069e+02  9.8885e+00  4.3124e-01  8.8897e+01  6.8911e-01  1.1886e-01  3.3158e-01  3.0636e-01
1999.49788348  6.4253e-02  5.2647e+02  9.4949e+00  3.9809e-01  8.6006e+01  5.7100e-01  9.1697e-02  3.3922e-01  3.4611e-01
1999.49811268  4.9395e-02  5.1317e+02  9.7669e+00  3.5906e-01  7.6531e+01  4.7736e-01  6.1495e-02  2.7204e-01  2.8054e-01
1999.49834189  6.4373e-02  5.1247e+02  9.5644e+00  3.5790e-01  9.4513e+01  5.4540e-01  9.9006e-02  3.8434e-01  3.8861e-01
1999.49857112  9.9082e-02  5.8759e+02  9.4288e+00  3.1017e-01  7.7695e+01  6.0641e-01  9.7326e-02  2.8894e-01  3.0859e-01
1999.49880036  1.3785e-01  6.0954e+02  9.3465e+00  2.7477e-01  7.4624e+01  5.7126e-01  1.0803e-01  2.4712e-01  3.3130e-01
1999.49902959  6.0017e-02  5.8576e+02  1.0368e+01  1.6438e-01  8.9187e+01  6.6771e-01  1.3934e-01  3.0132e-01  2.8771e-01
1999.49925879  1.9017e-01  5.8566e+02  1.0820e+01  1.6198e-01  8.0465e+01  6.1101e-01  1.3958e-01  2.8095e-01  2.9461e-01
1999.49948800  1.7515e-01  5.8881e+02  1.1136e+01  1.2488e-01  1.2773e+02  6.9107e-01  1.7255e-01  2.5903e-01  2.3368e-01
1999.49971723  3.2439e-01  6.0766e+02  1.1351e+01  7.3080e-02  2.2368e+02  8.6213e-01  1.9666e-01  2.4165e-01  1.6070e-01
1999.49994647  4.4384e-01  6.0268e+02  1.2420e+01  8.6222e-02  2.3181e+02  8.0816e-01  1.8469e-01  2.1269e-01  2.2029e-01
1999.50017570  3.6374e-01  6.0738e+02  1.2493e+01  1.2441e-01  2.2440e+02  7.2365e-01  1.7523e-01  2.7198e-01  2.3794e-01
1999.50040493  5.9391e-01  5.9205e+02  1.1551e+01  1.5710e-01  2.1992e+02  7.1151e-01  2.0227e-01  2.7765e-01  2.1660e-01
1999.50063414  3.5584e-01  6.3419e+02  1.1329e+01  1.2427e-01  2.1747e+02  7.2169e-01  1.9715e-01  2.3388e-01  2.2497e-01
1999.50086419  2.3985e-01  6.7683e+02  1.1705e+01  1.0571e-01  2.2945e+02  7.3220e-01  2.0516e-01  2.0334e-01  2.1231e-01
1999.50109460  2.6716e-01  6.3558e+02  1.3290e+01  1.6296e-01  1.1629e+02  5.5298e-01  2.5907e-01  2.4633e-01  2.3759e-01
1999.50132496  1.1714e-01  5.9818e+02  1.1495e+01  8.3372e-02  2.5482e+02  7.7774e-01  2.1207e-01  2.2313e-01  1.6974e-01
1999.50155537  1.0580e-01  5.6837e+02  1.0608e+01  8.4898e-02  2.4630e+02  8.3243e-01  2.0385e-01  2.2157e-01  1.4476e-01
1999.50178573  9.9651e-02  5.6613e+02  1.1122e+01  1.1426e-01  2.4525e+02  8.3104e-01  2.0901e-01  3.4781e-01  2.2994e-01
1999.50201614  1.1560e-01  5.5283e+02  1.0812e+01  1.6910e-01  1.6160e+02  7.9737e-01  1.7689e-01  3.1969e-01  2.6906e-01
1999.50224652  7.1958e-02  5.4658e+02  1.0838e+01  2.2029e-01  2.0763e+02  8.5674e-01  1.8117e-01  3.0034e-01  3.1619e-01
1999.50247690  3.9177e-02  5.4349e+02  1.0565e+01  1.6423e-01  1.5296e+02  7.1000e-01  2.2053e-01  2.8382e-01  2.8359e-01
1999.50270732  3.0801e-02  5.3573e+02  1.0539e+01  2.3662e-01  1.3210e+02  4.5022e-01  1.3742e-01  2.8508e-01  1.7783e-01
1999.50293770  3.7766e-02  5.1699e+02  1.0765e+01  1.4274e-01  1.6144e+02  5.2805e-01  2.1417e-01  2.2125e-01  2.3750e-01
1999.50316808  5.7875e-02  5.1564e+02  1.1686e+01  2.5418e-01  1.9968e+02  5.7204e-01  2.0823e-01  3.9102e-01  1.5113e-01
1999.50339849  4.7512e-02  4.9396e+02  1.0989e+01  2.2400e-01  2.0155e+02  7.8893e-01  2.7662e-01  1.9741e-01  2.4460e-01
1999.50362888  3.3441e-02  4.8554e+02  1.1487e+01  1.5155e-01  1.6205e+02  5.1664e-01  2.0847e-01  3.0198e-01  1.9823e-01
1999.50385926  3.3918e-02  4.7684e+02  1.0475e+01  2.0856e-01  1.5903e+02  7.2516e-01  3.0207e-01  2.0452e-01  2.3910e-01
1999.50408967  3.4557e-02  4.8555e+02  9.9804e+00  2.3681e-01  1.6924e+02  6.9969e-01  2.0123e-01  4.3392e-01  3.3352e-01
1999.50432005  2.9916e-02  4.6029e+02  1.0101e+01  2.6247e-01  1.8131e+02  6.6995e-01  2.4476e-01  3.0431e-01  3.0150e-01
1999.50455044  2.7364e-02  4.5580e+02  1.0570e+01  3.3791e-01  1.9504e+02  5.9007e-01  2.2329e-01  1.9490e-01  2.4172e-01
1999.50478085  1.9923e-02  4.6194e+02  1.1499e+01  2.5228e-01  1.8549e+02  8.8423e-01  2.0583e-01  3.2829e-01  2.4412e-01
1999.50501126  2.1309e-02  4.4382e+02  9.7402e+00  3.0170e-01  1.7918e+02  6.2156e-01  1.9188e-01  2.3793e-01  3.1219e-01
1999.50524162  2.7030e-02  4.5980e+02  1.0220e+01  2.4869e-01  1.4080e+02  6.6078e-01  1.7634e-01  2.5869e-01  2.2076e-01
1999.50547203  4.2945e-02  4.5244e+02  1.0694e+01  1.4564e-01  1.5211e+02  6.3470e-01  1.4120e-01  2.8138e-01  2.0822e-01
1999.50570244  5.1266e-02  4.4215e+02  9.7654e+00  2.5983e-01  1.8217e+02  8.7980e-01  2.6289e-01  2.2578e-01  3.1826e-01
1999.50593279  4.9909e-02  4.3118e+02  9.8932e+00  1.8345e-01  1.5056e+02  7.5775e-01  1.2230e-01  2.7903e-01  1.8163e-01
1999.50616321  4.9649e-02  4.2217e+02  9.8858e+00  2.9167e-01  1.5987e+02  8.6137e-01  2.4815e-01  3.0227e-01  2.2587e-01
1999.50639362  5.2658e-02  4.1631e+02  9.9714e+00  3.0792e-01  1.5691e+02  7.8625e-01  1.4063e-01  2.4146e-01  2.8343e-01
1999.50662403  4.8534e-02  4.0676e+02  1.0093e+01  1.8815e-01  1.3354e+02  6.1338e-01  1.3139e-01  2.3727e-01  2.5157e-01
1999.50685441  6.3004e-02  4.0709e+02  9.6306e+00  2.4653e-01  1.0852e+02  5.5394e-01  1.1852e-01  2.7173e-01  1.8822e-01
1999.50708479  5.4121e-02  4.0384e+02  9.8115e+00  2.7618e-01  1.2885e+02  6.8310e-01  1.4831e-01  2.8601e-01  3.0715e-01
1999.50731521  6.7811e-02  3.9988e+02  9.8572e+00  3.3343e-01  1.2390e+02  7.3910e-01  1.3145e-01  2.8991e-01  2.2389e-01
1999.50754559  5.6263e-02  4.0098e+02  9.6534e+00  3.0975e-01  1.4284e+02  7.1347e-01  1.4024e-01  2.3969e-01  1.9885e-01
1999.50777600  3.7287e-02  3.9064e+02  1.0708e+01  1.6395e-01  1.2555e+02  8.2358e-01  1.1925e-01  3.9544e-01  1.7701e-01
1999.50800641  5.0806e-02  3.8640e+02  1.0575e+01  1.5049e-01  1.3384e+02  6.1005e-01  1.7852e-01  2.8989e-01  1.7936e-01
1999.50823677  6.1894e-02  3.8513e+02  9.9452e+00  1.2297e-01  1.6327e+02  6.8543e-01  1.4402e-01  2.3835e-01  2.2664e-01
1999.50846718  3.5431e-02  3.8437e+02  9.5795e+00  3.1190e-01  1.2034e+02  5.8132e-01  2.5905e-01  3.1878e-01  1.9012e-01
1999.50869759  6.9526e-02  3.8393e+02  1.0176e+01  3.3071e-01  1.0610e+02  5.0566e-01  2.2031e-01  1.9126e-01  2.0118e-01
1999.50892800  1.3421e-01  3.8493e+02  1.1541e+01  3.4870e-01  1.4022e+02  5.3783e-01  1.6381e-01  2.4655e-01  2.3849e-01
1999.50915838  1.0637e-01  3.7569e+02  1.1725e+01  3.8243e-01  1.7297e+02  6.1067e-01  2.7984e-01  3.3748e-01  2.3141e-01
1999.50938879  1.0869e-01  3.6524e+02  1.1823e+01  5.0131e-01  1.7856e+02  5.5090e-01  2.6335e-01  4.0050e-01  2.5670e-01
1999.50961921  1.3569e-01  3.7007e+02  1.1931e+01  4.0123e-01  1.7347e+02  5.8846e-01  2.0932e-01  2.8569e-01  2.4944e-01
1999.50984956  1.0875e-01  3.7652e+02  1.2542e+01  4.5604e-01  1.5866e+02  2.9919e-01  1.9338e-01  3.0349e-01  2.3074e-01
1999.51007997  1.5358e-01  3.5660e+02  1.1981e+01  4.6188e-01  2.2073e+02  5.2117e-01  2.3086e-01  3.2103e-01  2.5104e-01
1999.51031038  1.7308e-01  3.3747e+02  1.1730e+01  4.9898e-01  2.1709e+02  6.3267e-01  1.9066e-01  3.0630e-01  2.1793e-01
1999.51054077  1.6839e-01  3.3535e+02  1.2142e+01  4.2200e-01  1.9092e+02  6.0073e-01  1.9860e-01  2.9692e-01  2.5803e-01
1999.51077118  1.4643e-01  3.3317e+02  1.1638e+01  4.6624e-01  2.0299e+02  4.9813e-01  1.9586e-01  2.7182e-01  2.7002e-01
1999.51100159  1.4751e-01  3.4726e+02  1.2122e+01  4.2902e-01  1.9226e+02  6.2861e-01  2.6675e-01  3.3225e-01  2.0311e-01
1999.51123200  3.2873e-01  3.9942e+02  1.2428e+01  4.5941e-01  2.3611e+02  5.8921e-01  3.0909e-01  3.6848e-01  2.6652e-01
1999.51146238  5.3969e-01  4.2203e+02  1.2389e+01  3.7389e-01  2.8841e+02  6.9947e-01  2.8176e-01  3.0310e-01  2.3997e-01
1999.51169279  9.3794e-02  4.8423e+02  1.0436e+01  3.1919e-01  2.7370e+02  7.7933e-01  1.8030e-01  3.3863e-01  2.3824e-01
1999.51192321  2.3484e-02  4.8070e+02  1.1055e+01  4.3028e-01  1.7291e+02  9.7839e-01  2.2795e-01  3.2389e-01  2.0349e-01
1999.51215359  2.4073e-02  4.4750e+02  1.2960e+01  6.3115e-01  3.1413e+02  1.4413e+00  3.5238e-01  2.2891e-01  2.8526e-01
1999.51238400  2.3794e-02  4.2732e+02  1.0572e+01  4.0393e-01  1.9015e+02  1.0781e+00  3.5664e-01  2.2707e-01  3.8697e-01
1999.51261441  5.7488e-02  4.2394e+02  1.0198e+01  2.7715e-01  1.4733e+02  8.3830e-01  1.9706e-01  2.7631e-01  1.9721e-01
1999.51284482  4.8720e-02  4.3417e+02  9.8852e+00  3.4538e-01  1.3681e+02  7.2407e-01  2.2385e-01  3.2966e-01  2.5878e-01
1999.51307518  3.7221e-02  4.6879e+02  1.0047e+01  1.8558e-01  1.0513e+02  6.6002e-01  1.3948e-01  2.1483e-01  1.5011e-01
1999.51330559  3.3531e-02  4.6965e+02  1.0292e+01  1.0202e-01  1.2036e+02  7.0312e-01  1.8666e-01  2.1460e-01  2.4423e-01
1999.51353600  2.5488e-02  4.6159e+02  1.0523e+01  2.1076e-01  1.4735e+02  9.5318e-01  2.8322e-01  1.8405e-01  2.6575e-01
1999.51376644  2.6410e-02  4.4451e+02  1.0832e+01  1.5667e-01  1.3274e+02  7.7822e-01  1.5843e-01  2.5910e-01  2.0194e-01
1999.51399682  2.9060e-02  4.4698e+02  1.0242e+01  1.7019e-01  1.4508e+02  9.3918e-01  3.0992e-01  3.1543e-01  2.0418e-01
1999.51422723  1.0815e-01  4.2740e+02  1.2868e+01  1.6824e-01  9.2085e+01  5.7243e-01  1.6143e-01  3.2680e-01  2.3799e-01
1999.51445764  1.4826e-01  4.2089e+02  1.2731e+01  2.3586e-01  9.9666e+01  5.8124e-01  1.4836e-01  2.6634e-01  2.4660e-01
1999.51468803  7.8970e-02  4.2577e+02  1.2003e+01  1.3628e-01  1.4181e+02  6.5420e-01  2.4851e-01  2.8885e-01  1.7720e-01
1999.51491844  3.3266e-02  4.1386e+02  1.0745e+01  1.1927e-01  1.7047e+02  8.4537e-01  7.8723e-02  4.0960e-01  1.6658e-01
1999.51514885  4.6274e-02  4.1310e+02  1.1162e+01  2.1588e-01  1.4206e+02  6.1517e-01  1.8508e-01  2.7814e-01  2.3609e-01
1999.51537926  4.5296e-02  4.2750e+02  1.1421e+01  1.4798e-01  1.3860e+02  5.9100e-01  2.3888e-01  2.0752e-01  1.8769e-01
1999.51560964  9.5493e-02  4.2274e+02  1.1032e+01  1.1914e-01  1.6189e+02  7.8000e-01  2.2149e-01  2.5366e-01  1.5781e-01
1999.51584005  9.3110e-02  4.1428e+02  1.2146e+01  1.3527e-01  1.6877e+02  6.6757e-01  2.8207e-01  2.2964e-01  1.8396e-01
1999.51607047  6.0876e-02  4.0907e+02  1.0300e+01  2.0795e-01  1.6173e+02  8.7644e-01  2.1825e-01  2.8771e-01  2.1061e-01
1999.51630085  6.3940e-02  4.0268e+02  1.1165e+01  1.7820e-01  1.4413e+02  6.5411e-01  1.9947e-01  1.8002e-01  1.7310e-01
1999.51653126  6.3243e-02  3.9532e+02  1.1316e+01  1.6043e-01  1.5631e+02  7.2337e-01  1.4113e-01  3.0980e-01  1.9430e-01
1999.51676167  5.2390e-02  3.7513e+02  1.1050e+01  1.7411e-01  1.6519e+02  6.6978e-01  2.1401e-01  2.8823e-01  2.1841e-01
1999.51699208  3.3661e-02  3.7140e+02  1.0878e+01  1.3675e-01  1.8310e+02  8.9111e-01  2.5514e-01  2.7389e-01  2.1566e-01
1999.51722252  1.6968e-02  3.6567e+02  1.3231e+01  1.3013e-01  2.2227e+02  1.0514e+00  3.1590e-01  4.0812e-01  2.2241e-01
1999.51745290  1.7140e-02  3.5629e+02  1.1080e+01  2.1598e-01  1.6552e+02  8.9471e-01  3.0448e-01  2.6370e-01  2.1274e-01
1999.51768332  2.3480e-02  3.5296e+02  1.1356e+01  1.5397e-01  2.0533e+02  9.4923e-01  1.4289e-01  4.4267e-01  1.9260e-01
1999.51791373  2.4379e-02  3.4563e+02  1.0724e+01  2.1269e-01  3.1370e+02  1.4415e+00  4.3759e-01  4.4768e-01  3.0475e-01
1999.51814411  2.1561e-02  3.4913e+02  1.2441e+01  1.5613e-01  1.7523e+02  1.0035e+00  2.9611e-01  3.1550e-01  1.2881e-01
1999.51837452  2.1570e-02  3.4550e+02  1.0975e+01  2.1575e-01  1.4782e+02  7.1738e-01  1.3089e-01  1.9983e-01  1.7357e-01
1999.51860493  3.1220e-02  3.4505e+02  1.0927e+01  3.7233e-01  1.9041e+02  1.0612e+00  2.9853e-01  4.8616e-01  2.9991e-01
1999.51883534  2.5143e-02  3.3993e+02  1.1548e+01  2.2896e-01  1.4594e+02  8.0396e-01  2.9104e-01  3.7039e-01  3.6195e-01
1999.51906575  3.4415e-02  3.4197e+02  1.1899e+01  1.6405e-01  1.1225e+02  5.6586e-01  2.2188e-01  2.8647e-01  2.1687e-01
1999.51929616  3.8030e-02  3.4042e+02  1.0480e+01  2.4757e-01  1.1118e+02  6.6653e-01  1.9760e-01  3.9059e-01  1.7081e-01
1999.51952658  2.9361e-02  3.3067e+02  1.1024e+01  2.2781e-01  1.6490e+02  1.0130e+00  2.5701e-01  3.7852e-01  4.4039e-01
1999.51975699  2.7139e-02  3.2471e+02  1.0620e+01  3.3360e-01  1.2883e+02  7.6628e-01  2.1302e-01  2.4694e-01  2.2169e-01
1999.51998734  3.2195e-02  3.2558e+02  9.7571e+00  2.4270e-01  1.2192e+02  6.8160e-01  2.7141e-01  2.3228e-01  2.8041e-01
1999.52021773  6.6839e-02  3.2011e+02  1.1200e+01  4.3969e-01  1.2845e+02  7.5470e-01  2.8503e-01  2.4134e-01  2.3043e-01
1999.52044808  7.3629e-02  3.2023e+02  1.0553e+01  2.7271e-01  1.4101e+02  8.2870e-01  2.4621e-01  4.1767e-01  1.5698e-01
1999.52067847  7.9591e-02  3.1970e+02  9.6500e+00  2.6914e-01  1.3966e+02  7.2488e-01  1.5580e-01  2.7424e-01  1.8003e-01
1999.52090882  8.6345e-02  3.1982e+02  9.2553e+00  3.4933e-01  1.1961e+02  6.8758e-01  1.9854e-01  2.7094e-01  2.7426e-01
1999.52113921  1.0248e-01  3.1865e+02  9.5684e+00  2.6409e-01  1.0714e+02  4.9268e-01  1.4499e-01  2.6267e-01  1.9579e-01
1999.52136959  6.9251e-02  3.2538e+02  9.4372e+00  2.5410e-01  1.2770e+02  6.0385e-01  1.9346e-01  1.8518e-01  2.2668e-01
1999.52159995  7.8653e-02  3.2754e+02  8.4377e+00  2.5263e-01  9.2230e+01  3.5110e-01  1.1877e-01  1.8258e-01  1.5320e-01
1999.52183033  8.2610e-02  3.2150e+02  8.5998e+00  3.6046e-01  1.4820e+02  3.4358e-01  2.0115e-01  2.5632e-01  2.1451e-01
1999.52206071  1.5007e-01  3.1867e+02  9.5053e+00  3.2627e-01  1.3998e+02  3.8743e-01  1.5759e-01  2.5612e-01  2.2426e-01
1999.52229110  1.5982e-01  3.1376e+02  9.2932e+00  4.9538e-01  1.1716e+02  4.3961e-01  1.4041e-01  2.3916e-01  2.6393e-01
1999.52252148  1.7691e-01  3.0083e+02  8.6058e+00  5.8700e-01  1.5146e+02  4.5010e-01  2.3028e-01  2.6246e-01  2.5140e-01
1999.52275184  3.3391e-01  2.9855e+02  9.5503e+00  4.8770e-01  1.9364e+02  5.2321e-01  1.9469e-01  2.7794e-01  2.5449e-01
1999.52298222  3.5493e-01  2.9656e+02  9.2514e+00  2.7667e-01  1.5155e+02  4.8439e-01  1.4557e-01  2.0537e-01  1.9755e-01
1999.52321260  3.3874e-01  2.9422e+02  9.4268e+00  2.9719e-01  1.7284e+02  5.7931e-01  1.9622e-01  1.6602e-01  2.2701e-01
1999.52344299  2.4092e-01  2.9277e+02  9.7727e+00  2.5165e-01  1.5827e+02  5.0591e-01  2.4887e-01  2.2176e-01  1.8156e-01
1999.52367337  3.0332e-01  2.9129e+02  9.6350e+00  2.4143e-01  1.6729e+02  6.2647e-01  1.6295e-01  2.4758e-01  2.1498e-01
1999.52390373  2.3205e-01  2.9034e+02  9.4703e+00  2.3433e-01  1.4087e+02  5.0520e-01  1.1947e-01  3.2339e-01  1.9774e-01
1999.52413411  1.8902e-01  2.8584e+02  8.8135e+00  8.2038e-01  1.6835e+02  5.5145e-01  2.1472e-01  2.6968e-01  3.0652e-01
1999.52436449  1.6886e-01  2.8633e+02  9.2249e+00  2.9930e-01  1.2829e+02  5.4072e-01  2.0362e-01  2.3107e-01  2.8089e-01
1999.52459488  1.8702e-01  2.8412e+02  9.1699e+00  3.6643e-01  1.4462e+02  6.7809e-01  1.6818e-01  2.4561e-01  2.2509e-01
1999.52482526  1.7732e-01  2.8945e+02  8.7338e+00  2.5588e-01  9.6091e+01  3.7857e-01  1.6851e-01  2.0070e-01  1.8307e-01
1999.52505562  1.9898e-01  2.8195e+02  8.9722e+00  2.3902e-01  1.1269e+02  4.2058e-01  1.0679e-01  2.2791e-01  2.3670e-01
1999.52528603  1.8287e-01  2.8366e+02  8.8211e+00  1.9182e-01  6.8689e+01  4.1150e-01  9.3663e-02  2.1291e-01  2.2691e-01
1999.52551638  1.7132e-01  2.8364e+02  8.6097e+00  2.7134e-01  5.4914e+01  2.9364e-01  1.1083e-01  1.9115e-01  1.8701e-01
1999.52574677  2.7728e-01  3.0101e+02  9.2322e+00  2.0345e-01  1.1304e+02  5.3816e-01  1.7336e-01  2.7990e-01  2.4360e-01
1999.52597718  3.9868e-01  2.9672e+02  9.6490e+00  1.6172e-01  1.2821e+02  6.3715e-01  1.6917e-01  2.1973e-01  2.1977e-01
1999.52620753  3.0991e-01  3.1991e+02  9.7217e+00  2.3184e-01  9.5215e+01  4.7271e-01  1.8213e-01  2.3736e-01  2.5632e-01
1999.52643792  2.0687e-01  3.1274e+02  9.0534e+00  1.6226e-01  6.2805e+01  3.2642e-01  1.3098e-01  2.3164e-01  1.8319e-01
1999.52666833  1.6500e-01  3.0425e+02  9.0567e+00  1.8998e-01  6.4448e+01  4.5167e-01  1.3355e-01  2.2453e-01  2.3552e-01
1999.52689868  2.0366e-01  2.9944e+02  9.1416e+00  2.7605e-01  9.9081e+01  6.7183e-01  1.5010e-01  1.6788e-01  1.9527e-01
1999.52712907  3.3956e-01  2.9625e+02  9.2697e+00  2.6848e-01  9.1606e+01  4.4131e-01  1.2462e-01  1.6119e-01  1.8645e-01
1999.52735945  2.9968e-01  3.0392e+02  9.4348e+00  2.9305e-01  8.2417e+01  5.3258e-01  1.2830e-01  1.8127e-01  2.1673e-01
1999.52758984  2.8435e-01  3.0169e+02  9.4871e+00  2.9940e-01  8.1213e+01  5.2893e-01  1.3921e-01  2.1299e-01  2.4211e-01
1999.52782022  2.4918e-01  3.0390e+02  9.4847e+00  2.4961e-01  7.4445e+01  5.8496e-01  1.3780e-01  2.2044e-01  2.0550e-01
1999.52805060  1.7351e-01  3.0510e+02  9.5862e+00  1.4113e-01  8.0479e+01  5.4289e-01  1.5920e-01  1.9924e-01  1.4440e-01
1999.52828099  1.5905e-01  3.0262e+02  9.4636e+00  3.0255e-01  7.9526e+01  5.0384e-01  1.3966e-01  2.0151e-01  2.2401e-01
1999.52851140  1.7448e-01  2.9670e+02  9.4770e+00  3.6292e-01  8.7422e+01  6.2433e-01  1.9001e-01  2.4745e-01  2.3347e-01
1999.52874175  1.0519e-01  3.0014e+02  1.0011e+01  2.8551e-01  8.8246e+01  5.8212e-01  1.5797e-01  2.3400e-01  2.5350e-01
1999.52897214  1.3549e-01  3.0047e+02  9.4530e+00  1.9631e-01  6.5045e+01  4.9596e-01  1.0303e-01  2.0017e-01  2.3834e-01
1999.52920252  1.1896e-01  2.9399e+02  9.7621e+00  2.1718e-01  6.5758e+01  5.1336e-01  1.3885e-01  2.6680e-01  2.1412e-01
1999.52943290  9.3272e-02  2.9949e+02  9.6535e+00  2.2942e-01  8.5015e+01  6.0922e-01  1.6190e-01  2.7701e-01  1.6963e-01
1999.52966332  1.1210e-01  3.0813e+02  1.0025e+01  2.8823e-01  8.0141e+01  6.8996e-01  1.7846e-01  2.0356e-01  1.9451e-01
1999.52989367  1.0531e-01  3.0766e+02  9.6514e+00  3.1079e-01  6.0663e+01  5.5715e-01  1.4697e-01  1.9116e-01  2.8327e-01
1999.53012405  8.9739e-02  3.0108e+02  9.3896e+00  2.4776e-01  5.2844e+01  5.5914e-01  9.7175e-02  2.2260e-01  2.3812e-01
1999.53035444  5.3036e-02  3.0600e+02  9.9998e+00  2.6818e-01  6.2283e+01  5.0345e-01  1.3541e-01  1.5387e-01  1.3651e-01
1999.53058482  9.3497e-02  3.0206e+02  9.8128e+00  2.0088e-01  7.2973e+01  5.8641e-01  1.2543e-01  1.8638e-01  2.1511e-01
1999.53081523  9.4527e-02  2.9749e+02  9.5468e+00  1.8510e-01  7.6387e+01  6.2981e-01  1.1584e-01  2.5146e-01  2.3830e-01
1999.53104559  1.0008e-01  2.9734e+02  9.2590e+00  2.7053e-01  7.4087e+01  5.8264e-01  1.3632e-01  2.2202e-01  1.6464e-01
1999.53127600  5.6990e-02  2.9956e+02  9.3923e+00  2.7254e-01  7.8799e+01  6.8182e-01  1.5046e-01  2.2243e-01  2.5694e-01
1999.53150638  4.1528e-02  3.0085e+02  9.3883e+00  2.7156e-01  8.3743e+01  7.1338e-01  1.4591e-01  2.2689e-01  2.2248e-01
1999.53173677  3.3404e-02  2.9818e+02  9.0879e+00  3.6101e-01  7.3162e+01  7.4017e-01  1.0626e-01  2.0222e-01  2.6633e-01
1999.53196715  3.3988e-02  2.9904e+02  9.2086e+00  4.5365e-01  7.1583e+01  6.2328e-01  1.2571e-01  1.9685e-01  1.7081e-01
1999.53219756  3.5529e-02  3.0422e+02  9.1354e+00  5.0908e-01  5.6526e+01  5.3606e-01  1.2558e-01  2.3633e-01  2.4547e-01
1999.53242792  3.5828e-02  3.0553e+02  9.6839e+00  4.2413e-01  5.8885e+01  6.3981e-01  1.1206e-01  3.2067e-01  1.7403e-01
1999.53265833  1.4928e-01  3.0230e+02  9.5164e+00  1.7645e-01  5.7106e+01  4.9442e-01  1.7412e-01  1.5534e-01  1.9076e-01
1999.53288868  1.8924e-01  3.0360e+02  8.9328e+00  2.3060e-01  3.8350e+01  2.9067e-01  1.2929e-01  1.6894e-01  2.0885e-01
1999.53311910  2.0926e-01  3.0445e+02  8.8886e+00  2.1644e-01  3.8086e+01  2.9817e-01  1.2262e-01  1.9693e-01  1.8300e-01
1999.53334948  2.6473e-01  3.1069e+02  1.0040e+01  1.6333e-01  5.6669e+01  4.3882e-01  1.3421e-01  2.0610e-01  2.0800e-01
1999.53357989  3.4931e-01  3.2369e+02  1.0092e+01  1.6248e-01  6.0794e+01  3.6137e-01  1.3874e-01  2.0267e-01  2.1114e-01
1999.53381027  3.1937e-01  3.2648e+02  1.0036e+01  1.4081e-01  6.9326e+01  4.1019e-01  1.3601e-01  2.2281e-01  1.7962e-01
1999.53404066  4.5848e-01  3.3026e+02  9.5918e+00  3.3179e-01  8.9141e+01  5.1692e-01  1.0138e-01  1.9003e-01  2.2223e-01
1999.53427107  4.2731e-01  3.3599e+02  9.8005e+00  2.4924e-01  1.1283e+02  6.4658e-01  9.1088e-02  1.8302e-01  2.1951e-01
1999.53450142  3.9599e-01  3.5076e+02  9.5628e+00  2.1035e-01  1.3247e+02  6.7725e-01  6.9443e-02  2.0925e-01  2.2056e-01
1999.53473184  2.7718e-01  3.6756e+02  9.3843e+00  2.1329e-01  1.2632e+02  6.3506e-01  8.2185e-02  1.2869e-01  2.1646e-01
1999.53496219  1.8412e-01  3.8840e+02  9.1407e+00  2.5958e-01  1.1005e+02  5.8355e-01  6.8052e-02  1.7337e-01  2.2810e-01
1999.53519260  2.3141e-01  4.0478e+02  9.1270e+00  2.4922e-01  9.8989e+01  5.9552e-01  8.5055e-02  1.2955e-01  1.9898e-01
1999.53542301  2.1723e-01  4.0484e+02  9.3170e+00  2.3269e-01  9.7206e+01  5.5285e-01  7.8632e-02  1.7281e-01  2.0313e-01
1999.53565337  3.1779e-01  4.1754e+02  9.7655e+00  1.6028e-01  1.0691e+02  5.8194e-01  9.2315e-02  1.6189e-01  1.6480e-01
1999.53588378  3.1588e-01  4.0991e+02  9.8000e+00  1.5370e-01  1.0282e+02  6.1249e-01  8.8916e-02  1.5403e-01  1.5994e-01
1999.53611416  3.7141e-01  4.1176e+02  1.0101e+01  1.2939e-01  9.9717e+01  6.4292e-01  9.9819e-02  1.2547e-01  1.3138e-01
1999.53634455  4.4278e-01  4.1176e+02  1.0352e+01  1.1146e-01  1.0689e+02  6.2384e-01  5.8811e-02  1.3120e-01  1.3037e-01
1999.53657496  3.5991e-01  4.1642e+02  1.0318e+01  1.1006e-01  1.1018e+02  6.5049e-01  7.7404e-02  1.4126e-01  1.4069e-01
1999.53680534  2.6492e-01  4.0647e+02  1.0531e+01  1.0760e-01  1.2086e+02  6.5923e-01  9.0005e-02  1.1077e-01  1.3015e-01
1999.53703573  2.5354e-01  3.9831e+02  1.1066e+01  8.2483e-02  1.1867e+02  6.6356e-01  9.7808e-02  1.3059e-01  1.2658e-01
1999.53726614  2.4207e-01  3.8900e+02  1.0862e+01  9.9694e-02  1.1463e+02  5.2293e-01  8.7213e-02  1.0709e-01  1.2098e-01
1999.53749652  1.7149e-01  3.7225e+02  1.0074e+01  1.6770e-01  1.0931e+02  5.5303e-01  9.6911e-02  1.2496e-01  1.3909e-01
1999.53772690  2.9713e-01  3.6798e+02  9.9286e+00  1.9260e-01  1.1342e+02  5.3175e-01  8.9206e-02  1.4228e-01  1.5392e-01
1999.53795732  3.4887e-01  3.6546e+02  1.0028e+01  1.7480e-01  1.0492e+02  5.5377e-01  7.6151e-02  1.6496e-01  1.5591e-01
1999.53818770  3.5445e-01  3.6250e+02  9.9944e+00  1.3881e-01  1.1801e+02  5.7898e-01  1.1408e-01  1.2840e-01  1.2903e-01
1999.53841808  3.5962e-01  3.5714e+02  9.8259e+00  1.4618e-01  1.2086e+02  6.1682e-01  1.1200e-01  1.3405e-01  1.4182e-01
1999.53864849  3.8463e-01  3.5674e+02  1.0153e+01  1.4647e-01  1.1023e+02  5.7665e-01  1.1757e-01  1.2561e-01  1.8637e-01
1999.53887888  4.8866e-01  3.5738e+02  9.8083e+00  1.3584e-01  1.1972e+02  5.5061e-01  9.6482e-02  1.5723e-01  1.3674e-01
1999.53910923  4.5207e-01  3.5738e+02  1.0027e+01  1.4896e-01  1.0963e+02  4.9677e-01  9.5547e-02  1.4563e-01  1.5028e-01
1999.53933959  4.0346e-01  3.4423e+02  9.6079e+00  1.8495e-01  1.1388e+02  5.0675e-01  9.8006e-02  1.1997e-01  1.5244e-01
1999.53956995  3.7226e-01  3.3780e+02  9.3929e+00  2.1585e-01  1.0882e+02  5.5292e-01  1.0656e-01  1.5500e-01  1.8226e-01
1999.53980033  3.9308e-01  3.3379e+02  9.5028e+00  1.7172e-01  9.8804e+01  5.1510e-01  9.7401e-02  1.4006e-01  1.4744e-01
1999.54003068  3.6611e-01  3.2322e+02  9.3039e+00  1.8902e-01  1.1150e+02  5.4289e-01  1.0817e-01  1.4285e-01  1.7708e-01
1999.54026104  3.7705e-01  3.2978e+02  9.5276e+00  1.7210e-01  1.0679e+02  5.5747e-01  1.2842e-01  1.5654e-01  1.4432e-01
1999.54049140  4.1752e-01  3.3827e+02  9.3276e+00  1.7155e-01  8.8960e+01  4.4522e-01  8.9425e-02  1.5388e-01  1.4028e-01
1999.54072178  4.2215e-01  3.4361e+02  9.4830e+00  1.6633e-01  8.5588e+01  4.7915e-01  8.1067e-02  1.4442e-01  1.6828e-01
1999.54095211  3.9107e-01  3.3336e+02  9.3776e+00  1.7342e-01  9.3635e+01  4.8718e-01  1.0074e-01  1.6320e-01  1.7425e-01
1999.54118249  2.9916e-01  3.2676e+02  9.0761e+00  2.7046e-01  9.5443e+01  4.4287e-01  1.0104e-01  1.4613e-01  2.0394e-01
1999.54141285  3.8086e-01  3.3170e+02  9.2675e+00  2.5308e-01  9.0420e+01  4.1295e-01  1.0193e-01  1.2796e-01  1.9197e-01
1999.54164323  2.9441e-01  3.2659e+02  9.4517e+00  1.7331e-01  8.1018e+01  3.9539e-01  1.3833e-01  1.4823e-01  1.1193e-01
1999.54187356  2.6500e-01  3.1790e+02  9.3748e+00  1.4925e-01  6.9641e+01  3.6624e-01  9.2172e-02  1.2115e-01  1.3289e-01
1999.54210395  2.4831e-01  3.0742e+02  9.5087e+00  1.1902e-01  7.3555e+01  4.5208e-01  1.1244e-01  1.6633e-01  1.4993e-01
1999.54233433  1.9711e-01  3.0240e+02  9.3920e+00  1.5927e-01  7.0161e+01  3.8664e-01  1.3327e-01  1.4621e-01  1.3461e-01
1999.54256468  1.4184e-01  3.0140e+02  9.2849e+00  2.2149e-01  7.0667e+01  4.9705e-01  1.8339e-01  2.3887e-01  1.6581e-01
1999.54279507  1.8518e-01  3.1121e+02  9.2469e+00  2.0805e-01  6.9827e+01  4.3479e-01  8.2366e-02  1.9399e-01  1.9599e-01
1999.54302540  3.0391e-01  3.1317e+02  9.4304e+00  2.2742e-01  7.6843e+01  4.1352e-01  1.4879e-01  1.2546e-01  1.9385e-01
1999.54325578  1.9953e-01  3.1919e+02  9.2530e+00  2.0593e-01  5.1103e+01  3.6475e-01  1.1773e-01  1.6175e-01  1.6174e-01
1999.54348614  3.0740e-01  3.2453e+02  9.3745e+00  2.0987e-01  6.9062e+01  3.2890e-01  1.2315e-01  1.5128e-01  1.7728e-01
1999.54371652  3.0499e-01  3.2562e+02  9.1212e+00  3.5842e-01  9.3457e+01  3.3956e-01  1.2724e-01  1.5583e-01  1.8601e-01
1999.54394688  3.1639e-01  3.1709e+02  9.2218e+00  3.1514e-01  1.2078e+02  5.7216e-01  1.0838e-01  1.6715e-01  1.8409e-01
1999.54417726  2.9725e-01  3.1384e+02  9.3924e+00  2.6551e-01  1.0153e+02  5.4156e-01  1.2001e-01  1.3367e-01  1.6884e-01
1999.54440762  2.1413e-01  3.3236e+02  9.9643e+00  1.3984e-01  1.0148e+02  5.5030e-01  9.1295e-02  1.3677e-01  1.5290e-01
1999.54463797  2.4675e-01  3.3131e+02  9.9612e+00  9.9892e-02  1.2145e+02  5.9582e-01  1.2257e-01  1.7392e-01  8.5242e-02
1999.54486833  1.6424e-01  3.3160e+02  9.6608e+00  1.3188e-01  4.8824e+01  3.3168e-01  9.2447e-02  1.2943e-01  1.4355e-01
1999.54509871  1.4839e-01  3.1927e+02  8.9196e+00  1.7441e-01  7.3264e+01  3.9975e-01  1.7899e-01  1.6584e-01  1.5529e-01
1999.54532910  1.5503e-01  3.1991e+02  8.8643e+00  2.3074e-01  9.1853e+01  3.8708e-01  1.5413e-01  2.3652e-01  2.1629e-01
1999.54555945  1.6904e-01  3.1650e+02  9.1540e+00  2.5516e-01  7.3349e+01  3.6555e-01  1.7655e-01  2.3219e-01  2.3238e-01
1999.54578984  1.2388e-01  3.1199e+02  9.3089e+00  2.7862e-01  5.7544e+01  3.6137e-01  1.9680e-01  2.2833e-01  2.1888e-01
1999.54602019  1.6909e-01  3.0568e+02  9.0700e+00  2.1676e-01  7.9617e+01  3.5620e-01  1.8505e-01  2.2269e-01  2.3090e-01
1999.54625058  1.4058e-01  3.0610e+02  9.5400e+00  3.0007e-01  9.5590e+01  5.9319e-01  1.3149e-01  2.4144e-01  2.2617e-01
1999.54648093  1.0932e-01  3.0618e+02  9.8261e+00  2.6130e-01  9.1831e+01  6.6577e-01  1.9985e-01  3.0287e-01  2.1306e-01
1999.54671132  9.4560e-02  3.0584e+02  1.0509e+01  1.0551e-01  7.3551e+01  7.8155e-01  1.0796e-01  2.9785e-01  2.0222e-01
1999.54694170  9.3883e-02  2.9592e+02  1.0048e+01  1.6231e-01  9.2226e+01  7.5724e-01  1.6787e-01  3.0431e-01  2.4102e-01
1999.54717205  1.4397e-01  2.8782e+02  1.0335e+01  9.8584e-02  8.9997e+01  7.1315e-01  1.3132e-01  2.5442e-01  1.7172e-01
1999.54740241  1.3148e-01  2.8789e+02  1.0185e+01  1.1894e-01  8.8580e+01  7.1428e-01  2.2718e-01  2.4232e-01  1.8277e-01
1999.54763277  1.6526e-01  2.9086e+02  1.0364e+01  1.3699e-01  6.6735e+01  5.3571e-01  1.4471e-01  1.8022e-01  1.9140e-01
1999.54786315  1.5244e-01  2.9517e+02  9.8015e+00  2.6979e-01  1.0012e+02  6.4942e-01  2.0504e-01  2.5654e-01  2.5247e-01
1999.54809351  1.6674e-01  2.9523e+02  1.0055e+01  1.5274e-01  5.9932e+01  3.9016e-01  1.7165e-01  2.1367e-01  1.8261e-01
1999.54832389  1.9561e-01  3.0112e+02  9.8381e+00  2.7231e-01  7.0836e+01  2.8610e-01  1.6472e-01  1.7166e-01  1.8994e-01
1999.54855425  2.5413e-01  3.0381e+02  9.3796e+00  4.6693e-01  7.5064e+01  3.1140e-01  1.4799e-01  2.1766e-01  1.6419e-01
1999.54878463  3.0977e-01  2.9484e+02  9.5313e+00  5.1614e-01  1.0067e+02  4.5326e-01  1.6233e-01  1.9216e-01  2.3929e-01
1999.54901499  4.0122e-01  2.9912e+02  9.6020e+00  5.3415e-01  8.3671e+01  4.3845e-01  1.1533e-01  1.9530e-01  2.6086e-01
1999.54924540  3.0304e-01  3.0696e+02  9.2233e+00  6.6327e-01  8.4837e+01  4.5490e-01  1.4814e-01  1.8791e-01  2.6600e-01
1999.54947578  1.5040e-01  3.4281e+02  1.0069e+01  1.2004e-01  1.0818e+02  7.3526e-01  1.3369e-01  2.1884e-01  1.7666e-01
1999.54970614  2.5740e-01  3.4034e+02  1.0292e+01  1.1056e-01  1.1507e+02  6.2192e-01  1.9294e-01  2.1612e-01  1.8660e-01
1999.54993652  6.7753e-02  3.5153e+02  1.0621e+01  1.1257e-01  9.8756e+01  6.3798e-01  1.4381e-01  1.6226e-01  1.5299e-01
1999.55016688  6.3235e-02  3.4125e+02  1.0435e+01  1.0146e-01  8.9910e+01  7.6286e-01  2.0195e-01  2.2173e-01  2.1872e-01
1999.55039726  8.5971e-02  3.3071e+02  1.0467e+01  1.4457e-01  7.5369e+01  6.6406e-01  1.3033e-01  2.0126e-01  1.7872e-01
1999.55062764  3.9691e-02  3.1711e+02  1.0636e+01  1.7252e-01  7.8675e+01  6.3461e-01  1.1276e-01  2.3422e-01  1.7211e-01
1999.55085800  5.3006e-02  2.9980e+02  1.0697e+01  2.6642e-01  1.2022e+02  5.7388e-01  2.5290e-01  3.0693e-01  2.2495e-01
1999.55108838  4.5957e-02  3.1268e+02  1.0193e+01  2.7904e-01  1.2291e+02  7.3532e-01  3.3767e-01  3.2703e-01  1.9042e-01
1999.55131874  1.6522e-01  2.9861e+02  1.0201e+01  2.8425e-01  9.2263e+01  6.8470e-01  2.4205e-01  2.5144e-01  2.3767e-01
1999.55154912  2.2670e-01  2.9692e+02  1.0193e+01  4.3780e-01  8.8204e+01  5.4132e-01  1.7489e-01  2.3476e-01  2.7586e-01
1999.55177948  1.1560e-01  2.9709e+02  9.9141e+00  3.1537e-01  8.1543e+01  6.1557e-01  1.9019e-01  2.7311e-01  2.6322e-01
1999.55200986  2.8724e-02  3.3549e+02  1.0931e+01  9.6964e-02  9.2671e+01  5.8549e-01  2.4043e-01  2.7662e-01  2.5068e-01
1999.55224027  6.6666e-02  3.3763e+02  1.0233e+01  2.5979e-01  9.0136e+01  6.7185e-01  1.6713e-01  2.5777e-01  2.5074e-01
1999.55247063  1.5556e-01  3.5149e+02  9.7977e+00  1.9826e-01  7.5540e+01  6.0320e-01  1.7026e-01  2.0918e-01  2.4726e-01
1999.55270101  1.0719e-01  3.4993e+02  9.4595e+00  1.4490e-01  6.8439e+01  6.4586e-01  1.3109e-01  2.5535e-01  1.7108e-01
1999.55293137  1.2565e-01  3.4393e+02  9.1682e+00  1.3416e-01  6.4927e+01  6.1574e-01  1.3138e-01  2.4329e-01  1.8312e-01
1999.55316175  1.2625e-01  3.4093e+02  9.2003e+00  1.3090e-01  7.8525e+01  6.6363e-01  1.3693e-01  2.9190e-01  1.6323e-01
1999.55339214  1.5175e-01  3.4154e+02  9.1613e+00  1.0784e-01  7.8680e+01  7.0556e-01  1.2403e-01  2.2748e-01  1.5037e-01
1999.55362249  1.5487e-01  3.5417e+02  9.5493e+00  8.8691e-02  8.0266e+01  6.8423e-01  1.3684e-01  1.9488e-01  1.5870e-01
1999.55385290  2.9016e-01  3.5841e+02  9.8559e+00  1.2618e-01  9.8204e+01  6.7779e-01  1.1705e-01  1.9224e-01  1.9535e-01
1999.55408326  6.7280e-01  3.6964e+02  1.0371e+01  1.7327e-01  1.2508e+02  6.4122e-01  1.1626e-01  1.8118e-01  1.4300e-01
1999.55431364  5.4047e-01  3.8975e+02  9.9789e+00  1.4248e-01  8.3114e+01  5.2307e-01  1.0116e-01  1.4194e-01  1.5889e-01
1999.55454400  5.1578e-01  4.4355e+02  9.2924e+00  1.5746e-01  9.5146e+01  5.8685e-01  1.0057e-01  1.4475e-01  1.4894e-01
1999.55477438  3.5614e-01  4.4879e+02  9.3182e+00  1.4130e-01  1.0323e+02  5.7648e-01  1.1573e-01  1.0926e-01  1.4232e-01
1999.55500479  4.2023e-01  4.6104e+02  8.9903e+00  1.1428e-01  1.1084e+02  6.0668e-01  8.8257e-02  1.0981e-01  1.3365e-01
1999.55523515  2.8405e-01  4.8529e+02  9.5560e+00  1.1459e-01  1.1198e+02  6.1248e-01  9.8593e-02  1.2848e-01  1.2660e-01
1999.55546553  2.8201e-01  4.9007e+02  9.4957e+00  1.0035e-01  1.0906e+02  6.0780e-01  9.5078e-02  1.1838e-01  1.3755e-01
1999.55569589  2.0282e-01  5.1309e+02  9.4197e+00  1.0204e-01  1.1018e+02  6.5200e-01  7.5809e-02  1.2724e-01  1.4115e-01
1999.55592627  1.8775e-01  5.1622e+02  9.6368e+00  1.0494e-01  1.0904e+02  6.4238e-01  8.0548e-02  1.3152e-01  1.4766e-01
1999.55615668  2.0142e-01  5.2549e+02  9.5296e+00  9.5431e-02  1.0250e+02  6.2675e-01  8.8407e-02  1.1231e-01  1.4115e-01
1999.55638704  2.4638e-01  5.2972e+02  9.4937e+00  1.1457e-01  8.9924e+01  6.1145e-01  8.0698e-02  1.0642e-01  1.5896e-01
1999.55661742  1.8882e-01  5.3096e+02  9.2848e+00  1.1792e-01  9.2043e+01  6.7188e-01  7.5336e-02  1.0914e-01  1.3280e-01
1999.55684778  2.3352e-01  5.2868e+02  9.1015e+00  1.2340e-01  9.3490e+01  6.2777e-01  7.0331e-02  1.3622e-01  1.5159e-01
1999.55707819  1.6356e-01  5.3247e+02  9.2617e+00  1.3963e-01  9.9762e+01  6.9074e-01  8.5041e-02  1.6573e-01  1.5867e-01
1999.55730858  1.6029e-01  5.3008e+02  9.0636e+00  1.2018e-01  9.8708e+01  6.4650e-01  5.5078e-02  1.6962e-01  1.5090e-01
1999.55753893  1.7518e-01  5.2505e+02  9.0514e+00  1.1749e-01  1.0596e+02  7.0558e-01  8.5208e-02  1.2252e-01  1.5064e-01
1999.55776934  1.6711e-01  5.1809e+02  9.0242e+00  9.5021e-02  1.0690e+02  6.3038e-01  7.1758e-02  1.2819e-01  1.5008e-01
1999.55799973  1.6403e-01  4.8998e+02  9.2586e+00  1.1117e-01  1.0527e+02  6.5312e-01  9.4307e-02  1.3312e-01  1.5512e-01
1999.55823008  2.2148e-01  4.8128e+02  9.4350e+00  1.5170e-01  9.8629e+01  6.4037e-01  8.1501e-02  1.3265e-01  1.7625e-01
1999.55846047  1.7952e-01  4.6921e+02  9.2744e+00  1.4704e-01  9.4906e+01  6.4544e-01  8.8862e-02  1.2314e-01  1.9325e-01
1999.55869085  2.0637e-01  4.7471e+02  9.2960e+00  1.3741e-01  1.0119e+02  6.4562e-01  9.0793e-02  1.3594e-01  1.4481e-01
1999.55892123  1.8201e-01  4.6894e+02  9.3687e+00  1.4714e-01  1.0205e+02  6.4246e-01  7.4573e-02  1.4928e-01  1.7222e-01
1999.55915162  2.0781e-01  4.7972e+02  9.2414e+00  1.5193e-01  9.9307e+01  6.0403e-01  8.6467e-02  1.5327e-01  1.8165e-01
1999.55938200  1.1599e-01  5.0301e+02  9.3798e+00  1.5800e-01  1.1543e+02  6.9862e-01  8.1148e-02  1.2286e-01  1.9980e-01
1999.55961238  8.8616e-02  4.9386e+02  9.0118e+00  1.5218e-01  1.1324e+02  6.7843e-01  8.6048e-02  1.8449e-01  1.8799e-01
1999.55984274  1.0187e-01  4.9640e+02  8.8559e+00  1.1865e-01  9.9472e+01  5.9776e-01  8.8987e-02  1.3917e-01  1.8198e-01
1999.56007315  1.2476e-01  5.0113e+02  9.0863e+00  1.4837e-01  1.0117e+02  6.5297e-01  8.8452e-02  1.5574e-01  1.5623e-01
1999.56030353  1.2143e-01  4.9648e+02  8.7773e+00  1.8726e-01  9.6345e+01  6.7390e-01  7.4082e-02  1.6313e-01  1.9819e-01
1999.56053392  1.4251e-01  4.9225e+02  8.8537e+00  1.5796e-01  8.6943e+01  5.4772e-01  6.8300e-02  1.6273e-01  1.5387e-01
1999.56076430  1.8027e-01  4.9111e+02  8.8542e+00  1.5485e-01  7.9931e+01  5.2962e-01  7.9668e-02  1.4105e-01  1.5274e-01
1999.56099468  1.4301e-01  4.8543e+02  8.9638e+00  1.6010e-01  8.6744e+01  5.9454e-01  8.0587e-02  1.2987e-01  1.7813e-01
1999.56122507  1.4950e-01  4.7625e+02  9.0193e+00  1.4089e-01  8.4756e+01  5.6456e-01  9.2164e-02  1.4001e-01  1.5761e-01
1999.56145545  1.4559e-01  4.7076e+02  9.1005e+00  1.3694e-01  8.8874e+01  5.5391e-01  6.7082e-02  1.6525e-01  1.5872e-01
1999.56168581  1.4254e-01  4.6364e+02  8.9472e+00  1.3849e-01  9.6270e+01  6.2207e-01  1.0669e-01  1.0877e-01  1.6255e-01
1999.56191622  1.0262e-01  4.6258e+02  9.2942e+00  1.0573e-01  9.6158e+01  5.9504e-01  9.2171e-02  1.1190e-01  1.5384e-01
1999.56214660  1.5652e-01  4.5912e+02  9.4501e+00  1.3387e-01  9.7365e+01  6.3217e-01  9.0715e-02  1.2969e-01  1.4994e-01
1999.56237699  1.3586e-01  4.5826e+02  9.2236e+00  1.7054e-01  9.4927e+01  6.3473e-01  9.0013e-02  1.5493e-01  1.8414e-01
1999.56260737  1.7187e-01  4.5403e+02  9.0354e+00  1.7135e-01  9.0141e+01  5.6303e-01  6.7760e-02  1.8815e-01  1.5967e-01
1999.56283778  1.1421e-01  4.5400e+02  9.2612e+00  1.6030e-01  9.6538e+01  6.1509e-01  7.9577e-02  1.6610e-01  1.6450e-01
1999.56306814  8.3856e-02  4.5966e+02  9.0684e+00  1.6104e-01  9.7432e+01  6.5489e-01  8.3462e-02  1.7205e-01  1.6693e-01
1999.56329852  7.7363e-02  4.6224e+02  9.1111e+00  1.7872e-01  8.9227e+01  5.7973e-01  7.3223e-02  1.4069e-01  2.0093e-01
1999.56352893  1.3119e-01  4.6948e+02  8.9114e+00  2.0649e-01  8.4907e+01  5.9606e-01  8.4324e-02  1.7355e-01  2.0583e-01
1999.56375929  1.1095e-01  4.7041e+02  8.8869e+00  2.1714e-01  8.6584e+01  6.3703e-01  7.8483e-02  2.3406e-01  2.1357e-01
1999.56398970  1.3835e-01  4.7179e+02  8.9474e+00  2.0900e-01  8.2008e+01  6.2516e-01  4.7662e-02  2.1755e-01  2.5406e-01
1999.56422005  7.9634e-02  4.6332e+02  8.9902e+00  1.8636e-01  9.1005e+01  5.8459e-01  5.9535e-02  1.7956e-01  1.9913e-01
1999.56445047  9.6736e-02  4.5539e+02  8.9568e+00  1.6979e-01  9.7090e+01  6.0336e-01  7.5848e-02  1.5224e-01  2.1436e-01
1999.56468085  1.5464e-01  4.5479e+02  9.0933e+00  1.8697e-01  8.9528e+01  5.8019e-01  7.9030e-02  1.5676e-01  2.4445e-01
1999.56491123  1.2363e-01  4.4880e+02  9.1564e+00  1.9337e-01  9.7234e+01  6.1312e-01  5.5074e-02  1.7168e-01  1.8737e-01
1999.56514162  1.0826e-01  4.4014e+02  9.4739e+00  1.5592e-01  1.0416e+02  5.5531e-01  9.6645e-02  1.9629e-01  1.8683e-01
1999.56537203  1.2882e-01  4.4263e+02  9.4771e+00  1.3092e-01  1.0700e+02  6.3904e-01  7.2456e-02  1.6694e-01  1.8579e-01
1999.56560238  1.3308e-01  4.4901e+02  9.0614e+00  1.8364e-01  8.8779e+01  5.5359e-01  9.0305e-02  1.7814e-01  1.8334e-01
1999.56583279  1.3454e-01  4.4615e+02  9.2609e+00  1.2065e-01  9.6943e+01  6.0627e-01  7.2280e-02  1.5814e-01  1.6944e-01
1999.56606318  1.0702e-01  4.4558e+02  8.8942e+00  1.3512e-01  9.7570e+01  5.2649e-01  1.1181e-01  1.5661e-01  2.1328e-01
1999.56629348  1.1126e-01  4.4215e+02  8.9515e+00  1.4684e-01  1.0226e+02  6.3251e-01  7.8155e-02  1.8151e-01  1.6658e-01
1999.56652381  1.0572e-01  4.4269e+02  8.8767e+00  1.5614e-01  1.0211e+02  6.0252e-01  8.2813e-02  1.5358e-01  1.5306e-01
1999.56675419  1.2154e-01  4.3611e+02  9.1643e+00  1.5912e-01  1.0196e+02  5.3458e-01  7.7648e-02  1.8807e-01  1.6605e-01
1999.56698452  1.7002e-01  4.4098e+02  9.1419e+00  1.3703e-01  9.8962e+01  5.5418e-01  6.0803e-02  1.3832e-01  1.6118e-01
1999.56721488  1.7526e-01  4.5868e+02  9.2410e+00  1.4282e-01  9.4938e+01  5.5607e-01  7.4262e-02  1.4736e-01  1.5278e-01
1999.56744521  1.8788e-01  4.6450e+02  9.1517e+00  1.7953e-01  9.7930e+01  6.0312e-01  7.9742e-02  1.6644e-01  1.8421e-01
1999.56767559  1.7662e-01  4.6194e+02  8.8384e+00  1.6999e-01  8.7681e+01  5.6093e-01  7.6393e-02  1.4413e-01  1.5948e-01
1999.56790592  1.5832e-01  4.5944e+02  8.9827e+00  1.3917e-01  9.6385e+01  5.9644e-01  9.1089e-02  1.3857e-01  1.4104e-01
1999.56813625  1.5591e-01  4.5937e+02  8.9319e+00  1.5390e-01  9.6802e+01  5.7961e-01  8.6844e-02  1.5350e-01  1.4681e-01
1999.56836663  1.2364e-01  4.5265e+02  8.6843e+00  1.2717e-01  9.3964e+01  6.1797e-01  5.9988e-02  1.5303e-01  1.1589e-01
1999.56859696  9.5139e-02  4.4455e+02  8.7892e+00  1.6403e-01  9.5175e+01  6.3810e-01  6.2415e-02  2.0142e-01  1.5777e-01
1999.56882732  1.0444e-01  4.3074e+02  9.4912e+00  1.1638e-01  9.6294e+01  6.3613e-01  1.3308e-01  1.4397e-01  1.3559e-01
1999.56905767  6.5197e-02  4.2178e+02  1.0243e+01  1.8390e-01  1.1012e+02  6.6636e-01  1.3330e-01  2.0565e-01  1.8696e-01
1999.56928803  7.5546e-02  4.1911e+02  9.5661e+00  2.5857e-01  8.1640e+01  4.7975e-01  1.3147e-01  2.1661e-01  1.5006e-01
1999.56951836  1.1470e-01  4.0385e+02  9.4909e+00  2.3097e-01  8.2151e+01  4.4940e-01  1.3198e-01  1.6954e-01  2.4476e-01
1999.56974874  1.3049e-01  3.9619e+02  9.6335e+00  2.0057e-01  8.6611e+01  4.6316e-01  1.2646e-01  1.7922e-01  1.8928e-01
1999.56997907  1.2452e-01  4.0130e+02  9.5484e+00  2.4811e-01  9.1779e+01  5.1013e-01  1.2795e-01  1.9789e-01  2.1796e-01
1999.57020942  9.1416e-02  3.9468e+02  9.5619e+00  2.0292e-01  8.0310e+01  5.5240e-01  1.3407e-01  1.8304e-01  2.0547e-01
1999.57043978  8.6521e-02  3.9348e+02  9.8346e+00  2.7813e-01  7.4238e+01  4.5312e-01  8.6710e-02  2.3916e-01  2.2575e-01
1999.57067011  5.6873e-02  3.9002e+02  9.7876e+00  2.1641e-01  9.3476e+01  5.1270e-01  1.3389e-01  2.4053e-01  1.7490e-01
1999.57090049  5.2957e-02  3.8825e+02  9.4618e+00  3.2765e-01  5.2493e+01  3.9187e-01  1.2771e-01  1.8303e-01  2.4319e-01
1999.57113082  5.5897e-02  3.9115e+02  9.5434e+00  3.7276e-01  5.3456e+01  4.1876e-01  1.1597e-01  2.0970e-01  2.1913e-01
1999.57136121  9.5207e-02  4.0068e+02  9.5328e+00  3.2604e-01  8.6381e+01  6.0668e-01  1.7530e-01  2.1962e-01  2.3415e-01
1999.57159153  1.0082e-01  4.0303e+02  8.7521e+00  4.2712e-01  8.6926e+01  6.4886e-01  1.1554e-01  2.1741e-01  2.6400e-01
1999.57182189  9.5461e-02  3.9834e+02  9.0901e+00  2.4507e-01  6.9575e+01  4.8333e-01  1.0599e-01  1.5707e-01  2.0620e-01
1999.57205225  1.2981e-01  3.9094e+02  1.1932e+01  2.5917e-01  1.0504e+02  2.9382e-01  1.8800e-01  2.1701e-01  3.0471e-01
1999.57228260  7.9560e-02  3.8690e+02  1.2091e+01  2.0627e-01  5.9523e+01  2.3635e-01  1.9997e-01  3.1500e-01  2.9280e-01
1999.57251296  1.1279e-01  3.8452e+02  1.1105e+01  2.8635e-01  7.2189e+01  2.9109e-01  2.1408e-01  3.0423e-01  3.2766e-01
1999.57274332  1.2588e-01  3.7070e+02  1.2122e+01  3.3249e-01  8.3354e+01  2.4564e-01  2.2256e-01  3.5707e-01  2.3267e-01
1999.57297367  1.1488e-01  3.6538e+02  1.1946e+01  4.0616e-01  1.2052e+02  2.6399e-01  1.9722e-01  3.4756e-01  2.8699e-01
1999.57320403  1.5666e-01  3.6677e+02  1.1364e+01  5.4133e-01  1.7578e+02  4.8024e-01  1.7523e-01  3.8177e-01  2.3991e-01
1999.57343438  2.3387e-01  3.5858e+02  1.0564e+01  6.2832e-01  2.4693e+02  7.1908e-01  2.6570e-01  2.1809e-01  2.6338e-01
1999.57366474  3.6193e-01  3.8194e+02  1.0786e+01  5.7447e-01  2.2473e+02  5.9049e-01  1.6429e-01  2.2133e-01  2.1415e-01
1999.57389510  3.5335e-01  3.6991e+02  1.0593e+01  6.9581e-01  2.5535e+02  7.9517e-01  2.2297e-01  3.0309e-01  2.5096e-01
1999.57412545  3.1622e-01  3.6082e+02  1.0218e+01  6.1128e-01  2.1290e+02  5.5693e-01  1.8801e-01  3.2825e-01  1.8007e-01
1999.57435581  3.0956e-01  3.5348e+02  9.8547e+00  5.8117e-01  2.0615e+02  7.2478e-01  1.5283e-01  2.6317e-01  2.0003e-01
1999.57458616  2.9911e-01  3.4860e+02  9.9818e+00  4.7277e-01  2.0138e+02  6.2666e-01  1.5091e-01  2.5238e-01  2.2269e-01
1999.57481652  3.4234e-01  3.4440e+02  1.0070e+01  4.1042e-01  1.9534e+02  7.2191e-01  1.4823e-01  2.6303e-01  1.6804e-01
1999.57504690  3.2051e-01  3.6266e+02  9.8559e+00  4.6408e-01  1.7711e+02  5.5058e-01  1.5168e-01  2.3866e-01  1.9911e-01
1999.57527723  2.4189e-01  3.6366e+02  1.0579e+01  3.7315e-01  1.6450e+02  5.1173e-01  1.9339e-01  1.9506e-01  2.5155e-01
1999.57550762  2.7320e-01  3.5328e+02  1.1099e+01  2.9716e-01  1.6928e+02  6.1306e-01  1.2466e-01  1.9071e-01  2.3910e-01
1999.57573795  3.4391e-01  3.5999e+02  9.7771e+00  1.7898e-01  1.6824e+02  6.3530e-01  1.0245e-01  1.4443e-01  1.9729e-01
1999.57596833  2.9833e-01  3.7776e+02  9.9930e+00  1.7374e-01  2.0175e+02  7.9837e-01  1.7251e-01  2.3827e-01  2.0518e-01
1999.57619866  1.9992e-01  3.9293e+02  1.0387e+01  1.3308e-01  1.9331e+02  7.8720e-01  1.2174e-01  2.6181e-01  1.9639e-01
1999.57642904  3.4577e-01  4.0938e+02  1.0512e+01  3.3731e-01  1.3886e+02  5.3400e-01  1.3573e-01  2.1715e-01  2.7604e-01
1999.57665940  2.9261e-01  4.5169e+02  1.0567e+01  3.4359e-01  1.0518e+02  6.9405e-01  1.4821e-01  2.9504e-01  3.1042e-01
1999.57688975  1.3459e-01  5.1335e+02  1.0184e+01  2.7924e-01  7.4115e+01  5.4639e-01  1.2126e-01  2.5469e-01  3.1379e-01
1999.57712011  7.6987e-02  6.3604e+02  9.5653e+00  1.7249e-01  1.0336e+02  7.8272e-01  1.7931e-01  2.7521e-01  1.9300e-01
1999.57735047  4.8270e-01  6.3208e+02  1.1682e+01  3.8072e-01  1.1056e+02  6.0663e-01  1.8976e-01  2.6620e-01  2.6756e-01
1999.57758082  1.4209e-01  6.2364e+02  1.3062e+01  5.2500e-01  2.1406e+01  4.5818e-01  2.2067e-01  2.6846e-01  2.6003e-01
1999.57781121  6.6266e-02  6.4187e+02  1.2608e+01  3.9552e-01  1.6353e+01  5.3243e-01  3.3064e-01  3.9203e-01  3.4004e-01
1999.57804153  1.0081e-01  6.4423e+02  1.2474e+01  1.7434e-01  1.0987e+02  5.6145e-01  1.8490e-01  2.3606e-01  2.1726e-01
1999.57827192  6.0697e-02  5.9775e+02  1.2384e+01  2.2028e-01  6.7519e+01  4.7073e-01  2.1248e-01  3.4040e-01  2.5194e-01
1999.57850227  1.1459e-01  5.7304e+02  1.2383e+01  2.0694e-01  3.8625e+01  3.7687e-01  2.2203e-01  2.8893e-01  2.5186e-01
1999.57873263  2.2500e-01  5.7883e+02  1.1228e+01  1.6341e-01  1.0346e+02  6.0571e-01  1.3508e-01  2.0701e-01  1.8126e-01
1999.57896299  5.2016e-02  5.6648e+02  1.0968e+01  2.2467e-01  9.9492e+01  6.5684e-01  1.4508e-01  2.8524e-01  1.7025e-01
1999.57919337  1.1797e-02  6.2386e+02  9.8953e+00  2.4041e-01  7.2922e+01  5.6819e-01  1.5674e-01  3.4729e-01  4.3225e-01
1999.57942370  1.8968e-02  6.0967e+02  9.0659e+00  4.6929e-01  5.2313e+01  6.0225e-01  1.2096e-01  3.5089e-01  3.0585e-01
1999.57965408  7.7452e-03  5.9337e+02  9.8387e+00  3.7549e-01  4.7108e+01  5.9359e-01  1.0272e-01  3.2337e-01  2.3158e-01
1999.57988444  1.5035e-02  5.9604e+02  9.4265e+00  2.3389e-01  8.2404e+01  5.3797e-01  1.0193e-01  2.0807e-01  1.9276e-01
1999.58011482  1.0187e-01  6.1454e+02  9.7291e+00  2.4367e-01  7.5960e+01  4.9504e-01  1.2086e-01  2.0054e-01  2.3137e-01
1999.58034515  1.0550e-01  6.1237e+02  9.6030e+00  4.9876e-01  9.5150e+01  6.2722e-01  1.1142e-01  2.6728e-01  3.1618e-01
1999.58057553  1.4215e-01  5.7611e+02  1.0653e+01  2.6410e-01  4.6002e+01  4.9134e-01  2.3002e-01  3.1473e-01  3.0001e-01
1999.58080592  8.9919e-02  5.6082e+02  1.1729e+01  1.9805e-01  1.3032e+01  3.4753e-01  1.7027e-01  2.4342e-01  2.3236e-01
1999.58103625  1.2249e-01  5.4788e+02  1.1362e+01  1.7892e-01  2.6206e+01  3.0377e-01  1.7302e-01  2.1553e-01  2.3053e-01
1999.58126660  1.1202e-01  5.1840e+02  9.8492e+00  3.0905e-01  7.7376e+01  4.4909e-01  1.2811e-01  2.5260e-01  2.6536e-01
1999.58149699  8.2748e-02  5.1828e+02  9.8887e+00  3.0036e-01  9.3532e+01  6.2428e-01  8.7215e-02  2.3841e-01  2.7380e-01
1999.58172737  4.9963e-02  4.9441e+02  9.5753e+00  3.3916e-01  1.0039e+02  6.3626e-01  1.5767e-01  1.3453e-01  2.8630e-01
1999.58195770  7.9553e-02  4.8876e+02  9.4763e+00  2.9488e-01  1.0631e+02  6.4419e-01  1.4327e-01  2.0791e-01  2.5025e-01
1999.58218808  7.7732e-02  4.7496e+02  9.4970e+00  2.6539e-01  1.0545e+02  5.4835e-01  1.0937e-01  1.9240e-01  2.2536e-01
1999.58241844  7.4602e-02  4.6939e+02  9.6207e+00  2.8222e-01  1.2871e+02  7.6722e-01  1.1492e-01  2.8621e-01  3.0165e-01
1999.58264882  4.5545e-02  4.8286e+02  9.4458e+00  2.3304e-01  9.3633e+01  5.0614e-01  1.3280e-01  3.1959e-01  2.8771e-01
1999.58287918  6.0533e-02  4.7571e+02  9.2879e+00  3.2834e-01  9.1032e+01  6.9824e-01  1.4032e-01  2.1627e-01  3.1237e-01
1999.58310953  7.5365e-02  4.6774e+02  9.4022e+00  3.3812e-01  1.0048e+02  7.0281e-01  9.2860e-02  2.4273e-01  2.7070e-01
1999.58333989  7.1802e-02  4.6038e+02  9.3165e+00  3.1624e-01  9.3324e+01  6.4480e-01  1.1244e-01  2.6659e-01  2.5316e-01
1999.58357027  6.9708e-02  4.5500e+02  9.1736e+00  3.4296e-01  9.8554e+01  5.4389e-01  1.2192e-01  3.4478e-01  1.8057e-01
1999.58380063  8.1200e-02  4.4411e+02  9.4165e+00  3.6389e-01  1.1571e+02  6.3115e-01  1.9114e-01  2.8263e-01  2.8443e-01
1999.58403101  8.5583e-02  4.3237e+02  9.5168e+00  2.5767e-01  1.5034e+02  6.4163e-01  1.3734e-01  2.2297e-01  2.1537e-01
1999.58426134  3.5956e-02  4.6653e+02  9.3382e+00  3.8232e-01  1.0229e+02  6.7247e-01  8.9595e-02  2.9679e-01  3.2844e-01
1999.58449173  3.2583e-02  4.5921e+02  9.4960e+00  3.2743e-01  9.4287e+01  6.2693e-01  1.1336e-01  2.4102e-01  2.5250e-01
1999.58472208  2.7460e-02  4.6176e+02  9.2598e+00  2.9171e-01  8.6865e+01  5.8274e-01  1.2201e-01  2.3502e-01  2.6587e-01
1999.58495247  2.6655e-02  4.5791e+02  9.8167e+00  2.1988e-01  1.0268e+02  6.0126e-01  6.9394e-02  2.9601e-01  2.3863e-01
1999.58518285  3.9578e-02  4.3970e+02  9.0250e+00  2.7143e-01  1.1149e+02  7.1980e-01  1.1572e-01  1.9100e-01  1.7928e-01
1999.58541321  1.0330e-01  4.0858e+02  1.3865e+01  3.8327e-01  8.3442e+01  3.3764e-01  2.7765e-01  4.1092e-01  2.4914e-01
1999.58564359  9.8618e-02  3.9179e+02  1.3615e+01  3.8122e-01  7.7912e+01  2.7824e-01  3.5953e-01  3.9098e-01  2.5151e-01
1999.58587392  7.7038e-02  3.7874e+02  1.3199e+01  3.2435e-01  5.6157e+01  3.2540e-01  3.1497e-01  3.1039e-01  2.6943e-01
1999.58610430  6.4184e-02  3.7006e+02  1.3895e+01  2.4472e-01  4.2528e+01  2.3942e-01  3.4534e-01  3.0659e-01  2.6508e-01
1999.58633466  8.6185e-02  3.6544e+02  1.3069e+01  3.7129e-01  8.0313e+01  4.2969e-01  3.2786e-01  4.5246e-01  2.6245e-01
1999.58656504  1.2567e-01  3.5709e+02  1.2705e+01  5.1266e-01  1.7116e+02  4.5150e-01  3.9571e-01  4.6285e-01  2.2305e-01
1999.58679540  1.5308e-01  3.5367e+02  1.1857e+01  3.0153e-01  1.1171e+02  2.6286e-01  2.8121e-01  2.3913e-01  1.7203e-01
1999.58702578  1.3502e-01  3.4943e+02  1.1411e+01  3.1229e-01  1.2327e+02  2.2810e-01  2.8085e-01  2.0118e-01  1.7546e-01
1999.58725616  1.8403e-01  3.5404e+02  1.1373e+01  4.7407e-01  2.3699e+02  3.4619e-01  3.0940e-01  2.9821e-01  2.5141e-01
1999.58748652  2.2684e-01  3.4871e+02  1.1581e+01  4.6979e-01  2.2370e+02  3.7660e-01  2.5635e-01  2.5070e-01  2.0562e-01
1999.58771690  4.2416e-01  3.4310e+02  1.1490e+01  3.9687e-01  2.0653e+02  4.9633e-01  2.3675e-01  2.1814e-01  1.6072e-01
1999.58794726  4.5259e-01  3.3855e+02  1.1826e+01  3.4107e-01  1.9218e+02  5.7822e-01  1.9975e-01  1.9106e-01  1.6225e-01
1999.58817764  4.6766e-01  3.3891e+02  1.1426e+01  4.6727e-01  2.3573e+02  5.9090e-01  2.3879e-01  2.2292e-01  1.7369e-01
1999.58840800  5.9849e-01  3.3728e+02  1.1676e+01  3.6738e-01  2.6909e+02  5.2972e-01  2.3351e-01  2.2534e-01  1.4167e-01
1999.58863838  2.3792e-01  3.5179e+02  1.0511e+01  1.9722e-01  7.3516e+01  3.5836e-01  1.4931e-01  2.1281e-01  1.6877e-01
1999.58886874  1.8027e-01  3.4070e+02  9.5679e+00  2.5912e-01  6.4264e+01  4.1306e-01  1.3732e-01  1.8957e-01  2.0514e-01
1999.58909912  5.0191e-01  3.7049e+02  1.0201e+01  1.5258e-01  9.1164e+01  4.5454e-01  1.5025e-01  1.4564e-01  1.9994e-01
1999.58932951  5.8809e-01  3.7105e+02  8.6011e+00  2.2223e-01  8.6628e+01  3.5831e-01  1.6588e-01  1.8533e-01  1.8719e-01
1999.58955986  3.2011e-01  3.7374e+02  9.0105e+00  3.3511e-01  2.0159e+02  6.8992e-01  1.6251e-01  2.2425e-01  1.9210e-01
1999.58979025  5.3890e-01  3.6466e+02  9.8745e+00  2.0028e-01  1.3905e+02  4.7870e-01  1.4460e-01  2.5519e-01  2.1998e-01
1999.59002060  3.7204e-01  3.6059e+02  1.1346e+01  2.2604e-01  6.9003e+01  2.9080e-01  2.0821e-01  2.0759e-01  2.0666e-01
1999.59025099  3.5296e-01  3.5241e+02  1.0866e+01  1.8275e-01  7.0698e+01  3.2379e-01  1.9561e-01  2.3731e-01  1.9965e-01
1999.59048134  3.3526e-01  3.4437e+02  1.3189e+01  2.6810e-01  7.1809e+01  3.4764e-01  2.7703e-01  2.5069e-01  1.9992e-01
1999.59071173  3.7937e-01  3.3667e+02  1.4623e+01  4.1440e-01  1.4239e+02  3.2258e-01  3.4534e-01  3.6932e-01  2.7188e-01
1999.59094203  2.7778e-01  3.3047e+02  1.4592e+01  3.0948e-01  1.0483e+02  2.3414e-01  3.1070e-01  3.0505e-01  2.7726e-01
1999.59117238  1.6403e-01  3.2856e+02  1.4312e+01  2.5620e-01  2.6136e+01  2.3591e-01  2.8358e-01  2.7946e-01  2.3786e-01
1999.59140268  4.2362e-01  3.4991e+02  1.0590e+01  2.3225e-01  1.2485e+02  3.8251e-01  1.6981e-01  2.0198e-01  1.5714e-01
1999.59163301  2.6998e-01  3.4756e+02  1.1843e+01  2.6059e-01  7.4390e+01  2.6089e-01  1.9562e-01  1.9263e-01  2.1221e-01
1999.59186337  3.6319e-01  3.4124e+02  1.1177e+01  3.1986e-01  1.4771e+02  3.8562e-01  2.2785e-01  2.2723e-01  2.1303e-01
1999.59209370  3.1136e-01  3.3722e+02  1.1320e+01  3.4876e-01  1.5998e+02  4.3548e-01  2.7863e-01  3.1640e-01  2.1794e-01
1999.59232405  2.4454e-01  3.4272e+02  1.1295e+01  2.5029e-01  1.0987e+02  3.1817e-01  2.1087e-01  1.8929e-01  1.3622e-01
1999.59255436  2.1984e-01  3.3995e+02  1.1538e+01  2.2906e-01  9.2503e+01  2.7084e-01  1.8839e-01  2.3983e-01  1.8372e-01
1999.59278468  2.4440e-01  3.4230e+02  1.0867e+01  2.3712e-01  8.5138e+01  2.5333e-01  1.9561e-01  1.7301e-01  1.6932e-01
1999.59301504  1.9781e-01  3.4125e+02  1.0907e+01  2.4860e-01  9.3349e+01  3.2674e-01  1.6521e-01  2.2981e-01  1.8846e-01
1999.59324537  1.8907e-01  3.5062e+02  1.0270e+01  2.2004e-01  9.4573e+01  4.4367e-01  1.3650e-01  2.0144e-01  1.8172e-01
1999.59347570  1.8211e-01  3.5064e+02  9.7351e+00  2.4729e-01  8.6107e+01  3.6088e-01  1.5843e-01  2.3389e-01  1.3814e-01
1999.59370605  1.4232e-01  3.4844e+02  9.4369e+00  2.8322e-01  5.0248e+01  2.9385e-01  1.5571e-01  1.7356e-01  1.7903e-01
1999.59393638  1.4464e-01  3.4000e+02  9.6227e+00  3.4778e-01  6.9852e+01  3.2992e-01  1.5295e-01  2.3509e-01  2.6357e-01
1999.59416674  1.8386e-01  3.4200e+02  9.7966e+00  2.2738e-01  6.8140e+01  3.8629e-01  1.8343e-01  2.5352e-01  2.9597e-01
1999.59439707  2.0056e-01  3.4395e+02  9.4483e+00  2.5670e-01  3.4808e+01  3.4645e-01  1.4723e-01  2.1804e-01  2.6373e-01
1999.59462740  2.3326e-01  3.3964e+02  9.4702e+00  2.3026e-01  6.0246e+01  3.7849e-01  1.3218e-01  2.3382e-01  2.0775e-01
1999.59485775  2.1776e-01  3.3918e+02  9.4797e+00  2.6208e-01  6.6082e+01  3.6673e-01  1.4060e-01  2.2181e-01  2.4659e-01
1999.59508808  4.0402e-01  3.3680e+02  9.6878e+00  2.3416e-01  6.8207e+01  3.5308e-01  1.6584e-01  1.8862e-01  2.0766e-01
1999.59531844  6.0014e-01  3.4930e+02  9.7845e+00  2.5262e-01  8.6646e+01  3.9668e-01  1.2779e-01  1.8081e-01  2.0017e-01
1999.59554877  4.4868e-01  3.6518e+02  1.0435e+01  1.7347e-01  9.3367e+01  5.0554e-01  1.3926e-01  1.6800e-01  1.8186e-01
1999.59577910  4.8017e-01  3.7863e+02  1.1045e+01  1.3726e-01  1.0995e+02  5.8715e-01  1.3625e-01  1.3901e-01  1.4024e-01
1999.59600942  2.2135e-01  4.2163e+02  9.0770e+00  1.3718e-01  1.1424e+02  5.9288e-01  1.1528e-01  1.7078e-01  1.8289e-01
1999.59623975  1.3336e-01  4.6025e+02  8.8804e+00  2.2620e-01  1.0265e+02  5.0658e-01  7.9516e-02  2.2087e-01  2.2543e-01
1999.59647011  2.1204e-01  4.7432e+02  8.6924e+00  2.7923e-01  1.3271e+02  7.1502e-01  1.1182e-01  2.7486e-01  2.8684e-01
1999.59670044  1.8374e-01  4.8144e+02  8.6311e+00  2.2630e-01  1.1065e+02  5.3620e-01  9.7848e-02  2.0201e-01  2.4864e-01
1999.59693082  1.3011e-01  4.7340e+02  9.0026e+00  1.9711e-01  1.0299e+02  5.3394e-01  1.0477e-01  2.1836e-01  2.4161e-01
1999.59716115  1.7038e-01  4.7461e+02  9.1350e+00  2.2502e-01  1.1635e+02  6.6378e-01  1.0820e-01  2.4432e-01  2.5751e-01
1999.59739148  8.1980e-02  4.6221e+02  9.0732e+00  1.8304e-01  1.1596e+02  6.1261e-01  5.0213e-02  2.0738e-01  1.9946e-01
1999.59762184  1.0592e-01  4.4899e+02  9.0024e+00  1.9709e-01  1.3254e+02  5.6723e-01  1.1047e-01  1.5255e-01  2.6899e-01
1999.59785216  9.0408e-02  4.4076e+02  8.9809e+00  1.5877e-01  1.6509e+02  6.9492e-01  1.2539e-01  1.9017e-01  1.8340e-01
1999.59808252  6.5498e-02  4.5126e+02  9.3899e+00  1.1524e-01  1.7058e+02  7.3249e-01  7.4309e-02  1.8984e-01  1.6830e-01
1999.59831285  8.0666e-02  4.3494e+02  9.4710e+00  1.7088e-01  1.6255e+02  5.6709e-01  7.7014e-02  1.4601e-01  1.9467e-01
1999.59854318  4.5119e-02  4.4993e+02  9.6096e+00  9.4829e-02  1.5579e+02  6.7069e-01  9.5855e-02  1.9101e-01  1.7937e-01
1999.59877353  4.8128e-02  4.3411e+02  9.5289e+00  1.0563e-01  1.6103e+02  7.3981e-01  7.7813e-02  2.4041e-01  2.3198e-01
1999.59900386  7.2124e-02  4.5058e+02  9.0562e+00  1.8486e-01  1.2648e+02  6.5293e-01  1.1147e-01  2.1438e-01  2.7655e-01
1999.59923422  8.6628e-02  4.5986e+02  9.0490e+00  1.8406e-01  1.0620e+02  5.9463e-01  1.0848e-01  1.8265e-01  2.7578e-01
1999.59946455  1.2141e-01  4.5664e+02  9.5184e+00  1.3390e-01  1.0779e+02  6.0881e-01  8.5542e-02  1.8180e-01  2.3305e-01
1999.59969488  9.8726e-02  4.4545e+02  9.2986e+00  1.2321e-01  1.0492e+02  6.1715e-01  1.2108e-01  1.2691e-01  1.9849e-01
1999.59992526  7.0851e-02  4.3149e+02  9.6949e+00  1.1756e-01  1.3260e+02  6.8257e-01  1.8326e-01  1.9855e-01  1.9906e-01
1999.60015559  7.0981e-02  4.2754e+02  9.4861e+00  1.3816e-01  1.1330e+02  6.0800e-01  7.4318e-02  1.6918e-01  2.3022e-01
1999.60038595  7.2999e-02  4.2216e+02  9.7126e+00  2.2219e-01  1.1279e+02  6.2111e-01  9.1170e-02  2.2099e-01  2.2815e-01
1999.60061627  8.2062e-02  4.1613e+02  9.6190e+00  1.9974e-01  1.1411e+02  6.6776e-01  1.2357e-01  2.3060e-01  2.0713e-01
1999.60084663  8.9438e-02  4.1235e+02  9.6063e+00  1.9792e-01  1.0684e+02  6.2460e-01  1.2031e-01  1.2596e-01  2.2401e-01
1999.60107696  1.0062e-01  4.0974e+02  9.5084e+00  2.5815e-01  1.0559e+02  5.4826e-01  1.2410e-01  2.3507e-01  2.2026e-01
1999.60130734  8.9042e-02  4.0631e+02  9.5486e+00  1.6502e-01  9.6819e+01  6.0202e-01  1.0208e-01  1.5447e-01  2.2349e-01
1999.60153767  7.9467e-02  3.9944e+02  9.5445e+00  1.7219e-01  1.2285e+02  6.0941e-01  1.2724e-01  1.7074e-01  2.1084e-01
1999.60176800  8.9488e-02  3.9623e+02  9.5902e+00  1.8099e-01  1.1503e+02  5.5209e-01  1.0870e-01  2.1836e-01  1.9360e-01
1999.60199836  1.0432e-01  4.1265e+02  9.7133e+00  1.6976e-01  1.1127e+02  6.5514e-01  1.0238e-01  2.0099e-01  2.3987e-01
1999.60222868  1.5977e-01  4.0627e+02  9.9314e+00  1.4466e-01  1.2441e+02  6.5013e-01  1.5748e-01  2.1719e-01  2.0460e-01
1999.60245907  1.2129e-01  4.0742e+02  1.0365e+01  3.7378e-01  9.1166e+01  5.8321e-01  2.0600e-01  2.7610e-01  2.5701e-01
1999.60268940  2.3336e-01  4.0765e+02  1.1283e+01  1.1900e-01  1.1565e+02  4.1606e-01  1.9290e-01  2.4169e-01  1.7679e-01
1999.60291975  1.0449e-01  4.0209e+02  1.0531e+01  2.7839e-01  1.0847e+02  6.3498e-01  1.8174e-01  2.3682e-01  2.4188e-01
1999.60315008  1.7105e-01  3.9427e+02  1.0688e+01  2.5259e-01  1.1433e+02  6.0096e-01  1.7211e-01  1.8860e-01  2.6116e-01
1999.60338047  2.1146e-01  3.8400e+02  1.0735e+01  2.4510e-01  7.8566e+01  3.9025e-01  1.4927e-01  2.4679e-01  2.2360e-01
1999.60361079  1.0369e-01  3.7911e+02  1.1315e+01  2.0237e-01  1.9799e+01  3.0984e-01  1.9202e-01  2.6145e-01  2.2155e-01
1999.60384112  1.0350e-01  3.7598e+02  9.6266e+00  4.5588e-01  7.4183e+01  3.2800e-01  1.8275e-01  2.3701e-01  2.5411e-01
1999.60407148  1.2175e-01  3.6592e+02  9.7594e+00  3.8635e-01  8.9755e+01  5.1166e-01  1.3180e-01  2.7198e-01  2.0437e-01
1999.60430184  1.8788e-01  3.5854e+02  1.0267e+01  2.2503e-01  7.6790e+01  3.1087e-01  2.3609e-01  2.9158e-01  2.5157e-01
1999.60453219  1.3667e-01  3.5654e+02  1.0421e+01  3.4280e-01  9.4590e+01  4.0919e-01  2.4877e-01  2.8940e-01  2.9388e-01
1999.60476252  1.7517e-01  3.4577e+02  1.0173e+01  4.4128e-01  1.3240e+02  3.7257e-01  1.9243e-01  2.8667e-01  2.5162e-01
1999.60499288  2.2583e-01  3.4069e+02  9.8976e+00  3.4281e-01  1.2248e+02  3.8759e-01  1.6636e-01  2.6124e-01  1.8193e-01
1999.60522323  2.6813e-01  3.3038e+02  1.0002e+01  3.6725e-01  1.2629e+02  5.1090e-01  1.9815e-01  2.4690e-01  2.6963e-01
1999.60545359  2.5917e-01  3.3160e+02  1.0181e+01  2.3042e-01  1.2179e+02  4.6457e-01  2.1914e-01  2.9740e-01  2.5896e-01
1999.60568392  2.2745e-01  3.3749e+02  1.0106e+01  1.6827e-01  1.1256e+02  3.5846e-01  1.7162e-01  2.7047e-01  2.2127e-01
1999.60591430  2.1613e-01  3.3689e+02  9.3596e+00  2.7254e-01  7.5451e+01  3.0785e-01  2.1607e-01  2.6427e-01  2.1384e-01
1999.60614463  1.4536e-01  3.3029e+02  9.2535e+00  3.1350e-01  4.5676e+01  2.6303e-01  1.5193e-01  2.3842e-01  2.0339e-01
1999.60637496  2.1185e-01  3.2627e+02  9.4623e+00  2.4684e-01  6.7779e+01  5.0921e-01  1.6827e-01  2.4611e-01  2.4818e-01
1999.60660534  3.6415e-01  3.3258e+02  9.9604e+00  1.7466e-01  9.5472e+01  4.8313e-01  1.7776e-01  2.1056e-01  2.1291e-01
1999.60683567  1.9796e-01  3.2140e+02  1.0232e+01  6.3167e-02  1.2263e+02  5.2779e-01  1.4073e-01  2.3181e-01  1.7627e-01
1999.60706603  2.0317e-01  3.2252e+02  1.0767e+01  8.4088e-02  1.5437e+02  6.8706e-01  1.8348e-01  2.2892e-01  1.6569e-01
1999.60729638  5.2511e-01  3.3598e+02  1.0210e+01  1.0670e-01  1.2309e+02  6.6759e-01  1.5990e-01  1.8961e-01  1.5756e-01
1999.60752674  8.8323e-01  3.3726e+02  9.9521e+00  1.3790e-01  1.3119e+02  6.7885e-01  1.3968e-01  1.8856e-01  1.7659e-01
1999.60775707  7.8656e-01  3.3111e+02  1.0336e+01  8.9357e-02  1.3263e+02  6.2486e-01  1.4184e-01  1.6789e-01  1.6107e-01
1999.60798745  7.2822e-01  3.2018e+02  9.7232e+00  1.2378e-01  1.2921e+02  7.9426e-01  1.4259e-01  1.6342e-01  1.6943e-01
1999.60821778  5.3874e-01  3.2107e+02  9.7535e+00  1.1569e-01  1.2274e+02  7.5146e-01  1.1639e-01  2.0714e-01  1.5141e-01
1999.60844816  4.2994e-01  3.2738e+02  9.5103e+00  2.1033e-01  1.0989e+02  7.1563e-01  1.2055e-01  1.8359e-01  2.0065e-01
1999.60867849  1.3116e-01  3.3096e+02  9.5003e+00  2.1298e-01  8.9758e+01  6.3441e-01  1.1766e-01  1.9585e-01  1.8844e-01
1999.60890882  1.6669e-01  3.2990e+02  9.6849e+00  2.1488e-01  8.2627e+01  5.9711e-01  1.3759e-01  1.7786e-01  2.1588e-01
1999.60913921  1.6413e-01  3.4493e+02  9.9591e+00  1.8640e-01  9.6747e+01  6.1791e-01  1.1064e-01  1.8228e-01  1.9424e-01
1999.60936953  1.5528e-01  3.3949e+02  1.0083e+01  1.5180e-01  8.8557e+01  5.9552e-01  8.6421e-02  2.1919e-01  1.9250e-01
1999.60958904 -9.9999e+03 -9.9999e+03 -9.9999e+03 -9.9999e+03 -9.9999e+03 -9.9999e+03 -9.9999e+03 -9.9999e+03 -9.9999e+03
1999.60981734 -9.9999e+03 -9.9999e+03 -9.9999e+03 -9.9999e+03 -9.9999e+03 -9.9999e+03 -9.9999e+03 -9.9999e+03 -9.9999e+03
1999.61004567 -9.9999e+03 -9.9999e+03 -9.9999e+03 -9.9999e+03 -9.9999e+03 -9.9999e+03 -9.9999e+03 -9.9999e+03 -9.9999e+03
1999.61027397 -9.9999e+03 -9.9999e+03 -9.9999e+03 -9.9999e+03 -9.9999e+03 -9.9999e+03 -9.9999e+03 -9.9999e+03 -9.9999e+03
1999.61050227 -9.9999e+03 -9.9999e+03 -9.9999e+03 -9.9999e+03 -9.9999e+03 -9.9999e+03 -9.9999e+03 -9.9999e+03 -9.9999e+03
1999.61073060 -9.9999e+03 -9.9999e+03 -9.9999e+03 -9.9999e+03 -9.9999e+03 -9.9999e+03 -9.9999e+03 -9.9999e+03 -9.9999e+03
1999.61095899  1.1935e-01  4.0051e+02  1.0109e+01  1.7296e-01  8.8338e+01  6.0124e-01  8.7018e-02  1.9251e-01  1.9925e-01
1999.61118937  1.8015e-01  4.0746e+02  1.0209e+01  9.8724e-02  9.7072e+01  6.1111e-01  1.2055e-01  2.1345e-01  1.7618e-01
1999.61141970  2.3373e-01  4.0784e+02  1.0708e+01  1.5961e-01  7.4307e+01  5.1868e-01  1.1158e-01  1.8222e-01  2.0174e-01
1999.61165008  2.2486e-01  3.9583e+02  1.0395e+01  1.4520e-01  7.9452e+01  5.3303e-01  7.6727e-02  1.8433e-01  1.6302e-01
1999.61188041  2.5784e-01  3.7840e+02  1.0092e+01  1.4635e-01  7.7888e+01  4.5728e-01  1.2007e-01  1.4108e-01  1.9790e-01
1999.61211079  2.2115e-01  3.8440e+02  1.0984e+01  1.2050e-01  3.9223e+01  3.5183e-01  1.6680e-01  2.0844e-01  2.0425e-01
1999.61234112  2.4303e-01  3.7979e+02  1.0983e+01  1.5924e-01  3.8228e+01  2.4712e-01  1.3397e-01  1.7269e-01  1.6451e-01
1999.61257151  2.0140e-01  3.7892e+02  1.0569e+01  1.6044e-01  3.0712e+01  2.9988e-01  1.3415e-01  1.7263e-01  1.8632e-01
1999.61280189  3.3004e-01  3.8167e+02  1.0223e+01  1.4535e-01  4.9046e+01  3.1774e-01  1.2514e-01  1.9461e-01  1.8968e-01
1999.61303222  2.2212e-01  3.7927e+02  1.0369e+01  1.4522e-01  3.8098e+01  2.9598e-01  1.2461e-01  1.9809e-01  1.8535e-01
1999.61326258  1.2800e-01  3.8135e+02  1.0494e+01  1.3838e-01  3.4810e+01  2.5683e-01  1.5413e-01  1.8018e-01  2.0569e-01
1999.61349293  1.1684e-01  3.9144e+02  1.0874e+01  1.0462e-01  3.3059e+01  2.0998e-01  1.8526e-01  1.8835e-01  1.8056e-01
1999.61372329  2.0799e-01  3.8447e+02  1.1551e+01  8.0197e-02  9.1062e+01  2.7730e-01  2.4145e-01  2.4265e-01  2.0666e-01
1999.61395367  1.9847e-01  3.7570e+02  1.0547e+01  8.0809e-02  4.5609e+01  2.2608e-01  1.8428e-01  1.6042e-01  1.4300e-01
1999.61418400  1.7162e-01  3.7878e+02  1.0176e+01  1.9904e-01  3.2228e+01  3.9188e-01  2.0778e-01  2.3731e-01  2.2367e-01
1999.61441438  1.8564e-01  3.8438e+02  1.0272e+01  1.5553e-01  4.1496e+01  2.4726e-01  1.8884e-01  1.9914e-01  1.8551e-01
1999.61464471  1.4183e-01  3.7979e+02  1.1718e+01  8.6547e-02  9.6241e+01  4.7018e-01  2.3275e-01  2.6772e-01  1.8193e-01
1999.61487510  1.8250e-01  3.8053e+02  1.2172e+01  1.2205e-01  8.0625e+01  3.6248e-01  2.0962e-01  3.4763e-01  2.3447e-01
1999.61510548  2.3345e-01  3.7940e+02  1.1803e+01  1.1505e-01  1.1106e+02  4.6552e-01  2.0595e-01  2.9767e-01  2.8392e-01
1999.61533581  2.6400e-01  3.6729e+02  1.1555e+01  8.9644e-02  1.6445e+02  5.4131e-01  1.9268e-01  3.1300e-01  2.3265e-01
1999.61556619  3.2406e-01  3.6069e+02  1.1100e+01  9.0508e-02  1.6644e+02  6.5451e-01  1.5549e-01  1.9440e-01  1.7767e-01
1999.61579655  2.7286e-01  3.5825e+02  1.1005e+01  1.0059e-01  1.8612e+02  5.0815e-01  1.9815e-01  1.6919e-01  1.6305e-01
1999.61602688  2.5967e-01  3.5561e+02  1.1817e+01  1.5148e-01  1.7989e+02  6.3745e-01  2.3632e-01  2.3031e-01  2.3176e-01
1999.61625726  4.3724e-01  3.5202e+02  1.1255e+01  1.9099e-01  1.5449e+02  4.0425e-01  2.0923e-01  1.9923e-01  2.0293e-01
1999.61648764  2.4399e-01  3.4863e+02  1.0469e+01  2.4006e-01  6.0105e+01  2.8415e-01  1.6809e-01  2.5481e-01  1.7278e-01
1999.61671800  2.2613e-01  3.3411e+02  1.0025e+01  1.4433e-01  3.2814e+01  2.5822e-01  1.5464e-01  1.6433e-01  1.6152e-01
1999.61694836  2.5341e-01  3.2885e+02  9.5441e+00  2.6165e-01  4.2139e+01  4.0653e-01  1.5703e-01  2.0404e-01  2.1284e-01
1999.61717871  2.9475e-01  3.2449e+02  9.7075e+00  2.5450e-01  4.2116e+01  2.9831e-01  2.1629e-01  2.0745e-01  2.1808e-01
1999.61740910  2.8101e-01  3.1707e+02  9.9234e+00  2.8528e-01  6.1769e+01  4.2126e-01  2.4353e-01  2.9755e-01  2.4171e-01
1999.61763945  2.2909e-01  3.2270e+02  9.5160e+00  3.4701e-01  5.0482e+01  3.6894e-01  2.2529e-01  2.6663e-01  2.2290e-01
1999.61786981  1.6503e-01  3.2236e+02  9.2003e+00  2.7637e-01  1.5105e+01  2.6776e-01  1.7784e-01  1.8389e-01  1.9378e-01
1999.61810016  3.0364e-01  3.2603e+02  1.0558e+01  2.7025e-01  6.9474e+01  3.1977e-01  2.2174e-01  2.6385e-01  2.3688e-01
1999.61833055  4.6743e-01  3.2731e+02  1.0997e+01  2.6758e-01  1.4084e+02  4.5872e-01  1.7453e-01  2.4661e-01  2.3830e-01
1999.61856090  3.7656e-01  3.2012e+02  1.0956e+01  3.4829e-01  1.5464e+02  3.4998e-01  1.8581e-01  1.7172e-01  2.0187e-01
1999.61879126  2.8496e-01  3.2904e+02  1.1548e+01  2.3901e-01  1.3513e+02  4.1838e-01  1.9373e-01  2.4860e-01  1.8707e-01
1999.61902162  1.4952e-01  3.2031e+02  1.0754e+01  3.2284e-01  9.1654e+01  3.4585e-01  2.1627e-01  2.3408e-01  1.9337e-01
1999.61925200  1.7025e-01  3.2063e+02  9.9160e+00  3.4051e-01  1.0888e+02  3.7693e-01  2.6159e-01  2.2638e-01  1.6932e-01
1999.61948236  2.6530e-01  3.1984e+02  1.0832e+01  2.4011e-01  1.0734e+02  3.9677e-01  2.3644e-01  1.9016e-01  2.0681e-01
1999.61971274  3.4425e-01  3.1819e+02  1.0916e+01  1.5551e-01  1.1181e+02  4.1324e-01  1.7721e-01  1.9772e-01  1.8252e-01
1999.61994312  2.6031e-01  3.3108e+02  1.0978e+01  7.4393e-02  1.0910e+02  8.3489e-01  1.6195e-01  1.8376e-01  1.5669e-01
1999.62017345  7.6216e-01  3.7050e+02  9.9403e+00  1.6242e-01  9.7982e+01  7.2442e-01  1.5766e-01  1.6175e-01  2.2259e-01
1999.62040384  3.2926e-01  3.8056e+02  8.8791e+00  2.2359e-01  4.3547e+01  5.1884e-01  1.5710e-01  1.9688e-01  2.4048e-01
1999.62063419  2.8169e-01  4.0277e+02  9.6052e+00  1.2199e-01  7.2446e+01  7.1068e-01  1.2333e-01  1.6381e-01  1.9231e-01
1999.62086458  6.2412e-01  4.2650e+02  1.0289e+01  1.2745e-01  7.9616e+01  6.5990e-01  1.5212e-01  1.9242e-01  1.7780e-01
1999.62109493  1.7745e-01  4.0002e+02  9.8182e+00  1.8631e-01  3.9246e+01  3.5631e-01  1.3353e-01  2.3509e-01  2.1875e-01
1999.62132532  7.7957e-01  4.0991e+02  1.1758e+01  1.2504e-01  7.4560e+01  3.5721e-01  1.2218e-01  1.3766e-01  1.6071e-01
1999.62155567  8.4235e-01  4.1263e+02  1.1370e+01  1.6770e-01  9.6810e+01  4.4497e-01  1.1457e-01  1.3482e-01  1.3944e-01
1999.62178605  9.5931e-01  4.5762e+02  1.0290e+01  1.2227e-01  1.1952e+02  6.6764e-01  1.0632e-01  1.2028e-01  1.3120e-01
1999.62201644  5.1296e-01  4.5915e+02  1.0488e+01  1.2808e-01  1.2088e+02  6.3069e-01  1.3010e-01  9.9545e-02  1.4507e-01
1999.62224679  2.6950e-01  4.5701e+02  1.0291e+01  1.5110e-01  1.2144e+02  5.7738e-01  1.2318e-01  1.1134e-01  1.2924e-01
1999.62247718  7.1477e-01  5.5212e+02  9.8261e+00  1.2032e-01  1.0566e+02  6.9458e-01  1.0226e-01  1.1356e-01  1.3402e-01
1999.62270753  3.7774e-01  5.8728e+02  1.0130e+01  6.5333e-02  1.0159e+02  6.2787e-01  1.1196e-01  1.1101e-01  1.2019e-01
1999.62293789  4.1402e-01  6.3636e+02  9.5561e+00  7.3699e-02  8.7196e+01  5.8820e-01  1.1408e-01  8.8650e-02  1.2954e-01
1999.62316825  3.3030e-01  6.3705e+02  9.6198e+00  8.3222e-02  9.1875e+01  6.3591e-01  1.1353e-01  9.5012e-02  1.3178e-01
1999.62339863  2.9703e-01  6.4616e+02  9.5253e+00  7.2375e-02  9.1543e+01  6.5035e-01  1.2538e-01  1.0246e-01  1.1938e-01
1999.62362899  4.0398e-01  6.4723e+02  9.8105e+00  7.4097e-02  9.3069e+01  6.2977e-01  1.1274e-01  1.0064e-01  1.0650e-01
1999.62385937  3.5054e-01  6.4491e+02  9.7665e+00  6.8917e-02  1.0549e+02  6.3048e-01  1.0323e-01  1.0278e-01  1.0407e-01
1999.62408973  3.4741e-01  6.4896e+02  9.8769e+00  7.0184e-02  1.0852e+02  6.7118e-01  1.1825e-01  1.0318e-01  1.0402e-01
1999.62432011  3.8840e-01  6.4505e+02  1.0037e+01  7.8473e-02  1.0433e+02  6.8516e-01  1.1098e-01  1.0610e-01  1.0976e-01
1999.62455052  3.5716e-01  6.3501e+02  9.9709e+00  8.0880e-02  1.0074e+02  6.0211e-01  1.2574e-01  9.3530e-02  1.0549e-01
1999.62478088  2.3740e-01  6.6204e+02  1.0127e+01  8.8735e-02  9.1880e+01  6.1250e-01  1.2331e-01  1.0031e-01  1.1711e-01
1999.62501126  2.1067e-01  6.5805e+02  1.0271e+01  9.5334e-02  8.7097e+01  6.5946e-01  1.0843e-01  1.0543e-01  1.2042e-01
1999.62524162  2.2470e-01  6.3516e+02  1.0186e+01  9.2351e-02  8.4037e+01  5.9176e-01  9.6225e-02  1.0622e-01  1.0463e-01
1999.62547200  1.8398e-01  6.0997e+02  1.0230e+01  9.5057e-02  8.6752e+01  6.3129e-01  1.0268e-01  9.8176e-02  1.1911e-01
1999.62570238  2.3019e-01  5.8850e+02  9.8562e+00  1.1618e-01  8.5902e+01  5.9638e-01  9.4002e-02  1.1020e-01  1.5212e-01
1999.62593274  3.3176e-01  5.8772e+02  9.7942e+00  1.3067e-01  8.3401e+01  6.0548e-01  8.3400e-02  1.1420e-01  1.5029e-01
1999.62616312  2.9443e-01  5.7344e+02  9.6944e+00  1.2388e-01  9.2533e+01  5.8724e-01  8.3784e-02  1.0317e-01  1.4674e-01
1999.62639348  2.1662e-01  5.5326e+02  9.7196e+00  1.1549e-01  8.5304e+01  5.5504e-01  9.0439e-02  1.1113e-01  1.3106e-01
1999.62662375  2.3711e-01  5.4533e+02  9.8466e+00  1.0593e-01  9.6210e+01  6.0245e-01  8.0284e-02  1.0828e-01  1.3520e-01
1999.62685411  2.1881e-01  5.4098e+02  9.6821e+00  1.0890e-01  9.3745e+01  6.1346e-01  8.9560e-02  1.2161e-01  1.4288e-01
1999.62708441  1.8231e-01  5.3234e+02  9.6065e+00  1.2074e-01  9.6563e+01  5.9566e-01  8.9641e-02  1.0956e-01  1.6859e-01
1999.62731471  1.0430e-01  5.5144e+02  9.6514e+00  1.3584e-01  8.5605e+01  6.3929e-01  1.0616e-01  1.4200e-01  1.7275e-01
1999.62754507  8.9468e-02  5.9614e+02  9.2829e+00  1.3710e-01  8.8441e+01  5.8926e-01  7.1587e-02  1.4033e-01  1.7982e-01
1999.62777537  1.3995e-01  6.5431e+02  9.9632e+00  1.2713e-01  8.3097e+01  6.0408e-01  6.2837e-02  1.6916e-01  1.4027e-01
1999.62800567  8.3848e-02  6.6710e+02  9.7988e+00  1.5426e-01  7.4556e+01  5.7709e-01  7.6603e-02  1.4317e-01  2.1115e-01
1999.62823603  5.6742e-02  6.8430e+02  9.4464e+00  1.7848e-01  7.6117e+01  6.1096e-01  8.0301e-02  2.0863e-01  1.8795e-01
1999.62846633  7.2559e-02  6.9116e+02  9.4565e+00  1.8208e-01  7.2228e+01  5.6612e-01  9.0017e-02  1.7111e-01  2.5899e-01
1999.62869666  6.2441e-02  6.9154e+02  9.4346e+00  2.0299e-01  7.4379e+01  5.9362e-01  9.4676e-02  1.9597e-01  2.4645e-01
1999.62892696  3.6759e-02  6.8391e+02  9.5461e+00  2.2566e-01  7.3863e+01  6.2319e-01  7.6584e-02  2.0141e-01  2.8517e-01
1999.62915729  5.8193e-02  6.9854e+02  9.4700e+00  1.8453e-01  7.3053e+01  6.5359e-01  8.7037e-02  2.4393e-01  2.2493e-01
1999.62938762  4.1473e-02  7.1117e+02  9.4842e+00  2.2137e-01  7.7017e+01  6.1444e-01  8.3401e-02  2.1382e-01  2.3434e-01
1999.62961792  4.6132e-02  7.1691e+02  9.3371e+00  1.9636e-01  7.7110e+01  6.6788e-01  6.3483e-02  2.4844e-01  2.6207e-01
1999.62984827  3.3096e-02  7.3276e+02  9.5336e+00  2.0458e-01  6.2921e+01  6.1367e-01  7.4015e-02  2.5266e-01  2.4944e-01
1999.63007858  3.0430e-02  7.3521e+02  9.1508e+00  2.4399e-01  6.3026e+01  6.4037e-01  7.8017e-02  2.0592e-01  2.8085e-01
1999.63030888  2.7646e-02  7.3490e+02  8.9425e+00  3.0258e-01  6.8216e+01  6.4081e-01  4.9353e-02  2.2412e-01  3.5595e-01
1999.63053923  3.0726e-02  7.2688e+02  9.0367e+00  2.4513e-01  6.7645e+01  6.8588e-01  5.3798e-02  1.7613e-01  3.2985e-01
1999.63076953  4.7740e-02  7.2068e+02  9.3601e+00  1.9193e-01  7.3775e+01  5.9446e-01  7.3640e-02  2.2258e-01  2.9017e-01
1999.63099986  5.3551e-02  7.2493e+02  9.1898e+00  1.6918e-01  8.3691e+01  6.5833e-01  6.4379e-02  2.3963e-01  2.4623e-01
1999.63123019  6.1901e-02  7.5275e+02  9.4743e+00  1.8305e-01  7.3239e+01  6.2057e-01  7.0267e-02  1.7917e-01  2.4380e-01
1999.63146052  6.7706e-02  7.9278e+02  9.7100e+00  1.6161e-01  7.2983e+01  6.9958e-01  8.6126e-02  2.3502e-01  2.1922e-01
1999.63169082  3.2704e-02  7.8686e+02  9.5727e+00  1.4372e-01  7.4397e+01  6.3224e-01  6.8321e-02  1.8977e-01  2.4255e-01
1999.63192118  3.6804e-02  7.8112e+02  9.7063e+00  1.2074e-01  8.7191e+01  6.5027e-01  7.3123e-02  1.8559e-01  2.5496e-01
1999.63215148  8.6981e-02  7.5508e+02  9.6784e+00  1.1102e-01  1.0307e+02  6.0945e-01  1.0638e-01  1.4972e-01  1.8441e-01
1999.63238181  1.0652e-01  7.3916e+02  9.3612e+00  1.2195e-01  1.0095e+02  6.6548e-01  1.1003e-01  1.4913e-01  1.5631e-01
1999.63261214  1.2853e-01  7.0395e+02  9.4326e+00  1.2044e-01  1.0326e+02  6.4472e-01  1.0144e-01  1.7261e-01  1.5468e-01
1999.63284247  1.2102e-01  6.7240e+02  9.3778e+00  1.2913e-01  9.6613e+01  6.2799e-01  1.0220e-01  1.1610e-01  1.8046e-01
1999.63307277  1.2943e-01  6.5603e+02  9.2859e+00  1.5418e-01  8.6533e+01  6.3043e-01  6.9958e-02  1.8319e-01  1.9955e-01
1999.63330312  8.7144e-02  6.8892e+02  9.6892e+00  1.4776e-01  9.3794e+01  5.9928e-01  7.6117e-02  1.7415e-01  1.8910e-01
1999.63353342  9.2912e-02  6.7754e+02  9.4960e+00  1.5682e-01  8.8597e+01  6.2221e-01  5.6481e-02  2.3600e-01  2.3474e-01
1999.63376375  7.8633e-02  6.6014e+02  9.4342e+00  1.6660e-01  8.4946e+01  6.4314e-01  7.8405e-02  2.0084e-01  2.1924e-01
1999.63399408  7.8767e-02  6.4476e+02  9.4751e+00  1.8934e-01  6.9842e+01  6.2786e-01  7.9055e-02  1.9488e-01  2.4966e-01
1999.63422441  8.4053e-02  6.7042e+02  9.7222e+00  2.1414e-01  7.5340e+01  6.3043e-01  8.0699e-02  2.1775e-01  2.3403e-01
1999.63445471  9.5471e-02  6.6169e+02  9.5212e+00  1.9497e-01  6.8142e+01  5.9794e-01  7.3269e-02  2.2847e-01  2.3536e-01
1999.63468507  8.8165e-02  6.4365e+02  9.5253e+00  2.0189e-01  7.8176e+01  6.1052e-01  8.8704e-02  2.8965e-01  2.1445e-01
1999.63491540  1.0839e-01  6.1960e+02  9.7864e+00  1.8273e-01  8.4635e+01  6.0874e-01  7.0547e-02  2.2040e-01  2.3536e-01
1999.63514570  9.2892e-02  6.2364e+02  9.6213e+00  2.4995e-01  7.9112e+01  6.2011e-01  7.5937e-02  2.3806e-01  2.4813e-01
1999.63537605  5.7585e-02  6.4657e+02  9.7731e+00  2.5147e-01  7.9451e+01  6.2963e-01  9.0627e-02  2.5144e-01  2.8671e-01
1999.63560636  2.6065e-02  6.2684e+02  9.8870e+00  1.6851e-01  1.0662e+02  6.3549e-01  7.1057e-02  2.0134e-01  2.0185e-01
1999.63583668  2.9443e-02  6.0869e+02  1.0003e+01  1.6315e-01  1.0228e+02  6.3371e-01  1.0115e-01  2.3638e-01  2.2924e-01
1999.63606704  3.1409e-02  5.7977e+02  9.9195e+00  1.4668e-01  1.0587e+02  6.8466e-01  1.0362e-01  2.2939e-01  1.6881e-01
1999.63629734  3.4690e-02  5.9234e+02  1.0017e+01  1.1682e-01  1.0254e+02  6.6562e-01  1.1348e-01  2.8754e-01  2.1187e-01
1999.63652767  4.9756e-02  5.8453e+02  1.0232e+01  1.0409e-01  8.2475e+01  5.4756e-01  1.0168e-01  2.0884e-01  2.3432e-01
1999.63675803  4.9741e-02  5.6852e+02  1.0029e+01  1.1631e-01  9.1697e+01  6.4146e-01  1.0807e-01  2.2784e-01  1.9649e-01
1999.63698833  6.7825e-02  5.3293e+02  1.0053e+01  1.8512e-01  9.3720e+01  6.2697e-01  6.7871e-02  2.6182e-01  1.9340e-01
1999.63721866  5.5244e-02  5.3050e+02  9.8836e+00  2.1305e-01  8.6704e+01  6.3286e-01  8.6609e-02  2.3822e-01  2.7328e-01
1999.63744901  3.7328e-02  5.2717e+02  9.8929e+00  2.0999e-01  7.9123e+01  5.4571e-01  1.0388e-01  2.4720e-01  2.6881e-01
1999.63767932  3.6447e-02  5.0242e+02  9.6892e+00  2.8103e-01  6.9036e+01  5.3917e-01  1.0140e-01  2.3140e-01  3.1270e-01
1999.63790967  4.6599e-02  4.8322e+02  9.8857e+00  1.9801e-01  9.0661e+01  5.6865e-01  1.1812e-01  2.6275e-01  2.6810e-01
1999.63814000  5.6245e-02  4.7500e+02  9.9727e+00  2.0210e-01  9.8506e+01  5.9009e-01  1.2292e-01  2.6211e-01  2.7667e-01
1999.63837030  4.1129e-02  4.7135e+02  9.8393e+00  1.8951e-01  8.5483e+01  6.0009e-01  8.8276e-02  2.4965e-01  2.1017e-01
1999.63860066  3.8678e-02  4.5898e+02  1.0198e+01  1.4652e-01  1.0047e+02  6.0582e-01  1.0149e-01  1.6464e-01  2.2296e-01
1999.63883099  3.4226e-02  4.5523e+02  1.1499e+01  1.2354e-01  1.1041e+02  6.9095e-01  6.4799e-02  2.5830e-01  1.4334e-01
1999.63906132  5.3062e-02  4.3023e+02  1.2934e+01  2.6405e-01  1.2184e+02  7.0091e-01  1.6767e-01  1.5705e-01  2.1893e-01
1999.63929164  3.7595e-02  4.0846e+02  1.3928e+01  1.2955e-01  1.0627e+02  7.5070e-01  1.6373e-01  2.3680e-01  2.2722e-01
1999.63952197  4.1943e-02  4.1843e+02  1.3840e+01  2.0188e-01  1.0851e+02  6.4880e-01  1.4758e-01  2.9795e-01  2.6424e-01
1999.63975230  5.3076e-02  4.1835e+02  1.2610e+01  1.7864e-01  1.0367e+02  5.4056e-01  1.7423e-01  3.3888e-01  2.6854e-01
1999.63998266  3.7499e-02  4.2048e+02  1.0761e+01  2.2065e-01  4.7082e+01  3.9786e-01  1.0780e-01  1.7037e-01  2.3844e-01
1999.64021296  4.2176e-02  4.0289e+02  1.0707e+01  2.9715e-01  5.3668e+01  4.8918e-01  1.2418e-01  2.2818e-01  2.0427e-01
1999.64044332  6.2081e-02  3.9176e+02  1.1129e+01  1.9539e-01  6.1163e+01  4.9609e-01  8.5842e-02  2.5789e-01  1.4683e-01
1999.64067364  5.4296e-02  3.9327e+02  1.0337e+01  1.9323e-01  4.6482e+01  3.9937e-01  1.2263e-01  2.0253e-01  1.7033e-01
1999.64090397  8.4851e-02  4.2721e+02  9.5619e+00  3.1043e-01  8.3484e+01  5.7147e-01  9.4143e-02  2.3257e-01  2.1414e-01
1999.64113433  6.2363e-02  4.2089e+02  9.4290e+00  3.4163e-01  6.6481e+01  5.2092e-01  1.3109e-01  2.2361e-01  2.4366e-01
1999.64136466  8.1093e-02  4.0763e+02  9.6943e+00  2.8381e-01  8.4773e+01  4.7169e-01  1.1411e-01  1.8688e-01  2.1162e-01
1999.64159496  1.2013e-01  3.9711e+02  9.8907e+00  3.2913e-01  1.0022e+02  4.6780e-01  1.5631e-01  2.3816e-01  2.8376e-01
1999.64182532  1.0913e-01  4.0285e+02  1.0908e+01  4.3005e-01  6.5316e+01  3.4435e-01  2.0474e-01  2.5209e-01  2.4204e-01
1999.64205564  1.8754e-01  3.9295e+02  1.1292e+01  2.8464e-01  8.0143e+01  3.5331e-01  1.8720e-01  2.4391e-01  2.0060e-01
1999.64228600  2.5517e-01  4.1043e+02  1.1144e+01  4.1452e-01  1.0807e+02  3.8803e-01  1.6962e-01  3.1549e-01  2.6313e-01
1999.64251633  7.6351e-01  4.2262e+02  1.0773e+01  2.5604e-01  1.7277e+02  6.4508e-01  1.2591e-01  2.5100e-01  2.5567e-01
1999.64274666  7.8995e-01  4.3792e+02  1.0815e+01  1.9162e-01  1.6728e+02  8.1799e-01  1.1222e-01  2.3010e-01  2.5474e-01
1999.64297701  4.7290e-01  4.5780e+02  1.0782e+01  7.5924e-02  1.4614e+02  7.6129e-01  1.1602e-01  1.8044e-01  2.0528e-01
1999.64320734  2.8419e-01  4.6739e+02  9.7665e+00  1.1660e-01  1.2487e+02  7.0341e-01  9.7503e-02  2.1211e-01  1.7943e-01
1999.64343770  2.1202e-01  4.5279e+02  9.5926e+00  1.6670e-01  9.3719e+01  6.4503e-01  6.4629e-02  1.8038e-01  2.3450e-01
1999.64366800  3.3890e-01  4.6833e+02  9.5450e+00  1.7389e-01  9.5628e+01  6.2945e-01  7.1361e-02  1.9544e-01  2.0936e-01
1999.64389833  3.2891e-01  4.6974e+02  9.6295e+00  1.6745e-01  8.9127e+01  5.8317e-01  5.8700e-02  2.0260e-01  2.3615e-01
1999.64412868  2.7109e-01  4.6415e+02  9.5410e+00  2.0348e-01  9.7766e+01  5.8891e-01  6.7607e-02  2.0581e-01  2.2175e-01
1999.64435901  3.7153e-01  4.5591e+02  9.5950e+00  1.8680e-01  1.1087e+02  6.4809e-01  7.9206e-02  2.0550e-01  1.9015e-01
1999.64458937  7.0670e-01  4.5136e+02  9.6219e+00  1.8443e-01  1.0793e+02  6.2890e-01  7.7861e-02  1.8496e-01  2.0796e-01
1999.64481970  7.5246e-01  4.7273e+02  9.4894e+00  1.8144e-01  1.0448e+02  6.7726e-01  6.5905e-02  1.9947e-01  2.1043e-01
1999.64505003  3.5982e-01  4.7544e+02  9.3682e+00  1.8648e-01  9.7036e+01  6.1991e-01  6.4450e-02  1.7265e-01  2.1385e-01
1999.64528038  1.5894e-01  4.9030e+02  9.6698e+00  1.6524e-01  9.8680e+01  6.0823e-01  7.7616e-02  1.5031e-01  1.8213e-01
1999.64551071  3.9887e-01  5.1422e+02  1.1503e+01  1.1826e-01  9.7548e+01  5.8730e-01  1.0447e-01  1.3545e-01  1.5342e-01
1999.64574107  3.1253e-01  5.3965e+02  1.1166e+01  1.1655e-01  9.6212e+01  5.6435e-01  1.0067e-01  1.1604e-01  1.4066e-01
1999.64597140  2.6598e-01  5.4813e+02  1.0573e+01  1.1741e-01  9.7387e+01  5.7601e-01  1.0900e-01  1.3597e-01  1.4120e-01
1999.64620173  2.4327e-01  5.3991e+02  1.0471e+01  1.2079e-01  1.0298e+02  6.3815e-01  1.0428e-01  1.2914e-01  1.2956e-01
1999.64643208  2.9094e-01  5.4894e+02  1.0879e+01  1.2781e-01  8.3738e+01  5.6906e-01  1.0508e-01  1.0741e-01  1.4277e-01
1999.64666241  1.9452e-01  5.7535e+02  1.0374e+01  1.3481e-01  8.3450e+01  5.8955e-01  9.5403e-02  1.2778e-01  1.6642e-01
1999.64689277  1.7116e-01  5.9891e+02  9.7886e+00  1.1732e-01  6.4876e+01  5.7597e-01  8.3322e-02  1.5601e-01  1.9636e-01
1999.64712310  8.5982e-02  6.0548e+02  9.7876e+00  1.1466e-01  5.8717e+01  5.9558e-01  7.6755e-02  1.7164e-01  1.9293e-01
1999.64735342  7.2879e-02  5.9431e+02  9.6079e+00  1.3421e-01  5.9576e+01  5.9110e-01  9.0647e-02  1.4326e-01  2.1020e-01
1999.64758381  5.9980e-02  5.9168e+02  9.5139e+00  1.4277e-01  5.6932e+01  5.8039e-01  9.5282e-02  1.6965e-01  1.9812e-01
1999.64781414  4.9583e-02  5.7476e+02  9.8510e+00  1.5910e-01  6.5463e+01  6.1624e-01  8.5454e-02  1.9561e-01  2.0667e-01
1999.64804449  6.4147e-02  5.5792e+02  9.6264e+00  1.8839e-01  6.5113e+01  6.5023e-01  5.9602e-02  1.7548e-01  2.4738e-01
1999.64827482  6.0797e-02  5.4615e+02  9.2111e+00  1.6468e-01  7.5163e+01  6.2454e-01  1.0962e-01  1.7300e-01  2.6308e-01
1999.64850518  4.8659e-02  5.2616e+02  9.3914e+00  1.9205e-01  7.4456e+01  6.9094e-01  9.4672e-02  2.4642e-01  2.0953e-01
1999.64873551  5.7427e-02  5.2396e+02  9.2476e+00  1.5791e-01  8.6991e+01  6.3804e-01  8.6075e-02  2.0969e-01  1.8582e-01
1999.64896584  4.1085e-02  5.0847e+02  1.0014e+01  7.1340e-02  1.3999e+02  8.9090e-01  1.0051e-01  2.8182e-01  1.4850e-01
1999.64919619  7.1523e-02  5.0468e+02  9.1445e+00  1.2671e-01  9.2218e+01  7.0662e-01  8.6395e-02  1.6023e-01  1.5230e-01
1999.64942655  7.8298e-02  5.0773e+02  9.0915e+00  1.2574e-01  9.0373e+01  6.6897e-01  9.9444e-02  2.0775e-01  1.6622e-01
1999.64965690  1.2265e-01  4.9458e+02  9.2333e+00  1.4673e-01  9.0863e+01  6.9023e-01  1.0153e-01  1.2961e-01  1.8373e-01
1999.64988723  1.1360e-01  5.1520e+02  9.1808e+00  1.0531e-01  8.6864e+01  6.0103e-01  8.8453e-02  1.5409e-01  1.6125e-01
1999.65011759  1.0989e-01  5.3946e+02  9.0005e+00  9.1873e-02  1.0197e+02  6.8294e-01  8.7708e-02  1.3455e-01  1.8656e-01
1999.65034792  1.2255e-01  5.4528e+02  9.2350e+00  7.4597e-02  9.4396e+01  6.1099e-01  7.8219e-02  1.6303e-01  1.5451e-01
1999.65057830  1.0925e-01  5.6499e+02  9.2132e+00  6.6744e-02  8.2478e+01  6.1932e-01  9.0011e-02  1.5303e-01  1.7037e-01
1999.65080863  9.1758e-02  5.5638e+02  9.3525e+00  6.8160e-02  8.6197e+01  6.4346e-01  9.1087e-02  1.5325e-01  1.4168e-01
1999.65103896  4.3501e-02  5.6134e+02  9.5996e+00  8.1931e-02  8.7679e+01  6.3020e-01  1.0910e-01  1.3058e-01  1.7454e-01
1999.65126932  1.7977e-02  6.4745e+02  9.0221e+00  2.9128e-01  5.1428e+01  4.7360e-01  9.7242e-02  2.3238e-01  2.7361e-01
1999.65149964  1.1959e-02  7.2364e+02  9.3928e+00  1.5316e-01  4.6189e+01  5.0213e-01  8.4528e-02  1.7596e-01  2.7011e-01
1999.65173003  2.0773e-02  7.2931e+02  1.0207e+01  6.3463e-02  6.0359e+01  6.0683e-01  8.0889e-02  2.1451e-01  2.5719e-01
1999.65196036  3.2041e-02  7.2103e+02  9.7419e+00  4.0027e-02  8.1535e+01  6.6763e-01  1.3563e-01  2.6766e-01  2.1057e-01
1999.65219071  2.9632e-02  6.9284e+02  9.6582e+00  8.6509e-02  9.2063e+01  7.1542e-01  8.9445e-02  2.4467e-01  2.1678e-01
1999.65242107  2.6943e-02  7.0123e+02  9.2418e+00  1.4785e-01  8.5088e+01  6.3050e-01  1.2036e-01  2.3613e-01  2.0959e-01
1999.65265142  2.5121e-02  6.8975e+02  9.3809e+00  7.5507e-02  8.7141e+01  6.3768e-01  1.0466e-01  1.7127e-01  1.7895e-01
1999.65288175  2.4371e-02  6.5200e+02  9.6467e+00  8.6176e-02  8.8479e+01  6.5258e-01  1.0047e-01  2.0582e-01  1.9162e-01
1999.65311208  3.5944e-02  6.3770e+02  8.9580e+00  9.0946e-02  1.0164e+02  6.4203e-01  8.2317e-02  2.2496e-01  2.0216e-01
1999.65334247  5.5981e-02  6.4442e+02  9.1339e+00  1.5627e-01  9.1568e+01  6.2940e-01  8.1601e-02  2.4340e-01  2.2780e-01
1999.65357279  4.7006e-02  6.4748e+02  8.9392e+00  2.2100e-01  8.4609e+01  5.9998e-01  8.6137e-02  1.9275e-01  3.1740e-01
1999.65380315  4.1643e-02  6.5730e+02  8.8735e+00  2.5033e-01  6.9484e+01  6.4864e-01  1.0458e-01  2.1760e-01  3.3120e-01
1999.65403351  3.8285e-02  6.5709e+02  9.0832e+00  1.3455e-01  6.6809e+01  5.8459e-01  8.4373e-02  2.0667e-01  3.1791e-01
1999.65426386  5.0837e-02  6.5948e+02  9.1591e+00  1.1950e-01  7.5987e+01  6.5499e-01  7.6924e-02  2.4407e-01  2.4746e-01
1999.65449422  4.1810e-02  6.5720e+02  9.1201e+00  7.3210e-02  7.0823e+01  5.9803e-01  6.4113e-02  1.5272e-01  2.5949e-01
1999.65472458  3.7875e-02  6.5719e+02  9.5241e+00  6.9297e-02  8.3927e+01  6.7072e-01  6.9041e-02  1.7844e-01  2.2828e-01
1999.65495490  5.3003e-02  6.5806e+02  9.1465e+00  8.8355e-02  8.2276e+01  6.0264e-01  6.8034e-02  2.0355e-01  2.1878e-01
1999.65518529  4.1655e-02  6.5499e+02  9.6894e+00  9.7824e-02  8.3321e+01  6.1520e-01  6.5433e-02  2.2168e-01  2.8841e-01
1999.65541562  4.0197e-02  6.6016e+02  9.1638e+00  1.4198e-01  7.9787e+01  6.8889e-01  7.7342e-02  2.3451e-01  3.0639e-01
1999.65564600  3.5042e-02  6.6137e+02  8.9704e+00  1.4816e-01  7.1944e+01  6.4027e-01  8.0535e-02  2.1535e-01  2.7916e-01
1999.65587633  2.6645e-02  6.6935e+02  9.1613e+00  1.1358e-01  7.5745e+01  6.2640e-01  7.1357e-02  2.4071e-01  3.3046e-01
1999.65610668  3.4317e-02  6.8207e+02  9.1495e+00  1.1889e-01  6.4316e+01  5.6208e-01  7.0986e-02  2.3943e-01  2.0814e-01
1999.65633704  3.3018e-02  6.8584e+02  9.0284e+00  1.0829e-01  6.6260e+01  5.7967e-01  8.1744e-02  2.5636e-01  2.1575e-01
1999.65656737  4.0346e-02  6.8058e+02  9.2563e+00  1.0396e-01  6.9039e+01  6.6105e-01  6.0584e-02  2.4345e-01  3.1032e-01
1999.65679775  2.8683e-02  6.6883e+02  1.0252e+01  5.7677e-02  7.9538e+01  6.5062e-01  8.7321e-02  2.2545e-01  2.1337e-01
1999.65702808  3.9946e-02  6.7207e+02  9.8986e+00  7.7753e-02  6.9237e+01  6.0349e-01  8.6521e-02  2.0403e-01  2.5592e-01
1999.65725847  2.9630e-02  6.5444e+02  9.5409e+00  8.9544e-02  7.7092e+01  5.7489e-01  7.5888e-02  1.7133e-01  2.3991e-01
1999.65748879  4.3509e-02  6.4701e+02  9.5500e+00  1.3888e-01  7.7420e+01  6.5047e-01  9.4881e-02  2.5724e-01  2.5551e-01
1999.65771918  3.6407e-02  6.4370e+02  9.2442e+00  1.5820e-01  7.8935e+01  7.0520e-01  1.1674e-01  2.4643e-01  3.1715e-01
1999.65794951  3.5785e-02  6.3807e+02  9.2313e+00  1.8751e-01  8.2517e+01  6.7874e-01  1.0613e-01  2.6055e-01  2.5493e-01
1999.65817989  2.8349e-02  6.2170e+02  9.2142e+00  1.6368e-01  8.3521e+01  7.1468e-01  1.1291e-01  2.7928e-01  2.5706e-01
1999.65841022  1.7448e-02  6.0515e+02  9.4652e+00  1.5854e-01  9.6958e+01  8.0038e-01  1.3320e-01  3.4109e-01  2.5906e-01
1999.65864060  3.2493e-02  6.0906e+02  9.1803e+00  1.9840e-01  8.3672e+01  6.1533e-01  1.0586e-01  2.1489e-01  2.4352e-01
1999.65887093  7.3509e-02  6.0181e+02  9.0364e+00  1.8380e-01  8.7397e+01  7.1333e-01  7.6148e-02  2.4715e-01  2.7690e-01
1999.65910132  7.5037e-02  5.8419e+02  9.3534e+00  2.2322e-01  8.5083e+01  6.5747e-01  7.4192e-02  2.5569e-01  2.6322e-01
1999.65933167  6.7575e-02  5.7043e+02  9.7929e+00  2.4292e-01  8.5043e+01  5.9431e-01  9.1746e-02  2.4898e-01  2.7933e-01
1999.65956203  6.6693e-02  5.4508e+02  1.0013e+01  2.4972e-01  9.9221e+01  5.4223e-01  9.5753e-02  1.9863e-01  2.8434e-01
1999.65979238  5.3755e-02  5.3912e+02  9.7988e+00  2.3711e-01  1.0628e+02  6.6094e-01  1.0768e-01  2.4885e-01  2.5934e-01
1999.66002274  7.7277e-02  5.5162e+02  9.5433e+00  2.6161e-01  8.4666e+01  5.9564e-01  9.7284e-02  2.3525e-01  2.7214e-01
1999.66025310  1.0679e-01  5.5223e+02  9.8199e+00  3.0453e-01  8.0641e+01  6.2343e-01  9.1554e-02  2.6200e-01  2.8967e-01
1999.66048348  1.4069e-01  5.4306e+02  1.0190e+01  2.5834e-01  1.0435e+02  6.4262e-01  1.0560e-01  2.1262e-01  2.4409e-01
1999.66071381  1.5636e-01  5.2776e+02  1.0408e+01  2.4111e-01  9.5966e+01  6.1867e-01  1.0775e-01  2.5022e-01  2.3780e-01
1999.66094419  1.8781e-01  5.2096e+02  1.0657e+01  1.7236e-01  5.5168e+01  4.0107e-01  1.1784e-01  2.5381e-01  2.1914e-01
1999.66117452  1.5688e-01  5.1198e+02  1.0669e+01  2.2213e-01  3.7087e+01  3.3221e-01  1.1783e-01  2.9405e-01  2.7395e-01
1999.66140490  1.5992e-01  4.9879e+02  1.0338e+01  2.2438e-01  2.2385e+01  2.7854e-01  1.1230e-01  2.2491e-01  2.8126e-01
1999.66163526  1.5555e-01  5.0155e+02  1.0231e+01  2.8774e-01  1.2030e+02  6.6828e-01  1.2788e-01  2.0880e-01  2.5608e-01
1999.66186562  8.7242e-02  5.1902e+02  1.0608e+01  2.7795e-01  6.3605e+01  5.5266e-01  1.0104e-01  1.9890e-01  1.9756e-01
1999.66209597  4.3767e-02  5.3150e+02  1.1201e+01  1.4231e-01  7.6472e+01  5.7286e-01  1.0935e-01  1.3807e-01  2.0793e-01
1999.66232627  5.5371e-02  5.5115e+02  1.1600e+01  1.0559e-01  9.7139e+01  6.6302e-01  1.3841e-01  1.8355e-01  1.2859e-01
1999.66255658  1.5639e-01  5.3871e+02  1.1570e+01  9.0220e-02  1.0196e+02  6.5204e-01  1.3701e-01  1.4680e-01  1.2229e-01
1999.66278688  3.3889e-01  5.5383e+02  1.1264e+01  9.5354e-02  1.1348e+02  6.1472e-01  1.2856e-01  1.3544e-01  1.4742e-01
1999.66301718  3.2571e-01  5.7238e+02  1.0978e+01  8.7082e-02  1.1672e+02  6.8648e-01  1.3678e-01  1.2613e-01  1.4332e-01
1999.66324753  3.7212e-01  5.8603e+02  1.0570e+01  1.0153e-01  1.0790e+02  6.1466e-01  1.0033e-01  1.2526e-01  1.4044e-01
1999.66347784  3.5788e-01  5.9715e+02  1.0467e+01  1.0952e-01  1.0608e+02  6.2425e-01  1.0308e-01  1.4353e-01  1.4771e-01
1999.66370814  2.6499e-01  5.8297e+02  1.0308e+01  1.1578e-01  1.1292e+02  6.8061e-01  1.2461e-01  1.5209e-01  1.5918e-01
1999.66393844  2.7805e-01  5.5998e+02  1.0700e+01  1.1728e-01  1.1257e+02  6.5187e-01  1.1115e-01  1.6269e-01  1.4560e-01
1999.66416877  3.4426e-01  5.4677e+02  1.0677e+01  1.0736e-01  1.1503e+02  6.4055e-01  9.7249e-02  1.3880e-01  1.5770e-01
1999.66439910  3.6731e-01  5.4159e+02  1.0798e+01  1.0982e-01  1.2180e+02  6.6277e-01  1.0151e-01  1.6594e-01  1.4345e-01
1999.66462940  4.0807e-01  5.6132e+02  1.0185e+01  9.3343e-02  1.2916e+02  6.4536e-01  1.0206e-01  1.4448e-01  1.5526e-01
1999.66485973  3.8618e-01  5.9645e+02  1.0626e+01  8.2705e-02  1.1005e+02  6.1700e-01  1.1369e-01  1.2548e-01  1.1491e-01
1999.66509003  3.3897e-01  5.9022e+02  1.0955e+01  8.0184e-02  1.0304e+02  6.3427e-01  1.2109e-01  1.0379e-01  1.0619e-01
1999.66532033  2.6475e-01  5.8667e+02  1.1205e+01  7.1133e-02  1.1009e+02  6.5061e-01  1.2674e-01  1.1343e-01  1.1386e-01
1999.66555063  2.4004e-01  5.7541e+02  1.1021e+01  6.4491e-02  1.1107e+02  6.2934e-01  1.1654e-01  9.5542e-02  1.1007e-01
1999.66578099  2.1830e-01  5.7338e+02  1.0882e+01  7.6104e-02  1.0634e+02  6.3946e-01  1.3238e-01  1.0443e-01  1.1867e-01
1999.66601129  1.3396e-01  5.8033e+02  9.7399e+00  1.0734e-01  9.0591e+01  5.8523e-01  1.1085e-01  1.1482e-01  1.5867e-01
1999.66624159  1.4342e-01  5.8614e+02  9.6352e+00  1.3266e-01  9.7315e+01  6.3078e-01  9.1784e-02  1.3064e-01  1.8471e-01
1999.66647192  1.4830e-01  5.8400e+02  9.8730e+00  1.0479e-01  8.7743e+01  5.8243e-01  8.9531e-02  1.1608e-01  1.5100e-01
1999.66670225  1.4732e-01  5.7617e+02  9.9488e+00  9.0777e-02  1.0201e+02  6.1336e-01  9.0133e-02  1.4108e-01  1.6108e-01
1999.66693255  1.5209e-01  5.6937e+02  1.0142e+01  9.9480e-02  9.9133e+01  5.8241e-01  9.3377e-02  1.2236e-01  1.5974e-01
1999.66716285  1.5839e-01  5.6122e+02  1.0024e+01  8.8141e-02  1.0676e+02  6.7879e-01  9.0695e-02  1.6123e-01  1.6393e-01
1999.66735159 -9.9999e+03 -9.9999e+03 -9.9999e+03 -9.9999e+03 -9.9999e+03 -9.9999e+03 -9.9999e+03 -9.9999e+03 -9.9999e+03
1999.66757992 -9.9999e+03 -9.9999e+03 -9.9999e+03 -9.9999e+03 -9.9999e+03 -9.9999e+03 -9.9999e+03 -9.9999e+03 -9.9999e+03
1999.66780822 -9.9999e+03 -9.9999e+03 -9.9999e+03 -9.9999e+03 -9.9999e+03 -9.9999e+03 -9.9999e+03 -9.9999e+03 -9.9999e+03
1999.66803652 -9.9999e+03 -9.9999e+03 -9.9999e+03 -9.9999e+03 -9.9999e+03 -9.9999e+03 -9.9999e+03 -9.9999e+03 -9.9999e+03
1999.66826485 -9.9999e+03 -9.9999e+03 -9.9999e+03 -9.9999e+03 -9.9999e+03 -9.9999e+03 -9.9999e+03 -9.9999e+03 -9.9999e+03
1999.66847567  1.7321e-01  4.7320e+02  1.0513e+01  1.4986e-01  1.1431e+02  6.3656e-01  1.0434e-01  2.0431e-01  2.0059e-01
1999.66870600  1.8385e-01  4.5857e+02  1.0608e+01  1.3182e-01  1.0718e+02  5.6198e-01  1.0544e-01  1.7665e-01  1.7915e-01
1999.66893633  1.6493e-01  4.5684e+02  1.0343e+01  1.2743e-01  1.1724e+02  6.7736e-01  1.3101e-01  1.7615e-01  1.9811e-01
1999.66916663  1.4638e-01  4.4920e+02  1.0467e+01  1.2695e-01  1.2326e+02  6.6766e-01  1.1295e-01  1.9559e-01  1.7990e-01
1999.66939693  1.3396e-01  4.5103e+02  1.0142e+01  1.5126e-01  1.4410e+02  7.9074e-01  1.2091e-01  2.0597e-01  2.0409e-01
1999.66962729  1.0500e-01  4.7204e+02  1.0931e+01  7.5158e-02  1.4223e+02  7.8496e-01  1.1890e-01  1.7284e-01  1.3455e-01
1999.66985759  1.1187e-01  4.7698e+02  1.0907e+01  1.0393e-01  1.3740e+02  7.4408e-01  1.4801e-01  2.0619e-01  1.3764e-01
1999.67008789  1.5027e-01  4.5026e+02  1.0335e+01  1.0927e-01  1.3059e+02  7.5402e-01  1.4797e-01  2.0979e-01  1.9100e-01
1999.67031825  2.1847e-01  4.4437e+02  9.9058e+00  1.8212e-01  1.0598e+02  5.6427e-01  1.0487e-01  1.8446e-01  1.9871e-01
1999.67054855  2.2788e-01  4.5145e+02  9.8130e+00  1.8195e-01  1.1701e+02  6.3242e-01  1.1769e-01  1.7318e-01  2.1933e-01
1999.67077888  2.2142e-01  4.4965e+02  1.0068e+01  1.5856e-01  1.2718e+02  7.0666e-01  1.0849e-01  2.1205e-01  2.1541e-01
1999.67100921  2.3577e-01  4.5009e+02  1.0256e+01  1.4716e-01  1.3040e+02  6.7080e-01  1.0375e-01  1.7108e-01  2.2848e-01
1999.67123951  1.7593e-01  4.7625e+02  1.0481e+01  1.5442e-01  1.0353e+02  5.6265e-01  9.7260e-02  1.3250e-01  1.5570e-01
1999.67146984  1.8432e-01  4.7649e+02  1.0185e+01  1.7181e-01  9.2366e+01  5.8115e-01  1.0996e-01  1.2345e-01  1.7412e-01
1999.67170016  1.9701e-01  4.6059e+02  1.0338e+01  1.2855e-01  9.6811e+01  5.7999e-01  1.1658e-01  1.0176e-01  1.4722e-01
1999.67193049  3.9841e-01  4.5104e+02  1.0842e+01  1.0101e-01  1.0997e+02  6.2921e-01  1.1510e-01  1.1463e-01  1.1963e-01
1999.67216079  4.8466e-01  4.5734e+02  1.1089e+01  1.0324e-01  9.8015e+01  5.8269e-01  1.2064e-01  1.0436e-01  1.3212e-01
1999.67239115  4.8997e-01  4.5460e+02  1.0898e+01  9.8745e-02  1.0699e+02  6.3533e-01  1.1362e-01  1.1182e-01  1.1778e-01
1999.67262145  3.5459e-01  4.6217e+02  1.1134e+01  9.3036e-02  1.0523e+02  6.0840e-01  1.0175e-01  1.1656e-01  1.2332e-01
1999.67285178  2.3403e-01  4.7265e+02  1.0883e+01  9.0601e-02  9.4030e+01  6.1308e-01  9.6992e-02  1.2703e-01  1.0784e-01
1999.67308211  1.6282e-01  4.8643e+02  1.0348e+01  1.2889e-01  8.7180e+01  5.6310e-01  1.1368e-01  1.3089e-01  1.4422e-01
1999.67331244  1.1017e-01  5.1188e+02  1.0076e+01  1.3194e-01  7.8959e+01  5.4961e-01  8.9815e-02  1.2611e-01  1.5758e-01
1999.67354274  1.4910e-01  5.4051e+02  9.7423e+00  1.6512e-01  7.5313e+01  5.7045e-01  8.5899e-02  1.2728e-01  1.9565e-01
1999.67377310  1.7226e-01  5.2680e+02  9.6592e+00  1.8648e-01  7.8962e+01  5.8120e-01  8.0702e-02  1.4404e-01  2.1435e-01
1999.67400340  1.9987e-01  5.1369e+02  9.8654e+00  1.5210e-01  7.5867e+01  5.2992e-01  8.9906e-02  1.3252e-01  1.7226e-01
1999.67423373  1.4491e-01  4.9681e+02  9.8840e+00  1.6036e-01  8.6313e+01  6.1112e-01  1.1098e-01  1.4107e-01  1.7139e-01
1999.67446408  1.9608e-01  5.0304e+02  9.6095e+00  2.0697e-01  7.6023e+01  5.8662e-01  7.3158e-02  1.5998e-01  2.1053e-01
1999.67469438  1.6083e-01  5.0769e+02  9.2744e+00  1.7134e-01  7.6318e+01  5.9138e-01  7.0340e-02  1.6783e-01  2.0616e-01
1999.67492471  1.5482e-01  5.1515e+02  9.4613e+00  1.4233e-01  7.7948e+01  6.1739e-01  7.1191e-02  1.5414e-01  1.7884e-01
1999.67515504  1.4506e-01  5.2304e+02  9.3175e+00  1.4940e-01  8.3216e+01  6.2908e-01  7.7687e-02  1.3087e-01  2.1256e-01
1999.67538537  1.2779e-01  5.2956e+02  8.8766e+00  1.5749e-01  8.2660e+01  6.3990e-01  6.8175e-02  1.4875e-01  1.8454e-01
1999.67561570  1.8667e-01  5.1650e+02  9.0771e+00  1.3883e-01  9.0559e+01  6.2791e-01  6.6021e-02  1.4839e-01  2.0073e-01
1999.67584603  1.5685e-01  5.1149e+02  9.2308e+00  1.2893e-01  9.4829e+01  5.7850e-01  5.7213e-02  1.8435e-01  1.5240e-01
1999.67607636  1.5251e-01  5.0444e+02  9.0700e+00  1.2902e-01  1.0200e+02  6.0813e-01  6.3142e-02  1.8302e-01  2.0794e-01
1999.67630666  1.4979e-01  4.9664e+02  8.9523e+00  1.2338e-01  1.0290e+02  6.3376e-01  8.2565e-02  1.4294e-01  1.9007e-01
1999.67653701  1.3381e-01  4.9092e+02  9.0739e+00  1.2920e-01  1.0174e+02  5.7873e-01  8.1597e-02  1.8507e-01  1.9557e-01
1999.67676734  1.3636e-01  4.9366e+02  9.2453e+00  1.2370e-01  1.0299e+02  6.2231e-01  6.0937e-02  1.6606e-01  2.2270e-01
1999.67699764  1.7286e-01  4.9017e+02  9.4718e+00  1.2071e-01  1.0821e+02  6.1827e-01  8.8018e-02  1.9292e-01  1.9786e-01
1999.67722800  1.9520e-01  4.8159e+02  9.7742e+00  1.6749e-01  1.0530e+02  6.2892e-01  7.1892e-02  1.9853e-01  2.2718e-01
1999.67745833  2.0864e-01  4.5303e+02  9.8234e+00  2.7286e-01  9.0772e+01  5.7225e-01  9.5694e-02  2.0974e-01  2.7523e-01
1999.67768868  1.6383e-01  4.1556e+02  9.8770e+00  3.4186e-01  8.8877e+01  5.9054e-01  9.4296e-02  1.9168e-01  2.7965e-01
1999.67791899  2.3887e-01  3.9794e+02  9.7040e+00  3.4124e-01  8.7799e+01  5.5996e-01  9.4355e-02  2.5594e-01  2.8488e-01
1999.67814932  2.9900e-01  3.8367e+02  9.7531e+00  3.3002e-01  9.0003e+01  6.4858e-01  9.6334e-02  2.4944e-01  2.8534e-01
1999.67837967  2.4374e-01  3.7449e+02  9.7608e+00  3.4020e-01  8.4665e+01  6.2238e-01  1.0696e-01  2.0204e-01  2.9574e-01
1999.67861000  1.5967e-01  3.6628e+02  9.7380e+00  4.3507e-01  7.8423e+01  5.8486e-01  9.1106e-02  2.3378e-01  3.0303e-01
1999.67884030  1.7986e-01  3.6903e+02  9.6042e+00  4.3005e-01  8.7081e+01  5.7074e-01  1.0162e-01  2.3435e-01  3.2893e-01
1999.67907066  1.1541e-01  3.7352e+02  9.9975e+00  2.1063e-01  1.3287e+02  6.5743e-01  1.1360e-01  2.4555e-01  2.5758e-01
1999.67930099  7.8792e-02  3.6133e+02  1.0190e+01  2.3149e-01  1.2219e+02  7.2093e-01  1.4320e-01  2.2529e-01  2.2387e-01
1999.67953134  9.1240e-02  3.3919e+02  1.0085e+01  2.2823e-01  7.6977e+01  5.9911e-01  1.3153e-01  2.0958e-01  2.2662e-01
1999.67976164  1.4879e-01  3.4359e+02  1.0146e+01  1.5716e-01  6.3734e+01  4.5732e-01  1.1480e-01  1.8596e-01  1.9163e-01
1999.67999197  1.5679e-01  3.4120e+02  1.0699e+01  1.5988e-01  6.6157e+01  3.8664e-01  1.3077e-01  2.1390e-01  2.0559e-01
1999.68022233  2.1863e-01  3.3659e+02  1.0753e+01  1.3947e-01  6.7619e+01  4.0253e-01  1.4253e-01  1.8336e-01  1.6788e-01
1999.68045266  2.3538e-01  3.4744e+02  1.0748e+01  7.7681e-02  1.1387e+02  8.2684e-01  1.4698e-01  2.5660e-01  1.5559e-01
1999.68068299  4.5528e-01  3.6117e+02  1.0195e+01  2.4182e-01  1.4962e+02  7.0852e-01  1.2049e-01  1.5166e-01  2.0160e-01
1999.68091334  5.4320e-01  3.4752e+02  1.0687e+01  1.1220e-01  1.3630e+02  9.1298e-01  1.1669e-01  1.8091e-01  1.8260e-01
1999.68114364  7.1375e-01  3.5361e+02  1.0335e+01  2.1679e-01  1.2791e+02  6.4797e-01  1.0438e-01  1.4459e-01  1.8880e-01
1999.68137397  7.8742e-01  3.4708e+02  1.0298e+01  1.9592e-01  9.8638e+01  5.4987e-01  1.0360e-01  1.6169e-01  1.8865e-01
1999.68160433  5.7978e-01  3.6722e+02  1.0632e+01  1.2857e-01  9.8729e+01  4.9617e-01  1.2380e-01  1.4961e-01  2.0586e-01
1999.68183466  4.0490e-01  3.7564e+02  1.0445e+01  7.4606e-02  9.4317e+01  4.4782e-01  1.2464e-01  1.8745e-01  1.6973e-01
1999.68206501  3.1344e-01  3.6941e+02  9.9013e+00  1.4453e-01  5.2311e+01  3.1362e-01  1.3045e-01  1.6915e-01  2.1631e-01
1999.68229534  6.9592e-01  3.6292e+02  1.0198e+01  1.4224e-01  8.5152e+01  3.5116e-01  1.4752e-01  2.1103e-01  1.9425e-01
1999.68252567  7.0425e-01  3.8740e+02  9.7074e+00  1.7103e-01  1.0101e+02  5.4807e-01  1.0186e-01  1.6805e-01  2.0280e-01
1999.68275603  5.3896e-01  3.8794e+02  9.6360e+00  1.8603e-01  8.7593e+01  5.3278e-01  1.1236e-01  1.8472e-01  2.1430e-01
1999.68298633  7.6473e-01  4.1153e+02  9.7161e+00  1.7589e-01  9.3085e+01  5.5846e-01  1.0486e-01  1.4158e-01  1.7957e-01
1999.68321668  2.8270e-01  5.0482e+02  9.2482e+00  1.6342e-01  7.4488e+01  5.4802e-01  6.5711e-02  1.6094e-01  1.8212e-01
1999.68344701  2.4699e-01  5.2183e+02  9.2212e+00  1.7824e-01  7.0391e+01  6.3331e-01  8.4964e-02  1.5968e-01  2.0045e-01
1999.68367734  1.7308e-01  5.2552e+02  9.3962e+00  1.7281e-01  6.7453e+01  5.6968e-01  8.3013e-02  1.5844e-01  1.8584e-01
1999.68390770  1.2090e-01  5.4259e+02  9.6523e+00  2.0219e-01  5.6523e+01  5.5260e-01  8.3037e-02  1.4198e-01  2.0350e-01
1999.68413803  7.6765e-02  5.5479e+02  9.4882e+00  2.1048e-01  5.4550e+01  5.8134e-01  7.7958e-02  1.7082e-01  1.9271e-01
1999.68436838  6.8005e-02  5.4511e+02  9.2235e+00  2.0939e-01  6.0335e+01  5.7729e-01  7.0179e-02  1.7707e-01  2.0796e-01
1999.68459871  9.0162e-02  5.1072e+02  9.3004e+00  1.5197e-01  8.0832e+01  6.3406e-01  8.0529e-02  1.7034e-01  1.9726e-01
1999.68482904  1.1390e-01  4.9722e+02  9.1935e+00  1.4268e-01  7.0635e+01  6.0457e-01  1.1056e-01  1.5059e-01  1.7687e-01
1999.68505940  1.9012e-01  4.7494e+02  9.1102e+00  1.4602e-01  7.1485e+01  6.0797e-01  8.4537e-02  1.4503e-01  1.8660e-01
1999.68528973  2.7647e-01  4.7130e+02  9.2533e+00  1.3224e-01  8.1435e+01  5.9055e-01  7.9749e-02  1.3725e-01  1.7631e-01
1999.68552008  3.1434e-01  4.6937e+02  9.3706e+00  1.3537e-01  8.6327e+01  5.9001e-01  6.8595e-02  1.2826e-01  1.7246e-01
1999.68575041  2.4755e-01  4.5958e+02  9.2126e+00  1.2238e-01  9.0771e+01  6.1763e-01  8.2985e-02  1.3831e-01  1.4152e-01
1999.68598074  2.5804e-01  4.5557e+02  9.2162e+00  1.2013e-01  1.0581e+02  6.7223e-01  9.6078e-02  1.7422e-01  1.7054e-01
1999.68621110  2.4065e-01  4.4974e+02  9.5772e+00  8.8724e-02  1.1348e+02  6.6037e-01  8.8904e-02  1.2802e-01  1.5973e-01
1999.68644142  1.3690e-01  4.3830e+02  9.7096e+00  1.0030e-01  9.9347e+01  6.4886e-01  8.5669e-02  1.2956e-01  1.7329e-01
1999.68667178  3.7136e-01  4.3785e+02  9.4518e+00  1.2094e-01  9.7434e+01  6.5037e-01  9.6299e-02  1.3298e-01  1.6152e-01
1999.68690211  5.3778e-01  4.2857e+02  9.3836e+00  1.1384e-01  9.9727e+01  6.6820e-01  8.1063e-02  1.2067e-01  1.6074e-01
1999.68713249  4.8350e-01  4.2413e+02  9.1982e+00  1.3425e-01  1.0661e+02  6.8354e-01  1.0856e-01  1.6201e-01  1.5037e-01
1999.68736282  3.9327e-01  4.0731e+02  9.4920e+00  1.1506e-01  1.0874e+02  6.7756e-01  9.9105e-02  1.4992e-01  1.8151e-01
1999.68759315  5.1974e-01  4.0771e+02  9.3803e+00  1.3555e-01  1.0948e+02  6.5508e-01  9.9392e-02  1.2495e-01  1.7120e-01
1999.68782351  4.6755e-01  4.0304e+02  9.3008e+00  1.4944e-01  9.6219e+01  5.9254e-01  7.9955e-02  1.4401e-01  1.7084e-01
1999.68805384  5.3538e-01  3.9881e+02  9.1956e+00  1.5225e-01  9.5011e+01  6.3467e-01  8.9280e-02  1.4729e-01  1.7289e-01
1999.68828419  5.5541e-01  3.9876e+02  9.2188e+00  1.9087e-01  9.9170e+01  6.1912e-01  1.0092e-01  1.2765e-01  2.0171e-01
1999.68851452  5.1246e-01  4.0231e+02  9.1826e+00  1.7637e-01  8.3530e+01  5.7647e-01  9.9727e-02  1.3977e-01  1.8774e-01
1999.68874485  4.1780e-01  4.0179e+02  8.9273e+00  2.2053e-01  8.4692e+01  5.7952e-01  8.5529e-02  1.2485e-01  2.0403e-01
1999.68897523  2.5821e-01  4.0017e+02  1.0734e+01  1.2094e-01  6.2382e+01  4.5355e-01  1.0968e-01  1.5637e-01  1.6670e-01
1999.68920556  2.7146e-01  4.0625e+02  9.9624e+00  1.3028e-01  9.3560e+01  6.0319e-01  1.1211e-01  1.7897e-01  1.5214e-01
1999.68943592  1.8772e-01  4.2421e+02  9.0352e+00  2.0983e-01  9.5229e+01  6.0479e-01  9.8742e-02  1.7500e-01  2.1674e-01
1999.68966619  3.0516e-01  4.1933e+02  9.2674e+00  1.8141e-01  9.8986e+01  6.0119e-01  9.4448e-02  1.5342e-01  1.9987e-01
1999.68989647  2.5666e-01  4.4382e+02  9.4494e+00  1.2823e-01  1.0879e+02  6.9860e-01  8.7022e-02  1.6715e-01  1.4035e-01
1999.69012677  5.2990e-01  4.4001e+02  9.5174e+00  1.0814e-01  1.2129e+02  7.5552e-01  1.0194e-01  1.5859e-01  1.7275e-01
1999.69035710  5.3453e-01  4.4563e+02  9.6275e+00  8.7953e-02  1.2411e+02  7.1868e-01  9.6370e-02  1.5707e-01  1.4961e-01
1999.69058740  3.0697e-01  4.5458e+02  9.3429e+00  1.0681e-01  1.0609e+02  6.7574e-01  9.4462e-02  1.4958e-01  1.7011e-01
1999.69081770  2.8333e-01  4.6442e+02  9.1435e+00  1.7614e-01  9.3660e+01  6.3614e-01  9.5984e-02  1.4089e-01  2.0006e-01
1999.69104797  2.7075e-01  4.6728e+02  9.3253e+00  1.8377e-01  9.0895e+01  5.8383e-01  8.1639e-02  1.6953e-01  2.0618e-01
1999.69127827  2.3695e-01  4.7109e+02  9.2295e+00  1.4317e-01  9.9185e+01  6.2623e-01  8.0228e-02  1.4217e-01  1.7994e-01
1999.69150860  3.6794e-01  4.7502e+02  9.1801e+00  1.9878e-01  9.1476e+01  5.7848e-01  7.9706e-02  1.7603e-01  1.9637e-01
1999.69173890  3.7332e-01  4.8061e+02  9.1542e+00  1.8469e-01  9.2759e+01  5.7648e-01  7.9486e-02  1.3540e-01  2.2350e-01
1999.69196921  3.2459e-01  5.0915e+02  9.4110e+00  1.1456e-01  9.7203e+01  6.4370e-01  7.5967e-02  1.3040e-01  1.6271e-01
1999.69219948  3.0194e-01  5.1374e+02  9.3672e+00  1.1672e-01  9.1760e+01  6.4476e-01  8.8257e-02  1.3884e-01  1.5441e-01
1999.69242978  2.6479e-01  5.1659e+02  9.4170e+00  1.3525e-01  8.5230e+01  6.1322e-01  7.7578e-02  1.2280e-01  1.7747e-01
1999.69266011  2.3615e-01  5.2305e+02  9.4288e+00  1.4474e-01  8.2347e+01  5.7214e-01  7.1334e-02  1.3010e-01  1.7528e-01
1999.69289041  2.2016e-01  5.5577e+02  9.4864e+00  1.4636e-01  8.8352e+01  6.0215e-01  8.4170e-02  1.6096e-01  1.6351e-01
1999.69312071  1.6469e-01  5.3957e+02  9.6104e+00  1.6480e-01  8.2786e+01  6.1322e-01  6.9048e-02  1.5280e-01  1.8085e-01
1999.69335104  1.7603e-01  5.4731e+02  9.4888e+00  1.7642e-01  8.0468e+01  6.0817e-01  7.6637e-02  1.5674e-01  1.9225e-01
1999.69358132  1.6065e-01  5.4963e+02  9.2939e+00  1.7710e-01  7.4598e+01  5.9214e-01  5.8103e-02  1.5624e-01  2.1479e-01
1999.69381162  1.6513e-01  5.4536e+02  9.0808e+00  1.7300e-01  8.0076e+01  5.9518e-01  7.5233e-02  1.5270e-01  2.2122e-01
1999.69404192  1.9919e-01  5.3744e+02  9.2143e+00  1.6113e-01  8.3130e+01  6.1477e-01  5.7850e-02  1.6485e-01  2.0298e-01
1999.69427222  1.6652e-01  5.2746e+02  9.3926e+00  1.4755e-01  9.0700e+01  6.1904e-01  8.2292e-02  1.5854e-01  1.8519e-01
1999.69450255  1.9358e-01  5.2690e+02  9.4514e+00  1.4502e-01  9.2264e+01  6.1541e-01  7.4338e-02  1.5481e-01  1.7861e-01
1999.69473285  2.5603e-01  5.2082e+02  9.5597e+00  1.4991e-01  8.3216e+01  5.6794e-01  8.7398e-02  1.3308e-01  1.9267e-01
1999.69496315  2.5142e-01  5.0092e+02  9.5666e+00  1.5773e-01  8.1299e+01  5.9657e-01  7.9369e-02  1.5722e-01  1.8411e-01
1999.69519345  2.1195e-01  4.6631e+02  9.7148e+00  1.9307e-01  9.2513e+01  5.9141e-01  8.6497e-02  1.2505e-01  1.7100e-01
1999.69542378  3.7000e-01  4.4078e+02  1.0016e+01  1.4380e-01  1.0926e+02  7.4085e-01  1.0484e-01  1.2093e-01  1.5609e-01
1999.69565408  3.3618e-01  4.2688e+02  9.9253e+00  1.6251e-01  9.9914e+01  6.5060e-01  8.3209e-02  1.2380e-01  1.5825e-01
1999.69588438  2.5848e-01  4.1940e+02  9.9524e+00  1.5177e-01  1.0671e+02  6.4276e-01  1.0284e-01  1.4332e-01  1.6532e-01
1999.69611468  3.4902e-01  4.4982e+02  1.0185e+01  1.7819e-01  9.1312e+01  5.1109e-01  8.8156e-02  1.3296e-01  1.5042e-01
1999.69634501  5.0104e-01  4.7867e+02  9.9754e+00  2.5901e-01  8.0826e+01  5.1188e-01  1.3112e-01  1.4961e-01  1.8872e-01
1999.69657532  4.5724e-01  4.6786e+02  9.6456e+00  2.2471e-01  5.1208e+01  3.0350e-01  1.2676e-01  1.7965e-01  2.0394e-01
1999.69680562  3.8496e-01  4.4911e+02  9.4048e+00  1.2768e-01  6.9492e+01  4.1371e-01  1.3256e-01  1.2896e-01  1.9131e-01
1999.69703592  3.5062e-01  4.7366e+02  1.0119e+01  6.7909e-02  1.0267e+02  7.1558e-01  1.0836e-01  1.4921e-01  1.2106e-01
1999.69726625  4.3676e-01  4.7203e+02  1.0102e+01  1.3098e-01  1.0058e+02  6.9559e-01  1.4160e-01  1.6375e-01  1.4576e-01
1999.69749655  4.0816e-01  5.2738e+02  1.0116e+01  7.8070e-02  1.5443e+02  7.5858e-01  1.4103e-01  1.2646e-01  1.2606e-01
1999.69772685  3.9127e-01  5.9260e+02  9.9380e+00  7.9826e-02  1.2075e+02  6.6621e-01  1.4210e-01  1.2094e-01  1.3569e-01
1999.69795715  3.6911e-01  6.0310e+02  9.8957e+00  8.0631e-02  1.0712e+02  6.4798e-01  1.2149e-01  1.1097e-01  1.2051e-01
1999.69818748  4.7261e-01  6.1067e+02  1.0107e+01  7.4664e-02  9.5390e+01  6.1992e-01  1.3791e-01  8.9716e-02  1.2221e-01
1999.69841778  3.7627e-01  6.3523e+02  9.9715e+00  7.6396e-02  1.0676e+02  6.3760e-01  1.3699e-01  9.2400e-02  1.1152e-01
1999.69864811  3.5371e-01  6.2182e+02  9.9846e+00  7.2703e-02  1.1268e+02  6.4989e-01  1.3828e-01  1.2129e-01  1.1704e-01
1999.69887841  2.7758e-01  5.9939e+02  1.0202e+01  6.1108e-02  1.2781e+02  6.9956e-01  1.4048e-01  1.2306e-01  1.0969e-01
1999.69910874  1.8267e-01  5.7853e+02  1.0230e+01  4.8451e-02  1.5608e+02  8.0632e-01  1.3391e-01  1.1234e-01  1.0642e-01
1999.69933904  1.2750e-01  6.0248e+02  9.5920e+00  9.3423e-02  1.2443e+02  7.5400e-01  1.5264e-01  1.7118e-01  1.9531e-01
1999.69956934  1.0651e-01  6.1348e+02  1.0012e+01  1.1506e-01  9.7290e+01  6.6915e-01  1.6006e-01  1.7598e-01  1.8146e-01
1999.69979964  1.2991e-01  6.1779e+02  9.4944e+00  1.4684e-01  9.1463e+01  6.4241e-01  1.3521e-01  1.8477e-01  2.2058e-01
1999.70002997  1.6321e-01  6.0889e+02  9.6610e+00  1.6699e-01  8.7017e+01  6.5513e-01  1.2771e-01  1.6132e-01  2.1132e-01
1999.70026030  1.4416e-01  6.0655e+02  9.2990e+00  1.9545e-01  8.5754e+01  6.3140e-01  1.3059e-01  1.5280e-01  2.1133e-01
1999.70049060  1.3134e-01  6.0175e+02  9.5330e+00  1.7449e-01  9.3700e+01  6.6402e-01  1.2778e-01  1.7436e-01  1.9944e-01
1999.70072093  1.4309e-01  5.9851e+02  9.3195e+00  1.9583e-01  9.9393e+01  6.7589e-01  1.2071e-01  2.1644e-01  1.9184e-01
1999.70095123  1.0770e-01  5.9151e+02  9.6605e+00  1.0940e-01  1.0876e+02  6.6528e-01  1.3600e-01  1.7664e-01  1.6900e-01
1999.70118156  1.2334e-01  5.8927e+02  9.9537e+00  7.4419e-02  1.1956e+02  6.1959e-01  1.3112e-01  1.7367e-01  1.4129e-01
1999.70141189  1.3570e-01  6.0671e+02  9.6634e+00  8.0030e-02  1.1583e+02  6.3483e-01  1.5281e-01  1.7059e-01  1.6369e-01
1999.70164219  1.1572e-01  6.2449e+02  9.7222e+00  1.2186e-01  1.1769e+02  6.9249e-01  1.2806e-01  1.7281e-01  1.5480e-01
1999.70187249  1.0568e-01  6.3853e+02  9.3823e+00  2.3662e-01  1.3215e+02  6.7342e-01  1.3705e-01  2.5961e-01  2.2754e-01
1999.70210282  1.1291e-01  6.2782e+02  9.6900e+00  1.6258e-01  1.3085e+02  7.1256e-01  1.4716e-01  2.0896e-01  2.1472e-01
1999.70233315  1.6157e-01  6.1037e+02  9.5035e+00  1.8373e-01  1.2163e+02  6.9780e-01  1.4280e-01  2.2946e-01  1.8691e-01
1999.70256345  1.3564e-01  5.8111e+02  9.8182e+00  1.0682e-01  1.4549e+02  7.8901e-01  1.7263e-01  2.0298e-01  1.6336e-01
1999.70279375  1.6920e-01  5.6472e+02  9.6428e+00  1.1408e-01  1.5400e+02  7.4911e-01  1.5513e-01  2.1628e-01  1.6170e-01
1999.70302411  1.6735e-01  5.4899e+02  9.4378e+00  1.4565e-01  1.4842e+02  7.8091e-01  1.6750e-01  2.3357e-01  2.0151e-01
1999.70325441  1.2090e-01  5.3659e+02  9.5140e+00  1.1875e-01  1.3976e+02  7.5479e-01  1.3332e-01  1.7104e-01  2.3361e-01
1999.70348471  9.5006e-02  5.3217e+02  9.2175e+00  1.4292e-01  1.1430e+02  6.7462e-01  1.1333e-01  2.0486e-01  2.1465e-01
1999.70371507  8.0268e-02  5.5821e+02  9.4487e+00  2.2751e-01  8.9750e+01  5.9204e-01  1.2638e-01  2.3695e-01  2.3725e-01
1999.70394537  9.1487e-02  5.6339e+02  9.6507e+00  2.4563e-01  9.0999e+01  6.2102e-01  1.1612e-01  2.3452e-01  2.8579e-01
1999.70417567  1.1060e-01  5.4743e+02  9.5684e+00  2.5740e-01  9.6477e+01  5.8427e-01  1.0264e-01  2.1678e-01  2.7066e-01
1999.70440600  1.2028e-01  5.3319e+02  9.5312e+00  2.0281e-01  1.0890e+02  5.9331e-01  1.3092e-01  2.4625e-01  2.1192e-01
1999.70463633  9.3186e-02  5.3946e+02  9.8316e+00  1.5265e-01  1.3797e+02  7.3092e-01  1.5788e-01  2.8469e-01  1.9434e-01
1999.70486663  6.6238e-02  6.0273e+02  1.0546e+01  1.0007e-01  1.8580e+02  8.3756e-01  1.5596e-01  2.7450e-01  1.9202e-01
1999.70509696  4.9582e-02  6.5826e+02  1.1584e+01  1.0061e-01  1.9074e+02  7.3662e-01  1.0889e-01  2.4992e-01  1.2918e-01
1999.70532729  8.6775e-02  6.3331e+02  1.0054e+01  9.7289e-02  2.0568e+02  9.5678e-01  1.6990e-01  2.0024e-01  1.7164e-01
1999.70555762  1.0900e-01  5.9022e+02  1.0728e+01  5.1205e-02  2.0815e+02  6.8837e-01  1.5284e-01  1.8613e-01  1.4074e-01
1999.70578792  1.1610e-01  5.7912e+02  1.2019e+01  7.8795e-02  2.1924e+02  7.1711e-01  1.7105e-01  2.0126e-01  1.0828e-01
1999.70601827  4.4416e-01  5.6011e+02  9.9192e+00  9.7849e-02  1.5599e+02  7.1258e-01  1.2141e-01  1.4356e-01  1.7188e-01
1999.70624858  3.3119e-01  5.7670e+02  9.6641e+00  1.1307e-01  1.1526e+02  6.8169e-01  1.0618e-01  1.7445e-01  1.7641e-01
1999.70647888  3.0813e-01  5.9174e+02  1.0103e+01  9.0326e-02  1.1896e+02  6.7222e-01  9.8636e-02  1.3308e-01  1.9385e-01
1999.70670923  2.5540e-01  5.8531e+02  9.9667e+00  1.0722e-01  1.2778e+02  6.9319e-01  8.2690e-02  1.5795e-01  1.8295e-01
1999.70693953  2.0060e-01  5.6170e+02  9.9226e+00  1.5851e-01  1.0709e+02  6.8936e-01  1.1303e-01  1.4700e-01  1.8676e-01
1999.70716986  1.7047e-01  5.8079e+02  9.5583e+00  1.9132e-01  9.2435e+01  6.6125e-01  1.0953e-01  1.8025e-01  1.9573e-01
1999.70740016  1.6495e-01  5.9489e+02  9.8036e+00  1.2159e-01  1.0416e+02  6.3578e-01  8.6216e-02  1.8494e-01  2.0069e-01
1999.70763052  2.6043e-01  5.9631e+02  9.9145e+00  1.3618e-01  1.0963e+02  6.3614e-01  9.4987e-02  1.8135e-01  1.8353e-01
1999.70786082  2.5174e-01  6.0024e+02  9.7179e+00  2.0604e-01  1.0714e+02  6.6657e-01  8.4952e-02  1.6858e-01  2.1377e-01
1999.70809118  2.5471e-01  6.0635e+02  9.7083e+00  1.9403e-01  1.1407e+02  6.5657e-01  1.0493e-01  1.6592e-01  2.0795e-01
1999.70832148  2.1380e-01  6.1262e+02  9.9841e+00  1.7981e-01  1.1123e+02  6.5041e-01  1.0305e-01  1.7840e-01  1.8661e-01
1999.70855181  1.8287e-01  6.1775e+02  1.0294e+01  1.4517e-01  1.2381e+02  6.2419e-01  1.2508e-01  1.9451e-01  2.0530e-01
1999.70878211  2.1836e-01  6.1661e+02  1.0731e+01  1.4128e-01  1.3167e+02  6.4994e-01  1.2538e-01  2.0962e-01  1.9360e-01
1999.70901247  2.9331e-01  6.1495e+02  1.0958e+01  1.8316e-01  1.2743e+02  6.5764e-01  1.4217e-01  1.8904e-01  1.9390e-01
1999.70924277  2.9419e-01  5.9360e+02  1.0819e+01  1.8527e-01  1.4528e+02  7.0130e-01  1.5696e-01  2.0014e-01  2.1895e-01
1999.70947312  3.2863e-01  6.0338e+02  1.0661e+01  1.7355e-01  1.4448e+02  7.2473e-01  1.2807e-01  1.8107e-01  2.1362e-01
1999.70970342  3.0730e-01  5.8225e+02  1.0116e+01  1.9705e-01  1.4232e+02  6.5106e-01  1.2690e-01  1.8395e-01  2.2306e-01
1999.70993375  2.6863e-01  5.7294e+02  1.0125e+01  1.8825e-01  1.2600e+02  6.0774e-01  1.1507e-01  1.6087e-01  2.3283e-01
1999.71016411  2.7428e-01  5.6791e+02  9.9948e+00  1.6974e-01  1.1791e+02  6.0767e-01  1.0974e-01  2.0083e-01  1.6949e-01
1999.71039441  2.7331e-01  5.6536e+02  1.0128e+01  1.5708e-01  1.2546e+02  6.4060e-01  1.0656e-01  1.5075e-01  2.0027e-01
1999.71062474  1.8501e-01  5.5853e+02  1.0190e+01  1.2620e-01  1.2284e+02  6.6805e-01  1.0615e-01  1.5280e-01  1.7966e-01
1999.71085504  3.7457e-01  5.6063e+02  1.0142e+01  1.1572e-01  1.0640e+02  6.2028e-01  1.1182e-01  1.2713e-01  1.4483e-01
1999.71108540  4.1212e-01  5.5345e+02  9.9884e+00  1.1961e-01  1.0927e+02  6.0680e-01  1.0111e-01  1.2770e-01  1.3765e-01
1999.71131570  4.0152e-01  5.4471e+02  9.8057e+00  1.3659e-01  1.1424e+02  6.4530e-01  9.6498e-02  1.2393e-01  1.6409e-01
1999.71154597  3.3172e-01  5.4187e+02  9.8327e+00  1.5345e-01  1.1128e+02  6.5751e-01  1.1578e-01  1.1958e-01  1.7357e-01
1999.71177627  2.6231e-01  5.2994e+02  9.8353e+00  1.5116e-01  1.1430e+02  6.1922e-01  8.8220e-02  1.3802e-01  1.6836e-01
1999.71200658  2.4424e-01  5.2660e+02  9.7616e+00  1.4611e-01  1.1120e+02  6.3860e-01  9.3427e-02  1.3336e-01  1.7102e-01
1999.71223685  2.3525e-01  5.2270e+02  9.6339e+00  1.4643e-01  1.1215e+02  6.4678e-01  9.3064e-02  1.1281e-01  1.6937e-01
1999.71246715  2.1048e-01  5.1961e+02  9.7568e+00  1.2879e-01  1.0430e+02  6.2113e-01  8.7214e-02  1.2509e-01  1.5983e-01
1999.71269742  2.1541e-01  5.1451e+02  9.7919e+00  1.4432e-01  1.1072e+02  6.1264e-01  9.3948e-02  1.4923e-01  1.7030e-01
1999.71292770  1.9577e-01  5.1301e+02  9.6089e+00  1.2928e-01  1.1383e+02  6.5419e-01  8.8030e-02  1.4016e-01  1.7069e-01
1999.71315797  1.6318e-01  5.2450e+02  9.6289e+00  1.7045e-01  1.0285e+02  5.7002e-01  9.5170e-02  1.6826e-01  2.1100e-01
1999.71338827  1.4721e-01  5.2595e+02  9.5805e+00  1.6237e-01  1.0129e+02  6.2163e-01  9.4161e-02  1.7153e-01  2.0273e-01
1999.71361858  1.6387e-01  5.3019e+02  9.3594e+00  1.9576e-01  1.2131e+02  6.4536e-01  1.0429e-01  1.8726e-01  2.4135e-01
1999.71384885  1.4213e-01  5.3384e+02  9.7329e+00  1.4494e-01  1.2928e+02  6.9741e-01  1.1782e-01  1.9022e-01  2.2803e-01
1999.71407915  1.3953e-01  5.1335e+02  9.6882e+00  1.2175e-01  1.5671e+02  7.4479e-01  1.2476e-01  2.0572e-01  1.7917e-01
1999.71430942  1.2992e-01  5.0238e+02  9.7741e+00  9.3409e-02  1.7434e+02  7.3129e-01  1.1466e-01  2.3411e-01  1.5241e-01
1999.71453970  1.3487e-01  5.0244e+02  9.6868e+00  1.1502e-01  1.5451e+02  6.7463e-01  1.2062e-01  1.9698e-01  1.5662e-01
1999.71477000  1.1049e-01  5.1049e+02  9.7427e+00  1.6291e-01  1.2437e+02  6.2642e-01  1.0091e-01  1.5529e-01  1.5908e-01
1999.71500027  1.4355e-01  5.0202e+02  9.6555e+00  2.0317e-01  1.2043e+02  6.0792e-01  1.0106e-01  1.6793e-01  1.7101e-01
1999.71523058  1.3355e-01  4.8842e+02  9.7092e+00  2.3805e-01  1.3748e+02  6.7552e-01  1.2319e-01  1.6867e-01  1.6776e-01
1999.71546088  1.2076e-01  4.8404e+02  1.0066e+01  1.8789e-01  1.3324e+02  6.8366e-01  1.4079e-01  1.7969e-01  1.7790e-01
1999.71569115  1.0301e-01  4.7328e+02  1.0191e+01  2.1257e-01  1.1282e+02  6.1272e-01  1.0950e-01  1.9849e-01  1.8557e-01
1999.71592145  1.6010e-01  4.4320e+02  9.8095e+00  2.0408e-01  1.1998e+02  6.1967e-01  1.0399e-01  1.8610e-01  2.2375e-01
1999.71615173  3.0264e-01  4.1768e+02  9.3713e+00  2.0001e-01  1.0855e+02  6.0237e-01  9.9069e-02  1.9524e-01  2.3049e-01
1999.71638200  2.9805e-01  4.0507e+02  9.6016e+00  2.4606e-01  1.0605e+02  5.7520e-01  1.0145e-01  1.8689e-01  2.2899e-01
1999.71661233  4.1805e-01  4.0279e+02  9.7363e+00  1.9810e-01  1.0908e+02  5.8426e-01  1.1120e-01  1.8572e-01  2.3795e-01
1999.71684260  3.5592e-01  3.8987e+02  9.5474e+00  2.1359e-01  1.1420e+02  6.2092e-01  1.0177e-01  1.9810e-01  2.3601e-01
1999.71707290  2.5262e-01  3.9427e+02  9.5267e+00  2.4607e-01  1.1337e+02  6.0658e-01  1.0875e-01  1.8229e-01  2.2159e-01
1999.71730318  1.6280e-01  3.9196e+02  9.9231e+00  2.6476e-01  1.2325e+02  6.0825e-01  8.9467e-02  1.3376e-01  2.0435e-01
1999.71753348  1.7429e-01  3.9207e+02  9.8226e+00  2.8545e-01  9.9303e+01  5.2463e-01  8.0422e-02  1.4259e-01  2.0685e-01
1999.71776375  1.6780e-01  3.8682e+02  9.6450e+00  3.1965e-01  1.0518e+02  5.4274e-01  8.8120e-02  1.3695e-01  2.3522e-01
1999.71799408  1.5589e-01  3.9211e+02  9.5264e+00  3.7894e-01  9.3313e+01  5.9764e-01  7.4659e-02  1.6688e-01  2.6616e-01
1999.71822436  1.3363e-01  3.9085e+02  9.5488e+00  4.3885e-01  8.5814e+01  4.9182e-01  8.4965e-02  1.8538e-01  2.1838e-01
1999.71845466  1.0595e-01  3.7810e+02  9.3662e+00  4.1655e-01  9.5706e+01  5.0435e-01  7.5988e-02  1.5409e-01  2.5047e-01
1999.71868493  9.1597e-02  3.6985e+02  9.3299e+00  3.9167e-01  1.0120e+02  5.7573e-01  8.6161e-02  2.0163e-01  2.2391e-01
1999.71891523  1.2210e-01  3.6077e+02  9.2916e+00  2.2582e-01  1.0435e+02  6.5379e-01  1.0503e-01  2.0292e-01  1.9977e-01
1999.71914551  1.4332e-01  3.7680e+02  9.3448e+00  4.3856e-01  9.0728e+01  5.4819e-01  1.0220e-01  2.1014e-01  2.3739e-01
1999.71937584  1.7461e-01  3.8119e+02  9.6038e+00  2.7917e-01  8.4239e+01  5.3572e-01  8.8140e-02  1.7788e-01  2.0538e-01
1999.71960614  2.2648e-01  3.6830e+02  1.0009e+01  2.4943e-01  9.0494e+01  5.6195e-01  1.0021e-01  1.7129e-01  1.8641e-01
1999.71983641  1.5566e-01  3.6636e+02  1.0484e+01  2.8909e-01  4.4211e+01  3.1242e-01  1.4205e-01  2.0184e-01  1.9659e-01
1999.72006671  2.0851e-01  3.6779e+02  1.1080e+01  2.6987e-01  5.7440e+01  3.6489e-01  1.5752e-01  2.1567e-01  1.9551e-01
1999.72029699  1.8621e-01  3.7409e+02  1.2207e+01  1.4051e-01  4.6900e+01  2.8393e-01  1.6360e-01  2.1024e-01  1.8239e-01
1999.72052732  2.1539e-01  3.8351e+02  1.1554e+01  1.3231e-01  1.0393e+02  5.2338e-01  1.5445e-01  1.7645e-01  1.8039e-01
1999.72075762  2.9998e-01  3.9339e+02  1.1305e+01  1.0746e-01  1.0315e+02  6.4859e-01  1.1295e-01  1.2065e-01  1.2351e-01
1999.72098789  3.8886e-01  4.0167e+02  1.1319e+01  9.8857e-02  1.0968e+02  6.4766e-01  1.1238e-01  1.3200e-01  1.3359e-01
1999.72121819  2.9231e-01  4.1245e+02  1.1527e+01  1.3021e-01  1.0015e+02  6.7667e-01  1.2315e-01  1.6391e-01  1.2925e-01
1999.72144849  2.1315e-01  3.9405e+02  1.2228e+01  1.2690e-01  1.1485e+02  6.7156e-01  1.3542e-01  1.9092e-01  1.2487e-01
1999.72167877  2.5429e-01  3.8335e+02  1.2210e+01  1.4772e-01  7.1993e+01  4.0524e-01  1.3255e-01  2.0466e-01  1.4943e-01
1999.72190910  1.1058e-01  3.6926e+02  1.1691e+01  2.1053e-01  5.5289e+01  4.2791e-01  1.2742e-01  1.9866e-01  1.6931e-01
1999.72213940  2.3390e-01  3.6833e+02  1.1438e+01  1.9915e-01  4.5407e+01  2.6796e-01  1.1353e-01  1.5869e-01  1.4065e-01
1999.72236967  2.4342e-01  3.6130e+02  1.1237e+01  2.6066e-01  3.9626e+01  2.3101e-01  1.2109e-01  1.6171e-01  1.6833e-01
1999.72259997  2.3835e-01  3.5830e+02  1.1042e+01  2.1234e-01  4.2903e+01  2.7795e-01  1.3662e-01  1.8093e-01  1.5216e-01
1999.72283030  1.8226e-01  3.6160e+02  1.1037e+01  2.1592e-01  5.5949e+01  3.2394e-01  1.1614e-01  1.8176e-01  1.7414e-01
1999.72306058  1.2338e-01  3.5502e+02  1.1727e+01  2.3066e-01  3.8685e+01  3.5052e-01  1.5915e-01  2.4859e-01  2.4107e-01
1999.72329088  1.5888e-01  3.5277e+02  1.0844e+01  3.1488e-01  4.3424e+01  3.5373e-01  1.1686e-01  1.9968e-01  1.7951e-01
1999.72352118  1.5410e-01  3.5632e+02  1.0657e+01  2.3137e-01  4.3529e+01  3.8352e-01  1.0317e-01  1.7351e-01  1.7215e-01
1999.72375148  2.7405e-01  3.5437e+02  1.0484e+01  2.9954e-01  6.6349e+01  2.7022e-01  1.6173e-01  1.9733e-01  2.1151e-01
1999.72398175  4.0641e-01  3.5633e+02  1.0033e+01  1.7215e-01  7.2882e+01  3.1174e-01  1.2220e-01  1.6427e-01  1.6371e-01
1999.72421208  6.2517e-01  3.6237e+02  9.9940e+00  1.7665e-01  8.5149e+01  3.2175e-01  1.1225e-01  1.6467e-01  1.7823e-01
1999.72444238  1.0179e+00  3.8633e+02  1.0524e+01  1.7212e-01  9.8151e+01  4.7245e-01  9.9262e-02  1.5270e-01  1.5323e-01
1999.72467268  1.7293e+00  4.9917e+02  1.0987e+01  1.3650e-01  8.7405e+01  5.5972e-01  1.0287e-01  1.4636e-01  1.6329e-01
1999.72490299  1.6001e+00  4.8583e+02  1.0956e+01  1.2235e-01  9.3579e+01  5.7037e-01  1.1344e-01  1.4084e-01  1.5771e-01
1999.72513329  1.6095e+00  5.0508e+02  1.0945e+01  1.2556e-01  8.5273e+01  5.2010e-01  1.1642e-01  1.3222e-01  1.6783e-01
1999.72536359  5.9469e-01  5.8282e+02  1.3345e+01  1.6270e-01  5.0336e+01  3.8161e-01  1.7667e-01  1.4053e-01  1.7549e-01
1999.72559389  2.7593e-01  6.0103e+02  1.4415e+01  2.1831e-01  1.9515e+01  2.6995e-01  2.3237e-01  2.3711e-01  2.0492e-01
1999.72582419  1.0422e-01  5.8673e+02  1.4560e+01  1.3269e-01  1.6100e+01  2.8574e-01  2.2091e-01  2.0925e-01  1.6388e-01
1999.72605452  1.5684e-01  5.6674e+02  1.4609e+01  7.3274e-02  1.8102e+01  2.6018e-01  1.9549e-01  8.5801e-02  1.4436e-01
1999.72628482  1.3757e-01  5.6108e+02  1.4459e+01  2.4957e-01  2.7156e+01  3.4810e-01  3.0040e-01  2.7370e-01  2.7224e-01
1999.72651512  4.7149e-01  5.5885e+02  1.3342e+01  1.8225e-01  9.8813e+01  6.7110e-01  1.5280e-01  1.4318e-01  1.7181e-01
1999.72674540  6.5814e-01  5.4066e+02  1.2714e+01  1.0529e-01  1.1133e+02  7.0482e-01  1.2447e-01  1.2205e-01  1.3708e-01
1999.72697570  2.9254e-01  5.3774e+02  1.2171e+01  2.0492e-01  8.6775e+01  5.8788e-01  1.5146e-01  1.5897e-01  1.5671e-01
1999.72720603  1.2227e-01  5.4135e+02  1.1723e+01  2.9057e-01  6.1569e+01  4.4981e-01  1.6020e-01  1.7320e-01  1.6010e-01
1999.72743633  1.9391e-01  5.3527e+02  1.2541e+01  3.1130e-01  8.1491e+01  4.7233e-01  2.1499e-01  2.0321e-01  1.6245e-01
1999.72766663  4.9098e-01  5.3480e+02  1.3910e+01  1.6877e-01  1.3437e+02  7.1949e-01  1.7074e-01  1.7379e-01  1.4734e-01
1999.72789693  5.7412e-01  5.3527e+02  1.4325e+01  1.5966e-01  1.3632e+02  6.9086e-01  1.7111e-01  1.6802e-01  1.4815e-01
1999.72812726  4.6044e-01  5.2768e+02  1.4320e+01  2.3522e-01  1.1601e+02  5.6829e-01  2.0740e-01  2.0562e-01  1.6724e-01
1999.72835756  5.8570e-01  5.1773e+02  1.3944e+01  1.6836e-01  1.3506e+02  7.7747e-01  1.8400e-01  1.4616e-01  1.6991e-01
1999.72858786  5.2654e-01  5.0058e+02  1.4101e+01  1.1295e-01  1.4711e+02  7.5764e-01  1.5298e-01  1.4565e-01  1.3463e-01
1999.72881816  5.9495e-01  5.0455e+02  1.3377e+01  8.4407e-02  1.5233e+02  7.8033e-01  1.5094e-01  1.2109e-01  1.2995e-01
1999.72904849  5.4555e-01  5.0334e+02  1.0810e+01  5.6388e-02  1.4843e+02  7.9477e-01  1.3363e-01  9.7512e-02  1.1944e-01
1999.72927879  5.1287e-01  5.0416e+02  1.0997e+01  6.9781e-02  1.4302e+02  7.5214e-01  1.3163e-01  1.1772e-01  1.2468e-01
1999.72950910  4.0486e-01  5.0160e+02  1.1126e+01  8.0000e-02  1.4051e+02  6.9517e-01  1.4817e-01  1.2956e-01  1.2424e-01
1999.72973940  5.2114e-01  4.8800e+02  1.1341e+01  6.1880e-02  1.4964e+02  7.5594e-01  1.5167e-01  1.0546e-01  1.2108e-01
1999.72996973  4.5776e-01  4.7301e+02  1.1771e+01  4.8030e-02  1.5304e+02  7.7842e-01  1.6098e-01  1.1780e-01  1.2532e-01
1999.73020003  4.7357e-01  4.7762e+02  1.1660e+01  8.2123e-02  1.5312e+02  8.0090e-01  1.7130e-01  1.2419e-01  1.4063e-01
1999.73043033  4.5769e-01  4.7645e+02  1.1728e+01  1.2584e-01  1.2883e+02  6.4099e-01  1.4252e-01  1.5048e-01  1.4583e-01
1999.73066063  4.3628e-01  4.6349e+02  1.1361e+01  1.0293e-01  1.3618e+02  6.8808e-01  1.3560e-01  1.5313e-01  1.3577e-01
1999.73089096  5.0420e-01  4.6113e+02  1.0694e+01  1.1389e-01  1.3266e+02  6.4461e-01  9.4636e-02  1.2466e-01  1.3856e-01
1999.73112126  4.2462e-01  4.5080e+02  1.0736e+01  1.0473e-01  1.2565e+02  6.5083e-01  1.2656e-01  1.1801e-01  1.3160e-01
1999.73135156  3.9965e-01  4.4490e+02  1.0763e+01  1.2666e-01  1.2742e+02  6.3142e-01  1.0657e-01  1.1666e-01  1.3462e-01
1999.73158186  2.9957e-01  4.3664e+02  1.0677e+01  1.2396e-01  1.2693e+02  6.6493e-01  1.0299e-01  1.2521e-01  1.4413e-01
1999.73181219  4.5231e-01  4.4062e+02  1.0972e+01  1.0983e-01  1.2520e+02  6.3251e-01  1.1710e-01  1.1278e-01  1.3868e-01
1999.73204249  4.4363e-01  4.3456e+02  1.1129e+01  1.2206e-01  1.2595e+02  6.6883e-01  1.3674e-01  1.1347e-01  1.6096e-01
1999.73227282  4.6380e-01  4.3070e+02  1.1027e+01  1.1752e-01  1.2152e+02  6.0270e-01  1.0919e-01  1.3257e-01  1.5867e-01
1999.73250315  4.5042e-01  4.2127e+02  1.0927e+01  1.2141e-01  1.2043e+02  6.4974e-01  1.1753e-01  1.3863e-01  1.5364e-01
1999.73273345  5.2339e-01  4.1274e+02  1.1134e+01  1.1441e-01  1.1751e+02  6.4845e-01  1.2120e-01  1.4848e-01  1.7107e-01
1999.73296375  6.5631e-01  4.1603e+02  1.0993e+01  1.1612e-01  1.1129e+02  6.1080e-01  1.2506e-01  1.4311e-01  1.4581e-01
1999.73319405  4.5583e-01  4.0484e+02  1.0304e+01  1.4048e-01  1.3256e+02  6.0680e-01  1.2119e-01  1.5665e-01  1.3581e-01
1999.73342438  4.7436e-01  3.8734e+02  1.1205e+01  1.6273e-01  1.1577e+02  6.2899e-01  1.5600e-01  1.5568e-01  1.6050e-01
1999.73365468  5.2070e-01  3.9608e+02  1.1059e+01  2.2235e-01  1.0953e+02  4.9981e-01  1.4680e-01  1.6586e-01  1.9601e-01
1999.73388501  2.1221e-01  3.8054e+02  1.0449e+01  7.6324e-01  1.1177e+02  3.5115e-01  1.8515e-01  2.0746e-01  2.6110e-01
1999.73411532  1.9243e-01  3.6439e+02  1.0590e+01  6.9244e-01  9.9775e+01  3.7920e-01  1.7940e-01  2.5124e-01  2.0042e-01
1999.73434564  1.4673e-01  3.6543e+02  1.0382e+01  6.1835e-01  9.4062e+01  5.1471e-01  1.6478e-01  2.0342e-01  1.9935e-01
1999.73457595  1.3135e-01  3.6095e+02  1.0409e+01  4.9265e-01  8.4429e+01  5.4365e-01  1.2754e-01  2.1034e-01  2.0934e-01
1999.73480627  1.8543e-01  3.6180e+02  1.0411e+01  5.1067e-01  9.1820e+01  4.8935e-01  1.2251e-01  2.3651e-01  1.9160e-01
1999.73503660  1.8826e-01  3.5545e+02  1.0077e+01  6.0369e-01  8.7360e+01  4.2626e-01  1.2655e-01  1.8382e-01  1.8125e-01
1999.73526690  2.2336e-01  3.6980e+02  9.7318e+00  4.4904e-01  8.2313e+01  5.0765e-01  1.2162e-01  2.1458e-01  1.7691e-01
1999.73549721  2.5761e-01  3.8114e+02  9.5431e+00  3.7732e-01  6.2520e+01  3.4109e-01  1.2582e-01  1.8649e-01  1.8678e-01
1999.73572751  3.7495e-01  3.9632e+02  9.5215e+00  2.5380e-01  6.7752e+01  3.2877e-01  1.1715e-01  1.8558e-01  1.7811e-01
1999.73595786  7.1885e-01  4.1070e+02  9.5278e+00  3.1693e-01  8.7428e+01  4.1562e-01  1.0931e-01  2.1971e-01  2.1553e-01
1999.73618816  7.7475e-01  4.3298e+02  1.0262e+01  3.0705e-01  9.8741e+01  3.3925e-01  1.2970e-01  1.7814e-01  2.2585e-01
1999.73641847  6.5397e-01  5.1807e+02  1.1465e+01  3.4687e-01  9.2797e+01  4.7630e-01  1.1197e-01  1.4265e-01  2.0250e-01
1999.73664882  6.2702e-01  5.6730e+02  1.1192e+01  8.6157e-02  9.8732e+01  6.9619e-01  1.0032e-01  1.1482e-01  1.1424e-01
1999.73687912  6.4247e-01  6.3592e+02  1.1078e+01  6.8138e-02  9.1558e+01  6.3418e-01  1.1207e-01  9.6234e-02  1.1209e-01
1999.73710942  5.0437e-01  6.7232e+02  1.1101e+01  7.1498e-02  8.5009e+01  6.0972e-01  1.0555e-01  1.0014e-01  1.1054e-01
1999.73733973  5.0155e-01  6.4984e+02  1.1022e+01  7.8548e-02  9.1999e+01  6.8129e-01  1.0542e-01  9.6114e-02  1.1924e-01
1999.73757008  5.4956e-01  6.6608e+02  1.0992e+01  8.3937e-02  8.4132e+01  6.2451e-01  1.0213e-01  9.1512e-02  1.2404e-01
1999.73780038  4.2784e-01  6.8025e+02  1.0965e+01  9.3609e-02  7.6432e+01  6.2197e-01  8.2498e-02  1.1785e-01  1.4936e-01
1999.73803068  4.0008e-01  6.6727e+02  1.0894e+01  8.7385e-02  7.6946e+01  6.2734e-01  8.7832e-02  1.2787e-01  1.3972e-01
1999.73826104  3.6419e-01  6.5929e+02  1.1012e+01  6.3770e-02  8.9759e+01  6.7567e-01  1.0219e-01  1.0711e-01  1.1157e-01
1999.73849134  3.8924e-01  6.5500e+02  1.1181e+01  7.0996e-02  7.1253e+01  6.0370e-01  9.9815e-02  8.4891e-02  1.2081e-01
1999.73872164  2.1318e-01  6.5560e+02  1.1183e+01  6.4488e-02  8.1964e+01  6.3648e-01  9.7815e-02  1.0684e-01  1.1914e-01
1999.73895192  2.0038e-01  6.7582e+02  1.1168e+01  7.1721e-02  7.6508e+01  6.2254e-01  9.0573e-02  9.3605e-02  1.1028e-01
1999.73918219  1.9194e-01  6.6077e+02  1.0957e+01  7.1785e-02  8.1390e+01  6.2642e-01  9.7346e-02  9.6239e-02  9.9867e-02
1999.73941244  2.2563e-01  6.5845e+02  1.0922e+01  8.0344e-02  7.5487e+01  6.2894e-01  9.7715e-02  9.1667e-02  1.1966e-01
1999.73964271  2.0026e-01  6.4678e+02  1.0901e+01  8.3000e-02  7.6289e+01  6.1332e-01  9.5866e-02  8.6709e-02  1.1811e-01
1999.73987301  1.8544e-01  6.3677e+02  1.0837e+01  7.6408e-02  7.6598e+01  6.3608e-01  8.4807e-02  1.0849e-01  1.1006e-01
1999.74010329  2.0200e-01  6.2835e+02  1.0974e+01  8.2012e-02  7.7410e+01  6.0635e-01  1.0288e-01  9.4765e-02  1.1043e-01
1999.74033353  2.3730e-01  6.1117e+02  1.0503e+01  9.2671e-02  8.1687e+01  6.5996e-01  8.7321e-02  1.2198e-01  1.3499e-01
1999.74056381  2.5269e-01  5.9690e+02  1.0418e+01  1.1465e-01  7.3863e+01  6.0628e-01  7.1757e-02  1.1710e-01  1.6789e-01
1999.74079408  2.2599e-01  5.9625e+02  1.0376e+01  1.0347e-01  7.5673e+01  5.9930e-01  6.9287e-02  1.2760e-01  1.5278e-01
1999.74102436  2.4109e-01  5.9375e+02  1.0627e+01  9.7238e-02  7.5155e+01  5.7956e-01  7.0883e-02  1.2932e-01  1.5019e-01
1999.74125460  2.5560e-01  5.8789e+02  1.0669e+01  1.0745e-01  7.7748e+01  6.2922e-01  6.9521e-02  1.2424e-01  1.6083e-01
1999.74148488  2.6285e-01  5.8215e+02  1.0572e+01  9.9503e-02  7.4616e+01  5.7953e-01  7.2531e-02  9.9273e-02  1.4445e-01
1999.74171515  3.4802e-01  5.8125e+02  1.0445e+01  1.1444e-01  7.4141e+01  6.0286e-01  7.3845e-02  1.1262e-01  1.3512e-01
1999.74194542  3.8886e-01  5.7737e+02  1.0374e+01  1.1736e-01  7.4373e+01  5.7887e-01  7.2112e-02  9.7791e-02  1.4219e-01
1999.74217570  3.8374e-01  5.6949e+02  1.0238e+01  1.1165e-01  7.6419e+01  6.0713e-01  7.6658e-02  9.7503e-02  1.4337e-01
1999.74240595  3.7946e-01  5.6510e+02  1.0225e+01  1.0674e-01  7.6157e+01  6.1295e-01  7.2266e-02  1.0733e-01  1.4621e-01
1999.74263622  4.0042e-01  5.6351e+02  1.0207e+01  1.1159e-01  7.7098e+01  6.1095e-01  7.7295e-02  1.0380e-01  1.4253e-01
1999.74286649  3.5248e-01  5.5391e+02  1.0225e+01  1.0922e-01  7.6272e+01  6.0308e-01  7.8923e-02  9.2729e-02  1.4882e-01
1999.74309677  3.7735e-01  5.4782e+02  1.0073e+01  1.2314e-01  7.6941e+01  5.9302e-01  7.2747e-02  1.1103e-01  1.4561e-01
1999.74332704  3.2545e-01  5.4564e+02  1.0089e+01  1.0774e-01  9.0611e+01  6.2918e-01  7.6431e-02  1.1605e-01  1.5875e-01
1999.74355734  2.4644e-01  5.4845e+02  1.0189e+01  9.1568e-02  9.8201e+01  6.8145e-01  7.7484e-02  1.2284e-01  1.5363e-01
1999.74378762  2.5751e-01  5.4697e+02  1.0128e+01  1.0191e-01  9.3403e+01  6.5719e-01  8.4329e-02  1.0647e-01  1.5667e-01
1999.74401786  2.9618e-01  5.4733e+02  9.9869e+00  1.2196e-01  8.3408e+01  6.0659e-01  7.6855e-02  1.2017e-01  1.6230e-01
1999.74424814  2.9379e-01  5.5240e+02  1.0021e+01  1.1594e-01  7.9080e+01  6.2506e-01  6.7425e-02  1.1767e-01  1.5314e-01
1999.74447841  2.7671e-01  5.6157e+02  1.0052e+01  1.0923e-01  8.0465e+01  6.2198e-01  6.8706e-02  1.2563e-01  1.4533e-01
1999.74470868  3.3207e-01  5.6249e+02  9.9720e+00  1.2347e-01  8.3828e+01  6.1071e-01  7.2640e-02  1.2064e-01  1.6940e-01
1999.74493896  3.0526e-01  5.6161e+02  9.8497e+00  1.3222e-01  8.5727e+01  6.1790e-01  7.5408e-02  1.2969e-01  1.8307e-01
1999.74516923  2.1448e-01  5.6407e+02  9.9069e+00  1.2346e-01  8.7559e+01  6.1783e-01  6.9580e-02  1.4960e-01  1.8110e-01
1999.74539951  2.2223e-01  5.6040e+02  9.9822e+00  1.3070e-01  9.2431e+01  6.5647e-01  6.2959e-02  1.2899e-01  1.7724e-01
1999.74562978  3.2352e-01  5.7351e+02  9.7787e+00  1.1135e-01  9.8797e+01  6.7430e-01  7.6601e-02  1.3115e-01  1.6904e-01
1999.74586005  2.7261e-01  5.7256e+02  9.7374e+00  1.1433e-01  1.0575e+02  6.5917e-01  9.1260e-02  1.2088e-01  1.6544e-01
1999.74609033  3.3349e-01  5.6657e+02  9.8721e+00  1.1887e-01  1.0831e+02  6.6750e-01  9.8570e-02  1.2238e-01  1.6810e-01
1999.74632063  3.4648e-01  5.6427e+02  9.9194e+00  1.1730e-01  1.1694e+02  6.6886e-01  1.0856e-01  1.4545e-01  1.6893e-01
1999.74655090  3.1443e-01  5.5286e+02  9.9397e+00  1.3003e-01  1.2420e+02  7.1365e-01  9.8430e-02  1.4931e-01  1.6675e-01
1999.74678118  3.3600e-01  5.3404e+02  1.0024e+01  1.4017e-01  1.2461e+02  6.8041e-01  1.0475e-01  1.3150e-01  1.7663e-01
1999.74701145  3.7248e-01  5.2727e+02  9.8182e+00  1.3721e-01  1.2473e+02  6.8207e-01  1.0278e-01  1.2954e-01  1.7836e-01
1999.74724173  3.6547e-01  5.1988e+02  9.8334e+00  1.5366e-01  1.2972e+02  7.4029e-01  9.7099e-02  1.5121e-01  1.7312e-01
1999.74747203  3.8151e-01  5.0959e+02  9.7415e+00  1.5909e-01  1.2127e+02  6.6067e-01  9.9243e-02  1.2259e-01  1.9151e-01
1999.74770230  3.9963e-01  5.0068e+02  9.7022e+00  1.6423e-01  1.1963e+02  6.8728e-01  9.2866e-02  1.5280e-01  1.8222e-01
1999.74793258  3.5698e-01  4.9417e+02  9.8069e+00  1.3734e-01  1.2413e+02  6.8348e-01  1.0300e-01  1.3709e-01  1.7514e-01
1999.74816285  3.4167e-01  4.8578e+02  1.0054e+01  1.1085e-01  1.2997e+02  7.0813e-01  9.5254e-02  1.3803e-01  1.4349e-01
1999.74839315  4.3093e-01  4.8236e+02  1.0218e+01  1.1869e-01  1.2752e+02  6.9127e-01  1.0048e-01  1.2171e-01  1.4932e-01
1999.74862342  3.7602e-01  4.7868e+02  1.0259e+01  1.1515e-01  1.2065e+02  6.6789e-01  1.0708e-01  1.1628e-01  1.6055e-01
1999.74885370  4.6203e-01  4.7855e+02  1.0419e+01  1.2280e-01  1.1891e+02  6.7949e-01  9.1342e-02  1.3570e-01  1.6132e-01
1999.74908397  4.2476e-01  4.7553e+02  1.0407e+01  1.3784e-01  1.1634e+02  5.9733e-01  8.4628e-02  1.4120e-01  1.5619e-01
1999.74931427  4.7544e-01  4.7074e+02  1.0214e+01  1.5150e-01  1.1992e+02  6.3316e-01  9.7039e-02  1.3742e-01  1.6528e-01
1999.74954455  4.8001e-01  4.5960e+02  1.0408e+01  1.4272e-01  1.1048e+02  6.3548e-01  1.0294e-01  1.3435e-01  1.4637e-01
1999.74977482  5.0202e-01  4.5351e+02  1.0775e+01  1.1003e-01  1.0635e+02  6.3564e-01  1.0502e-01  1.3230e-01  1.2902e-01
1999.75000510  4.9614e-01  4.4484e+02  1.0617e+01  1.2311e-01  9.3634e+01  5.5749e-01  1.0131e-01  1.5123e-01  1.4515e-01
1999.75023537  5.5875e-01  4.3822e+02  1.0425e+01  1.4088e-01  1.0140e+02  5.7560e-01  9.8502e-02  1.5220e-01  1.5570e-01
1999.75046570  6.3678e-01  4.3779e+02  1.0776e+01  1.1906e-01  9.5567e+01  5.7252e-01  1.0905e-01  1.1333e-01  1.3281e-01
1999.75069597  7.9306e-01  4.3685e+02  1.0829e+01  1.1639e-01  9.7692e+01  5.8009e-01  8.8879e-02  1.2935e-01  1.2918e-01
1999.75092625  7.6590e-01  4.3377e+02  1.0740e+01  1.5830e-01  9.9221e+01  5.2480e-01  9.1166e-02  1.2713e-01  1.5341e-01
1999.75115652  6.0019e-01  4.2173e+02  1.0682e+01  1.7575e-01  9.2764e+01  4.8135e-01  9.3668e-02  1.2738e-01  1.4168e-01
1999.75138682  6.2689e-01  4.1707e+02  1.0752e+01  1.5704e-01  9.8147e+01  5.2417e-01  1.0072e-01  1.1149e-01  1.4632e-01
1999.75161710  4.6307e-01  4.1097e+02  1.0719e+01  1.6080e-01  8.9794e+01  4.9346e-01  8.3581e-02  1.1302e-01  1.3565e-01
1999.75184737  4.1626e-01  4.0864e+02  1.0668e+01  2.0213e-01  7.9394e+01  4.7577e-01  8.9228e-02  1.1607e-01  1.4279e-01
1999.75207770  3.4925e-01  3.9941e+02  1.0568e+01  2.4392e-01  7.9657e+01  4.4353e-01  8.6715e-02  1.1806e-01  1.5665e-01
1999.75230797  2.1061e-01  3.9596e+02  1.0962e+01  1.1439e-01  6.2196e+01  4.1110e-01  1.5256e-01  1.4668e-01  1.4511e-01
1999.75253825  3.0923e-01  3.9950e+02  1.1106e+01  9.6833e-02  1.2854e+02  6.2137e-01  1.1314e-01  1.6591e-01  1.5460e-01
1999.75276852  2.7704e-01  4.0418e+02  1.0444e+01  9.2288e-02  1.2388e+02  7.4436e-01  1.2180e-01  1.5416e-01  1.5418e-01
1999.75299882  2.9012e-01  4.1000e+02  1.0224e+01  1.4621e-01  9.5412e+01  4.3007e-01  1.0455e-01  1.7918e-01  1.4861e-01
1999.75322910  2.5368e-01  4.0978e+02  1.0420e+01  2.1640e-01  9.0254e+01  5.1172e-01  1.1335e-01  1.5526e-01  1.7029e-01
1999.75345937  2.2353e-01  3.9070e+02  1.0337e+01  2.5204e-01  7.4215e+01  4.2685e-01  1.1775e-01  1.9441e-01  1.7790e-01
1999.75368970  2.5783e-01  3.7959e+02  9.9315e+00  2.5000e-01  8.8344e+01  4.8841e-01  1.1220e-01  1.3607e-01  1.7830e-01
1999.75391997  2.7793e-01  3.8168e+02  1.0328e+01  1.3704e-01  9.8964e+01  5.8142e-01  1.3027e-01  1.9330e-01  1.5448e-01
1999.75415027  3.5244e-01  3.9404e+02  1.0031e+01  1.6955e-01  8.5924e+01  5.1058e-01  1.2397e-01  1.5184e-01  1.5786e-01
1999.75438055  1.9749e-01  4.2014e+02  1.0041e+01  1.7560e-01  9.2992e+01  5.8692e-01  1.0675e-01  1.6994e-01  1.9196e-01
1999.75461082  2.1989e-01  4.2254e+02  9.9244e+00  1.6208e-01  9.9862e+01  7.1062e-01  1.3297e-01  1.7686e-01  1.8724e-01
1999.75484112  2.0743e-01  3.9992e+02  1.0449e+01  1.1393e-01  8.5438e+01  6.4758e-01  1.1695e-01  1.9649e-01  1.6030e-01
1999.75507140  1.9333e-01  4.0274e+02  1.0451e+01  1.4774e-01  8.0650e+01  6.1191e-01  1.1711e-01  1.7605e-01  2.0534e-01
1999.75530173  2.4871e-01  4.2470e+02  1.0171e+01  1.5962e-01  7.7682e+01  6.2650e-01  1.2064e-01  1.9064e-01  1.7809e-01
1999.75553200  2.6818e-01  4.2315e+02  1.0021e+01  1.8222e-01  8.0622e+01  6.3465e-01  1.3716e-01  1.8549e-01  1.5760e-01
1999.75576227  2.7708e-01  4.1805e+02  9.9107e+00  1.7624e-01  7.7757e+01  6.4874e-01  1.0685e-01  1.7860e-01  1.7660e-01
1999.75599258  3.3430e-01  4.1985e+02  1.0246e+01  1.6307e-01  8.2222e+01  6.7454e-01  1.2645e-01  1.7633e-01  1.8488e-01
1999.75622285  2.4159e-01  4.2434e+02  1.0225e+01  1.1906e-01  7.4167e+01  6.7472e-01  1.4604e-01  1.4270e-01  1.5305e-01
1999.75645318  1.2228e-01  4.2681e+02  1.0417e+01  8.9753e-02  7.9388e+01  7.3126e-01  1.3524e-01  1.5982e-01  1.7255e-01
1999.75668345  1.3955e-01  4.4269e+02  1.0389e+01  1.0413e-01  7.0129e+01  6.4939e-01  1.1518e-01  1.7958e-01  1.6720e-01
1999.75691375  1.3357e-01  4.4936e+02  9.7303e+00  1.0891e-01  6.4394e+01  6.0489e-01  1.2920e-01  1.6817e-01  1.6526e-01
1999.75714403  1.3251e-01  4.4895e+02  1.0002e+01  1.2097e-01  6.5589e+01  6.0029e-01  1.4107e-01  1.6086e-01  1.7235e-01
1999.75737433  9.3115e-02  4.6741e+02  9.9719e+00  9.4623e-02  6.7225e+01  6.8366e-01  1.3717e-01  1.5352e-01  1.4622e-01
1999.75760460  8.4587e-02  4.8795e+02  9.7222e+00  7.2441e-02  7.4186e+01  6.9675e-01  1.0921e-01  1.5573e-01  1.4500e-01
1999.75783504  1.2384e-01  5.0979e+02  9.3994e+00  8.8855e-02  7.7812e+01  6.1009e-01  1.0133e-01  1.7264e-01  1.7655e-01
1999.75806551  2.8210e-01  4.8776e+02  9.6091e+00  1.4042e-01  8.5510e+01  6.1946e-01  9.0663e-02  1.7661e-01  1.6975e-01
1999.75829397  3.5481e-01  4.6731e+02  9.9074e+00  1.3373e-01  8.3223e+01  5.9295e-01  8.1651e-02  1.3155e-01  1.4765e-01
1999.75852249  3.6161e-01  4.7033e+02  9.7638e+00  1.4835e-01  8.7799e+01  6.1218e-01  9.4043e-02  1.3703e-01  1.7417e-01
1999.75875099  3.6567e-01  4.7890e+02  9.5263e+00  1.5317e-01  8.2436e+01  5.6272e-01  8.3199e-02  1.4923e-01  1.7398e-01
1999.75897948  3.2392e-01  4.8894e+02  9.4792e+00  1.2939e-01  7.9260e+01  5.5797e-01  8.3840e-02  1.2945e-01  1.7435e-01
1999.75920797  4.0285e-01  5.0009e+02  9.4725e+00  1.0989e-01  8.3110e+01  5.8389e-01  8.7382e-02  1.5243e-01  1.7444e-01
1999.75943649  2.9612e-01  4.9370e+02  9.7051e+00  9.5607e-02  7.9815e+01  6.6586e-01  1.0382e-01  1.6098e-01  1.5103e-01
1999.75966499  4.9874e-01  4.7820e+02  9.6761e+00  1.1056e-01  7.4133e+01  6.0758e-01  1.2006e-01  1.3997e-01  1.5009e-01
1999.75989348  4.9700e-01  4.7707e+02  9.9796e+00  1.2361e-01  8.4125e+01  6.2451e-01  1.2756e-01  1.2681e-01  1.5185e-01
1999.76012200  3.0598e-01  5.2300e+02  1.0109e+01  1.1836e-01  7.6278e+01  6.2090e-01  1.0602e-01  1.1033e-01  1.5538e-01
1999.76035049  3.2507e-01  5.5903e+02  1.0045e+01  1.0418e-01  7.7539e+01  5.8894e-01  8.9232e-02  1.2794e-01  1.4695e-01
1999.76057899  3.2703e-01  5.6329e+02  1.0097e+01  1.1589e-01  8.5585e+01  6.0106e-01  9.5338e-02  1.1090e-01  1.5475e-01
1999.76080745  3.0352e-01  5.9081e+02  1.0165e+01  1.0825e-01  8.9057e+01  6.1533e-01  8.9203e-02  1.1446e-01  1.4423e-01
1999.76103592  2.9038e-01  5.7835e+02  1.0181e+01  1.0771e-01  9.1792e+01  6.4388e-01  8.7814e-02  1.2152e-01  1.3525e-01
1999.76126436  2.5248e-01  5.5108e+02  1.0225e+01  1.0731e-01  9.2277e+01  6.5483e-01  1.0689e-01  1.0835e-01  1.5197e-01
1999.76149279  2.2851e-01  5.4864e+02  1.0451e+01  1.0207e-01  1.0239e+02  6.7242e-01  9.3624e-02  1.2276e-01  1.4377e-01
1999.76172126  2.1127e-01  5.3026e+02  1.0312e+01  9.6230e-02  9.5298e+01  6.3305e-01  9.8924e-02  1.1508e-01  1.2596e-01
1999.76194970  2.3377e-01  5.7731e+02  1.0228e+01  9.9620e-02  9.5618e+01  6.2295e-01  9.7246e-02  1.0410e-01  1.3107e-01
1999.76217814  2.0902e-01  5.6423e+02  1.0223e+01  9.0343e-02  1.0130e+02  6.2988e-01  9.5164e-02  1.0103e-01  1.3322e-01
1999.76240660  1.6753e-01  5.6171e+02  1.0236e+01  8.6360e-02  1.0168e+02  6.4212e-01  1.0740e-01  1.1121e-01  1.3547e-01
1999.76263504  1.9283e-01  5.2984e+02  1.0440e+01  8.8650e-02  9.6035e+01  6.6634e-01  1.1113e-01  1.0840e-01  1.4561e-01
1999.76286348  2.3936e-01  5.2070e+02  1.0390e+01  9.5395e-02  9.6493e+01  6.4894e-01  1.0869e-01  1.0827e-01  1.4610e-01
1999.76309192  2.4544e-01  5.2655e+02  1.0045e+01  9.7915e-02  9.9787e+01  6.5606e-01  9.6202e-02  8.9110e-02  1.4026e-01
1999.76332038  2.1769e-01  5.1192e+02  1.0153e+01  9.2335e-02  1.0490e+02  6.1304e-01  9.8588e-02  8.6761e-02  1.2592e-01
1999.76354882  1.7483e-01  4.9022e+02  1.0636e+01  7.1266e-02  1.2577e+02  7.4051e-01  1.3756e-01  1.3116e-01  1.1750e-01
1999.76377726  1.8035e-01  4.7855e+02  1.0170e+01  1.0001e-01  1.1159e+02  7.8243e-01  1.3786e-01  1.0931e-01  1.4902e-01
1999.76400573  1.8619e-01  4.8092e+02  1.0253e+01  1.1337e-01  1.0684e+02  7.5915e-01  1.3286e-01  1.4134e-01  1.4337e-01
1999.76423416  1.6395e-01  4.6328e+02  1.0155e+01  1.0067e-01  1.1479e+02  7.8600e-01  1.4518e-01  1.6367e-01  1.4156e-01
1999.76446266  1.3431e-01  4.5399e+02  1.0054e+01  1.0369e-01  1.0061e+02  7.4897e-01  1.2748e-01  1.6219e-01  1.3974e-01
1999.76469110  1.1436e-01  4.5322e+02  9.9987e+00  1.2595e-01  9.3316e+01  7.0474e-01  1.1669e-01  1.3251e-01  1.5049e-01
1999.76491953  1.6372e-01  4.3975e+02  9.8830e+00  1.0737e-01  1.0620e+02  6.5493e-01  1.2639e-01  1.2832e-01  1.6062e-01
1999.76514800  1.7249e-01  4.3376e+02  9.9420e+00  1.1410e-01  1.0792e+02  6.8062e-01  1.3317e-01  1.4747e-01  1.4315e-01
1999.76537644  1.8323e-01  4.2021e+02  9.6743e+00  1.4411e-01  1.1556e+02  6.3740e-01  1.2546e-01  1.6318e-01  1.5876e-01
1999.76560490  2.3226e-01  4.1037e+02  1.0047e+01  1.1530e-01  1.0288e+02  6.2259e-01  1.1060e-01  1.3763e-01  1.7331e-01
1999.76583334  1.2947e-01  3.7599e+02  9.6323e+00  1.5345e-01  1.1107e+02  5.9027e-01  9.1230e-02  1.2620e-01  1.5340e-01
1999.76606181  1.1229e-01  3.6985e+02  9.0360e+00  1.5055e-01  9.1429e+01  6.1449e-01  8.2667e-02  1.3116e-01  1.3967e-01
1999.76629025  1.5588e-01  3.7447e+02  9.3550e+00  1.7072e-01  8.3814e+01  5.6863e-01  9.6670e-02  1.7376e-01  1.5147e-01
1999.76651868  2.4227e-01  3.9497e+02  9.6034e+00  1.2478e-01  1.1139e+02  5.9790e-01  1.2432e-01  1.5154e-01  1.7198e-01
1999.76674715  2.8561e-01  4.1583e+02  9.7282e+00  7.7722e-02  1.0643e+02  6.3590e-01  1.5132e-01  1.6060e-01  1.5295e-01
1999.76697559  3.0663e-01  4.0347e+02  9.7582e+00  7.2423e-02  1.2518e+02  6.9734e-01  1.2457e-01  1.5088e-01  1.4837e-01
1999.76720405  3.9173e-01  4.0255e+02  9.7915e+00  7.3415e-02  1.3518e+02  8.7089e-01  1.3282e-01  1.8109e-01  1.5164e-01
1999.76743249  3.3617e-01  4.1748e+02  9.6555e+00  1.3264e-01  1.0831e+02  7.5173e-01  1.2451e-01  1.7716e-01  1.7093e-01
1999.76766096  3.7188e-01  4.3712e+02  9.7307e+00  2.1565e-01  9.6544e+01  6.0735e-01  1.0526e-01  1.3619e-01  2.0933e-01
1999.76788942  5.0915e-01  4.5338e+02  9.9370e+00  1.8509e-01  1.0996e+02  6.5295e-01  9.2089e-02  1.5778e-01  2.0380e-01
1999.76811786  4.5337e-01  4.6593e+02  9.9645e+00  1.6949e-01  1.1677e+02  6.9954e-01  8.1793e-02  1.3567e-01  1.9347e-01
1999.76834633  2.4078e-01  4.6784e+02  1.0226e+01  1.2873e-01  1.1491e+02  6.7393e-01  1.0165e-01  1.4015e-01  1.9039e-01
1999.76857477  1.9326e-01  4.4481e+02  1.0346e+01  1.2710e-01  1.0352e+02  7.0993e-01  8.2261e-02  1.4281e-01  1.5629e-01
1999.76880323  1.3127e-01  4.3942e+02  1.0433e+01  1.1811e-01  9.0888e+01  6.7256e-01  1.0810e-01  1.2487e-01  1.3569e-01
1999.76903167  1.0490e-01  4.3204e+02  1.0438e+01  1.0458e-01  9.1139e+01  7.0746e-01  1.1692e-01  1.7444e-01  1.4524e-01
1999.76926014  1.8482e-01  4.2121e+02  1.0351e+01  8.0216e-02  8.6885e+01  6.9194e-01  1.3076e-01  1.9987e-01  1.6529e-01
1999.76948860  2.3029e-01  4.0710e+02  1.0402e+01  7.6118e-02  8.1017e+01  6.5512e-01  1.4346e-01  1.8069e-01  1.6459e-01
1999.76971704  2.0565e-01  4.0018e+02  1.0317e+01  7.4655e-02  7.5338e+01  6.7982e-01  1.3974e-01  1.8026e-01  1.7118e-01
1999.76994553  2.2118e-01  3.9434e+02  9.7512e+00  1.0010e-01  7.6839e+01  6.9554e-01  1.3949e-01  1.7944e-01  1.7429e-01
1999.77017400  2.1583e-01  3.9581e+02  1.0490e+01  8.6011e-02  7.3809e+01  7.8363e-01  1.4199e-01  1.7950e-01  1.7004e-01
1999.77040244  4.1501e-01  3.9572e+02  1.0407e+01  1.1753e-01  1.0556e+02  7.0516e-01  9.9550e-02  1.4184e-01  1.5145e-01
1999.77063090  4.1093e-01  3.9426e+02  1.0031e+01  1.2393e-01  1.1121e+02  6.9537e-01  8.1349e-02  1.3180e-01  1.5933e-01
1999.77085937  4.0834e-01  3.7940e+02  9.9148e+00  1.5819e-01  1.1616e+02  7.3794e-01  7.9222e-02  1.4146e-01  1.6164e-01
1999.77108781  3.7001e-01  3.8881e+02  1.0078e+01  1.4471e-01  1.0819e+02  6.4019e-01  9.6522e-02  1.2093e-01  1.3420e-01
1999.77131627  3.5472e-01  3.9003e+02  1.0770e+01  1.2777e-01  1.0914e+02  6.1726e-01  9.2235e-02  1.4528e-01  1.5318e-01
1999.77154474  5.4096e-01  3.9829e+02  1.0358e+01  1.1078e-01  1.0798e+02  6.4952e-01  1.0429e-01  1.2662e-01  1.4844e-01
1999.77177321  4.8590e-01  4.0215e+02  1.0823e+01  1.4138e-01  6.0676e+01  4.0773e-01  1.2546e-01  1.6748e-01  1.8240e-01
1999.77200164  4.4891e-01  4.1674e+02  1.0825e+01  1.4659e-01  5.3174e+01  3.9397e-01  1.4051e-01  1.5277e-01  1.6141e-01
1999.77223011  9.8528e-01  4.2407e+02  1.0286e+01  1.5363e-01  9.6571e+01  6.0266e-01  1.0318e-01  1.4909e-01  1.6142e-01
1999.77245858  4.1844e-01  4.5275e+02  1.0702e+01  1.4860e-01  9.9598e+01  6.0537e-01  1.0865e-01  1.6178e-01  1.5540e-01
1999.77268701  2.1091e-01  5.2588e+02  9.8329e+00  9.8081e-02  9.8638e+01  6.2714e-01  1.0823e-01  1.3275e-01  1.6989e-01
1999.77291551  1.9351e-01  5.4826e+02  9.6360e+00  1.3239e-01  9.2762e+01  6.2271e-01  1.1352e-01  1.7634e-01  1.9516e-01
1999.77314397  3.1471e-01  5.2940e+02  9.6797e+00  1.3662e-01  9.5576e+01  6.2438e-01  1.0780e-01  1.7490e-01  2.0316e-01
1999.77337244  2.8408e-01  5.1161e+02  9.2500e+00  2.0218e-01  9.4501e+01  6.2751e-01  1.0783e-01  1.5504e-01  2.2546e-01
1999.77360090  1.6965e-01  5.4667e+02  9.7974e+00  8.4914e-02  8.2085e+01  6.5872e-01  1.1350e-01  1.7652e-01  1.6549e-01
1999.77382934  1.0527e-01  5.7919e+02  9.8606e+00  9.1646e-02  5.9943e+01  5.8850e-01  1.0451e-01  1.8227e-01  1.9920e-01
1999.77405781  1.3723e-01  5.7888e+02  9.7129e+00  1.0586e-01  6.1376e+01  5.7942e-01  1.1070e-01  1.8433e-01  2.3215e-01
1999.77428627  1.5855e-01  5.8437e+02  9.5626e+00  1.2369e-01  6.1859e+01  6.6365e-01  1.1258e-01  1.8812e-01  2.0225e-01
1999.77451474  7.7519e-02  6.1161e+02  9.6090e+00  1.2037e-01  5.4054e+01  6.0801e-01  1.1751e-01  1.7154e-01  2.1615e-01
1999.77474321  3.8380e-02  6.4106e+02  9.5113e+00  1.1968e-01  4.6897e+01  5.9227e-01  1.1863e-01  1.9990e-01  2.1720e-01
1999.77497167  1.4357e-02  6.7762e+02  1.0024e+01  7.7442e-02  3.7312e+01  5.8584e-01  1.2136e-01  1.9074e-01  1.9239e-01
1999.77520016  7.5741e-03  7.5770e+02  9.3299e+00  1.1165e-01  3.0863e+01  6.2889e-01  1.2684e-01  2.2586e-01  2.0795e-01
1999.77542860  5.5687e-03  7.5616e+02  9.5251e+00  5.9887e-02  3.1461e+01  6.0155e-01  1.4748e-01  2.1605e-01  1.3444e-01
1999.77565707  7.8836e-03  7.8111e+02  1.0816e+01  5.3295e-02  5.2890e+01  6.0245e-01  1.3500e-01  2.3448e-01  1.8600e-01
1999.77588553  1.1843e-02  7.7104e+02  1.0326e+01  6.5032e-02  6.2812e+01  6.7689e-01  1.6915e-01  2.0856e-01  1.9039e-01
1999.77611400  1.9458e-02  7.4550e+02  1.0162e+01  6.5211e-02  6.3834e+01  6.3018e-01  1.6568e-01  1.7124e-01  1.5653e-01
1999.77634247  5.4909e-02  6.0495e+02  9.7109e+00  1.0481e-01  7.6544e+01  6.8254e-01  1.3345e-01  1.5611e-01  1.8580e-01
1999.77657093  1.0377e-01  5.6711e+02  9.5901e+00  1.4939e-01  8.8731e+01  7.2187e-01  1.4617e-01  1.7379e-01  1.6951e-01
1999.77679940  1.0255e-01  5.6519e+02  9.5047e+00  1.8765e-01  7.4078e+01  6.4983e-01  1.6224e-01  1.6044e-01  1.9753e-01
1999.77702786  2.6190e-01  5.4914e+02  9.8301e+00  1.7881e-01  8.5269e+01  5.8446e-01  1.2873e-01  1.5381e-01  1.8092e-01
1999.77725633  4.3957e-01  5.6169e+02  9.9780e+00  1.4288e-01  1.0872e+02  7.0002e-01  1.2420e-01  1.4723e-01  1.7305e-01
1999.77748482  4.2471e-01  5.6269e+02  1.0120e+01  1.2655e-01  1.0236e+02  6.2003e-01  1.1061e-01  1.4681e-01  1.6998e-01
1999.77771329  2.9487e-01  5.6541e+02  1.0305e+01  1.5551e-01  9.2929e+01  5.9602e-01  1.3054e-01  1.5499e-01  1.8348e-01
1999.77794175  3.6475e-01  5.7292e+02  1.0914e+01  1.2286e-01  8.8187e+01  6.0564e-01  1.2645e-01  1.5022e-01  1.3521e-01
1999.77817022  2.7288e-01  5.8884e+02  1.0976e+01  1.0993e-01  8.7919e+01  6.0768e-01  1.1860e-01  1.1885e-01  1.3257e-01
1999.77839868  4.1690e-01  6.2245e+02  1.1173e+01  8.9158e-02  8.0020e+01  6.1514e-01  9.9707e-02  9.3238e-02  1.0755e-01
1999.77862715  4.2839e-01  6.2002e+02  1.0944e+01  1.0838e-01  8.2699e+01  5.6598e-01  1.0215e-01  1.2220e-01  1.1259e-01
1999.77885562  4.7490e-01  6.1845e+02  1.0799e+01  1.0432e-01  8.1052e+01  5.8751e-01  9.2972e-02  1.2048e-01  1.2753e-01
1999.77908408  4.2706e-01  6.1511e+02  1.0741e+01  1.1546e-01  8.1030e+01  6.0260e-01  9.3533e-02  1.2826e-01  1.2773e-01
1999.77931258  3.6794e-01  6.1284e+02  1.0752e+01  1.2297e-01  8.1209e+01  5.7589e-01  9.6470e-02  1.2084e-01  1.4449e-01
1999.77954104  3.9219e-01  6.0934e+02  1.0854e+01  1.1705e-01  7.7474e+01  5.7430e-01  8.9647e-02  1.2364e-01  1.2296e-01
1999.77976951  4.4736e-01  5.9368e+02  1.0918e+01  1.1420e-01  8.5949e+01  5.9427e-01  8.1437e-02  1.1408e-01  1.4426e-01
1999.77999797  4.1788e-01  5.8431e+02  1.0974e+01  1.1577e-01  8.7519e+01  5.8731e-01  8.9720e-02  1.0838e-01  1.1852e-01
1999.78022638  4.5428e-01  5.7753e+02  1.1062e+01  1.0918e-01  8.4631e+01  6.2259e-01  7.7800e-02  1.0413e-01  1.2374e-01
1999.78045482  2.9192e-01  5.6989e+02  1.1421e+01  8.4880e-02  9.0150e+01  6.2784e-01  8.1437e-02  1.1489e-01  1.2292e-01
1999.78068326  3.2455e-01  5.7461e+02  1.1077e+01  9.9568e-02  8.4488e+01  6.1706e-01  8.0107e-02  1.1414e-01  1.3186e-01
1999.78091164  3.9198e-01  5.7215e+02  1.1101e+01  9.9971e-02  8.2323e+01  5.6848e-01  8.7587e-02  1.1178e-01  1.4115e-01
1999.78114008  3.2738e-01  5.7715e+02  1.1045e+01  9.8629e-02  8.8235e+01  6.2168e-01  8.6178e-02  1.0827e-01  1.3278e-01
1999.78136852  2.0453e-01  6.4689e+02  1.1422e+01  7.2481e-02  9.4957e+01  6.4542e-01  1.0154e-01  1.0961e-01  1.1898e-01
1999.78159693  1.9984e-01  6.5106e+02  1.1159e+01  7.5562e-02  8.4751e+01  6.5693e-01  9.9619e-02  1.0441e-01  1.1642e-01
1999.78182537  2.1465e-01  6.5060e+02  1.1266e+01  7.8016e-02  8.0029e+01  6.4471e-01  1.0887e-01  1.0405e-01  1.1382e-01
1999.78205381  2.3064e-01  6.4255e+02  1.1248e+01  7.6237e-02  8.1537e+01  6.0016e-01  9.3895e-02  1.0067e-01  1.2576e-01
1999.78228222  2.4967e-01  6.2876e+02  1.1300e+01  8.3066e-02  8.9062e+01  6.3067e-01  1.0245e-01  1.0169e-01  1.1719e-01
1999.78251066  3.0643e-01  6.1997e+02  1.1290e+01  7.5444e-02  9.6350e+01  6.0734e-01  9.5456e-02  9.3073e-02  1.1638e-01
1999.78273910  3.5559e-01  6.1568e+02  1.1102e+01  9.1373e-02  9.6512e+01  6.4284e-01  9.9007e-02  9.3859e-02  1.4080e-01
1999.78296753  3.4167e-01  6.0805e+02  1.1038e+01  1.0174e-01  9.7766e+01  6.5926e-01  8.7916e-02  1.1682e-01  1.3897e-01
1999.78319595  2.9273e-01  6.1267e+02  1.0918e+01  9.6327e-02  9.7560e+01  6.6403e-01  9.9951e-02  1.1039e-01  1.4253e-01
1999.78342438  3.0422e-01  6.0871e+02  1.0827e+01  1.0190e-01  8.4529e+01  6.0711e-01  8.7311e-02  1.1651e-01  1.4414e-01
1999.78365282  2.1977e-01  6.2972e+02  1.1032e+01  6.9333e-02  9.0855e+01  6.4184e-01  8.4011e-02  1.0090e-01  1.1290e-01
1999.78388126  3.2102e-01  6.4209e+02  1.1020e+01  9.4530e-02  7.8811e+01  6.2809e-01  8.4951e-02  1.1145e-01  1.2852e-01
1999.78410964  3.1211e-01  6.4277e+02  1.1145e+01  1.0147e-01  7.5894e+01  6.1025e-01  8.7586e-02  1.0594e-01  1.3067e-01
1999.78433808  4.7728e-01  6.4257e+02  1.1234e+01  1.0921e-01  7.4357e+01  6.2090e-01  8.1194e-02  1.1242e-01  1.2827e-01
1999.78456652  4.1462e-01  6.4133e+02  1.1268e+01  1.0906e-01  7.7845e+01  6.5170e-01  8.9587e-02  1.0515e-01  1.2780e-01
1999.78479496  3.7257e-01  6.3291e+02  1.1347e+01  1.0278e-01  7.9105e+01  6.2103e-01  8.1114e-02  1.0843e-01  1.1964e-01
1999.78502337  2.6497e-01  6.2055e+02  1.1182e+01  9.2254e-02  8.4914e+01  6.2905e-01  9.3882e-02  1.0725e-01  1.2450e-01
1999.78525181  3.6226e-01  6.2554e+02  1.1025e+01  8.7143e-02  8.5525e+01  6.2306e-01  8.8984e-02  1.1469e-01  1.3169e-01
1999.78548025  3.3090e-01  6.2766e+02  1.0895e+01  9.9817e-02  8.4287e+01  6.0482e-01  8.3909e-02  1.0996e-01  1.4565e-01
1999.78570868  2.1245e-01  6.3599e+02  1.0433e+01  9.0190e-02  8.6738e+01  6.4412e-01  8.5079e-02  1.1927e-01  1.6053e-01
1999.78593712  1.5642e-01  7.3699e+02  1.0214e+01  1.1383e-01  7.4329e+01  6.6241e-01  7.2028e-02  1.6481e-01  1.7053e-01
1999.78616556  1.1242e-01  7.6873e+02  1.0057e+01  1.3443e-01  6.8562e+01  6.2745e-01  8.4746e-02  1.4418e-01  1.8388e-01
1999.78639400  1.2855e-01  7.5447e+02  1.0163e+01  1.5029e-01  6.7416e+01  6.2016e-01  6.9146e-02  1.5208e-01  1.7632e-01
1999.78662241  1.8938e-01  7.4357e+02  1.0517e+01  1.1570e-01  7.7846e+01  6.4119e-01  7.2960e-02  1.2853e-01  1.9076e-01
1999.78685085  1.7887e-01  7.3410e+02  1.0459e+01  1.3125e-01  7.0428e+01  6.1866e-01  8.4961e-02  1.4784e-01  1.8633e-01
1999.78707929  1.6341e-01  7.4108e+02  1.0316e+01  1.3283e-01  6.9453e+01  6.0191e-01  8.0176e-02  1.4435e-01  1.9842e-01
1999.78730770  1.4572e-01  7.4361e+02  1.0144e+01  1.6432e-01  7.0511e+01  6.1058e-01  7.0486e-02  1.6822e-01  2.1332e-01
1999.78753614  1.5865e-01  7.3177e+02  1.0052e+01  1.5024e-01  7.7881e+01  6.2993e-01  7.4342e-02  1.8179e-01  2.0935e-01
1999.78776458  1.2106e-01  7.2595e+02  1.0014e+01  1.3219e-01  9.9488e+01  6.6299e-01  8.9949e-02  1.8198e-01  2.0796e-01
1999.78799301  1.5716e-01  7.1744e+02  1.0134e+01  1.3166e-01  8.4243e+01  6.1779e-01  9.7929e-02  1.7910e-01  2.1542e-01
1999.78822145  1.2679e-01  7.1321e+02  1.0127e+01  1.5152e-01  8.2317e+01  6.3809e-01  8.4784e-02  1.7368e-01  2.3075e-01
1999.78844989  1.0487e-01  7.1299e+02  9.9354e+00  2.0157e-01  7.7039e+01  6.4457e-01  8.1341e-02  1.7792e-01  2.5603e-01
1999.78867833  1.1131e-01  7.2309e+02  1.0118e+01  1.5304e-01  7.5908e+01  6.3146e-01  6.5369e-02  1.4843e-01  2.2138e-01
1999.78890677  1.4526e-01  7.1596e+02  1.0081e+01  1.4023e-01  7.9065e+01  6.1501e-01  8.4976e-02  1.5267e-01  1.9308e-01
1999.78913521  1.6084e-01  7.0361e+02  1.0115e+01  1.2807e-01  7.7969e+01  6.2543e-01  9.6192e-02  1.1271e-01  1.5550e-01
1999.78936364  1.4495e-01  6.9058e+02  1.0190e+01  1.0273e-01  8.5725e+01  6.0445e-01  1.0093e-01  1.1518e-01  1.2776e-01
1999.78959208  1.7609e-01  6.7370e+02  1.0804e+01  8.8824e-02  8.7908e+01  6.2374e-01  1.1679e-01  9.7481e-02  1.1987e-01
1999.78982052  2.0730e-01  6.4430e+02  1.0975e+01  8.3375e-02  9.6971e+01  6.7189e-01  1.0780e-01  9.5797e-02  1.3492e-01
1999.79004896  1.7192e-01  6.2512e+02  1.0918e+01  7.1802e-02  9.2984e+01  6.1674e-01  1.2052e-01  1.0303e-01  1.0656e-01
1999.79027740  2.1362e-01  6.2832e+02  1.1229e+01  7.7653e-02  8.0167e+01  6.2655e-01  9.7161e-02  1.1079e-01  1.0284e-01
1999.79050584  2.5170e-01  6.2741e+02  1.1242e+01  8.7856e-02  8.3899e+01  6.6320e-01  1.0814e-01  9.7848e-02  1.1893e-01
1999.79073427  2.7268e-01  6.2176e+02  1.1281e+01  8.1032e-02  8.9333e+01  5.9828e-01  1.0228e-01  9.9901e-02  1.1288e-01
1999.79096274  3.3098e-01  6.2330e+02  1.1251e+01  9.5035e-02  9.2528e+01  6.5372e-01  1.1564e-01  1.0339e-01  1.1680e-01
1999.79119118  3.0776e-01  6.1457e+02  1.1253e+01  7.8727e-02  8.4429e+01  6.2611e-01  9.8713e-02  1.0498e-01  1.0902e-01
1999.79141962  2.6423e-01  6.0799e+02  1.1113e+01  8.1669e-02  8.6839e+01  6.5543e-01  1.1011e-01  9.9591e-02  1.1260e-01
1999.79164805  2.6042e-01  5.9623e+02  1.1165e+01  7.4576e-02  7.1396e+01  5.9164e-01  8.7246e-02  8.2773e-02  1.0971e-01
1999.79187649  2.9724e-01  5.8459e+02  1.1248e+01  9.4013e-02  8.0166e+01  5.7148e-01  7.9959e-02  1.0475e-01  1.1694e-01
1999.79210493  3.7557e-01  5.6715e+02  1.0870e+01  1.0708e-01  8.9210e+01  6.6358e-01  9.0044e-02  1.3460e-01  1.5725e-01
1999.79233337  2.9449e-01  5.5934e+02  1.1087e+01  1.1559e-01  8.6899e+01  5.9328e-01  8.3002e-02  1.2645e-01  1.4257e-01
1999.79256184  3.2313e-01  5.4866e+02  1.0855e+01  1.2497e-01  8.7756e+01  6.1855e-01  9.6225e-02  1.2896e-01  1.5494e-01
1999.79279027  3.5799e-01  5.3851e+02  1.0668e+01  1.2576e-01  9.1745e+01  6.0701e-01  1.0348e-01  1.1930e-01  1.5644e-01
1999.79301871  3.6365e-01  5.2852e+02  1.0509e+01  1.1244e-01  9.6378e+01  6.1542e-01  9.4307e-02  1.4119e-01  1.2358e-01
1999.79324715  4.5681e-01  5.2117e+02  1.0338e+01  1.2101e-01  1.0510e+02  5.8704e-01  1.0875e-01  1.2458e-01  1.5665e-01
1999.79347559  4.9238e-01  5.0666e+02  1.0309e+01  1.4177e-01  1.0697e+02  6.1866e-01  1.1974e-01  1.3390e-01  1.6442e-01
1999.79370405  4.1725e-01  4.9417e+02  1.0579e+01  1.4055e-01  1.0127e+02  5.9574e-01  1.0996e-01  1.4506e-01  1.4731e-01
1999.79393249  4.7182e-01  4.8677e+02  1.0448e+01  1.3935e-01  9.9183e+01  5.2736e-01  1.0852e-01  1.5883e-01  1.4621e-01
1999.79416093  4.6455e-01  4.7787e+02  1.0503e+01  1.3232e-01  9.6139e+01  5.7589e-01  1.0956e-01  1.4727e-01  1.4262e-01
1999.79438937  4.9779e-01  4.7058e+02  1.0471e+01  1.3091e-01  1.0830e+02  6.9457e-01  1.0082e-01  1.1459e-01  1.5591e-01
1999.79461784  5.2600e-01  4.6680e+02  1.0486e+01  1.2520e-01  1.1016e+02  6.3896e-01  1.0138e-01  1.3203e-01  1.4181e-01
1999.79484627  4.6653e-01  4.6033e+02  1.0518e+01  1.2014e-01  1.1120e+02  5.9997e-01  1.1004e-01  1.4428e-01  1.3019e-01
1999.79507471  3.1977e-01  4.5043e+02  1.0523e+01  9.1893e-02  1.2477e+02  6.7665e-01  1.1155e-01  1.2005e-01  1.2611e-01
1999.79530318  3.3559e-01  4.4390e+02  1.0034e+01  9.7409e-02  1.1830e+02  6.2543e-01  9.9793e-02  1.3537e-01  1.2672e-01
1999.79553162  4.7219e-01  4.5682e+02  1.0276e+01  1.0879e-01  1.2855e+02  6.1112e-01  1.0992e-01  1.1975e-01  1.3512e-01
1999.79576005  4.9060e-01  4.5141e+02  1.0110e+01  9.6228e-02  1.3972e+02  6.8167e-01  1.2154e-01  1.0681e-01  1.4232e-01
1999.79598849  4.1035e-01  4.4289e+02  1.0382e+01  8.9190e-02  1.5339e+02  7.7813e-01  1.1517e-01  1.4025e-01  1.3551e-01
1999.79621696  3.0945e-01  4.3139e+02  1.0176e+01  8.6401e-02  1.5906e+02  7.5773e-01  1.1301e-01  1.4776e-01  1.2153e-01
1999.79644537  3.3494e-01  4.2241e+02  1.1203e+01  8.3784e-02  1.2310e+02  7.2001e-01  1.2446e-01  1.3490e-01  1.4437e-01
1999.79667378  4.6047e-01  4.0978e+02  1.1574e+01  7.5616e-02  1.1908e+02  6.9643e-01  1.0555e-01  1.3407e-01  1.3116e-01
1999.79690222  4.6824e-01  4.0298e+02  1.1477e+01  7.8804e-02  1.3103e+02  7.2384e-01  1.0881e-01  1.3872e-01  1.3064e-01
1999.79713060  3.6078e-01  4.0179e+02  1.1438e+01  9.7729e-02  1.1061e+02  6.2102e-01  1.0393e-01  1.4535e-01  1.4143e-01
1999.79735901  2.4124e-01  3.8505e+02  1.0985e+01  9.0512e-02  1.3434e+02  7.4180e-01  1.3655e-01  1.5815e-01  1.3527e-01
1999.79758742  1.4788e-01  3.7642e+02  1.0381e+01  3.3843e-01  8.4883e+01  4.8591e-01  1.2537e-01  1.6363e-01  1.8999e-01
1999.79781584  1.8170e-01  3.6184e+02  1.0470e+01  3.4132e-01  1.1384e+02  5.6107e-01  1.0749e-01  1.7230e-01  2.2727e-01
1999.79804425  1.8257e-01  3.5572e+02  1.1068e+01  1.5608e-01  1.0661e+02  5.7688e-01  1.2975e-01  2.1855e-01  1.6147e-01
1999.79827263  1.1583e-01  3.6340e+02  1.0980e+01  1.0650e-01  1.0351e+02  4.9541e-01  1.4192e-01  1.9144e-01  1.5534e-01
1999.79850104  9.7921e-02  3.6569e+02  1.0918e+01  8.1912e-02  9.9959e+01  5.9721e-01  1.1846e-01  2.2250e-01  1.5341e-01
1999.79872948  8.1240e-02  3.6642e+02  1.1428e+01  1.1981e-01  9.3409e+01  6.0766e-01  1.2355e-01  1.9854e-01  1.4737e-01
1999.79895789  7.3984e-02  3.6164e+02  1.1900e+01  1.2299e-01  1.0672e+02  7.7567e-01  1.9914e-01  2.5248e-01  2.2092e-01
1999.79918630  1.1600e-01  3.6038e+02  1.1453e+01  1.2919e-01  1.1225e+02  7.7978e-01  1.5047e-01  1.7365e-01  1.9875e-01
1999.79941471  1.0787e-01  3.6849e+02  1.0990e+01  2.5338e-01  9.5229e+01  4.4456e-01  1.6863e-01  2.0485e-01  1.9578e-01
1999.79964310  1.5655e-01  3.6503e+02  1.1653e+01  1.9135e-01  1.2089e+02  5.4103e-01  1.4531e-01  1.8409e-01  2.0053e-01
1999.79987151  1.2473e-01  3.6888e+02  1.1228e+01  2.5564e-01  1.1434e+02  5.2088e-01  1.5412e-01  2.3357e-01  2.0516e-01
1999.80009995  1.2523e-01  3.7070e+02  1.1433e+01  1.9339e-01  9.5552e+01  4.4907e-01  1.3015e-01  1.7075e-01  1.6978e-01
1999.80032836  8.2518e-02  3.5428e+02  1.1253e+01  3.8076e-01  7.7058e+01  4.1912e-01  1.7426e-01  2.6069e-01  2.5911e-01
1999.80055677  1.1349e-01  3.5569e+02  1.0968e+01  3.6461e-01  1.0816e+02  4.4800e-01  1.4512e-01  2.1786e-01  2.0476e-01
1999.80078518  1.0718e-01  3.5449e+02  1.0820e+01  2.4823e-01  7.5995e+01  4.2828e-01  1.4980e-01  2.2363e-01  1.8023e-01
1999.80101362  1.4062e-01  3.5296e+02  1.1343e+01  1.7398e-01  6.8798e+01  3.1424e-01  1.8151e-01  2.0648e-01  1.6025e-01
1999.80124200  3.2275e-01  3.4281e+02  1.1115e+01  1.9751e-01  1.1973e+02  3.7925e-01  1.7265e-01  1.4554e-01  1.7800e-01
1999.80147041  3.1077e-01  3.4315e+02  1.1055e+01  2.4384e-01  1.3804e+02  4.7701e-01  1.8225e-01  1.6942e-01  1.8628e-01
1999.80169882  1.6446e-01  3.3809e+02  1.0667e+01  2.5189e-01  7.5604e+01  2.8587e-01  1.7181e-01  1.8942e-01  1.9128e-01
1999.80192726  3.4103e-01  3.3298e+02  1.0380e+01  2.6446e-01  1.0934e+02  4.4295e-01  1.6903e-01  1.5566e-01  1.8312e-01
1999.80215567  2.6209e-01  3.3747e+02  1.0334e+01  2.9584e-01  1.0687e+02  4.0494e-01  1.6819e-01  2.1758e-01  1.9949e-01
1999.80238408  2.7721e-01  3.3588e+02  1.0163e+01  4.8066e-01  9.8871e+01  3.5390e-01  1.8823e-01  2.4956e-01  2.4308e-01
1999.80261249  2.0727e-01  3.4426e+02  1.0392e+01  3.6208e-01  6.6710e+01  2.7837e-01  1.9685e-01  2.3146e-01  2.2317e-01
1999.80284090  6.9405e-01  4.2373e+02  1.0429e+01  3.0661e-01  8.1112e+01  5.4337e-01  1.4965e-01  1.9828e-01  2.1911e-01
1999.80306932  7.7561e-01  4.4833e+02  1.1379e+01  1.0523e-01  8.1533e+01  5.7105e-01  1.4452e-01  1.7758e-01  1.9638e-01
1999.80329775  3.4413e-01  4.5068e+02  1.1050e+01  2.4364e-01  9.8978e+01  6.0563e-01  1.5720e-01  1.8934e-01  2.0241e-01
1999.80352616  2.4201e-01  4.2966e+02  1.0575e+01  2.4461e-01  1.0853e+02  6.7104e-01  1.5479e-01  2.7655e-01  2.0814e-01
1999.80375458  2.6967e-01  4.1990e+02  1.1033e+01  1.4390e-01  1.6052e+02  7.7017e-01  1.7208e-01  2.5096e-01  1.6540e-01
1999.80398301  3.8941e-01  4.5851e+02  1.0992e+01  1.0062e-01  1.5602e+02  6.7442e-01  1.2318e-01  1.9405e-01  1.6706e-01
1999.80421140  3.4661e-01  4.7294e+02  1.1688e+01  7.3857e-02  1.5322e+02  8.0787e-01  1.5238e-01  2.3749e-01  1.5257e-01
1999.80443984  3.8717e-01  4.9908e+02  1.0878e+01  1.4520e-01  1.2384e+02  6.4923e-01  1.5786e-01  2.3416e-01  2.1207e-01
1999.80466825  7.1474e-01  4.8788e+02  1.0065e+01  2.1078e-01  9.0117e+01  5.1373e-01  1.2712e-01  1.5230e-01  1.8140e-01
1999.80489668  3.9207e-01  4.7623e+02  1.0423e+01  4.0032e-01  4.9756e+01  3.1710e-01  1.3874e-01  1.8316e-01  2.2509e-01
1999.80512510  3.0147e-01  4.7583e+02  1.2556e+01  2.1861e-01  5.6172e+01  4.6396e-01  1.7236e-01  1.8910e-01  1.6219e-01
1999.80535351  1.1491e-01  4.7865e+02  1.3715e+01  2.4286e-01  1.2799e+01  1.4945e-01  2.3421e-01  3.0096e-01  2.0875e-01
1999.80558195  1.7743e-01  4.9333e+02  1.1526e+01  3.4462e-01  5.0841e+01  4.7739e-01  1.8467e-01  2.4625e-01  2.3364e-01
1999.80581036  2.1327e-01  5.2487e+02  1.0597e+01  1.3927e-01  1.2139e+02  7.0938e-01  1.7180e-01  1.9138e-01  1.2133e-01
1999.80603879  5.9156e-01  5.8527e+02  1.3028e+01  2.5406e-01  9.6666e+01  5.9588e-01  1.5895e-01  1.9647e-01  2.4230e-01
1999.80626718  4.9957e-01  6.6987e+02  1.2839e+01  7.2169e-02  8.9787e+01  6.5979e-01  1.2984e-01  1.3455e-01  1.4035e-01
1999.80649562  3.4792e-01  6.8300e+02  1.2120e+01  7.7821e-02  9.0044e+01  6.3818e-01  1.3405e-01  1.1284e-01  1.1731e-01
1999.80672403  1.7620e-01  6.8946e+02  1.1199e+01  5.9349e-02  8.4347e+01  6.4581e-01  1.0065e-01  1.0767e-01  1.0756e-01
1999.80695247  2.0244e-01  6.8992e+02  1.1318e+01  6.1352e-02  8.5132e+01  6.6964e-01  1.0203e-01  9.6304e-02  1.0962e-01
1999.80718090  2.2401e-01  6.9518e+02  1.0806e+01  8.1085e-02  7.2852e+01  6.3371e-01  1.0021e-01  8.0898e-02  1.2769e-01
1999.80740932  2.1779e-01  6.8317e+02  1.0815e+01  8.7067e-02  8.8325e+01  6.8228e-01  1.1335e-01  1.0546e-01  1.2779e-01
1999.80763773  2.4845e-01  6.7763e+02  1.0784e+01  8.7526e-02  8.2115e+01  6.5314e-01  1.1232e-01  9.3890e-02  1.1758e-01
1999.80786611  3.0571e-01  6.4913e+02  1.0966e+01  9.4178e-02  8.2712e+01  6.7556e-01  1.1434e-01  1.1278e-01  1.2741e-01
1999.80809449  4.0057e-01  6.2166e+02  1.1405e+01  1.0188e-01  8.1642e+01  6.0475e-01  1.1908e-01  1.0642e-01  1.3075e-01
1999.80832290  2.5257e-01  6.7189e+02  1.0509e+01  9.7011e-02  7.9139e+01  5.9725e-01  1.0147e-01  8.9771e-02  1.2001e-01
1999.80855132  3.0731e-01  6.9202e+02  1.0306e+01  1.0061e-01  8.0576e+01  6.6848e-01  1.0815e-01  9.1295e-02  1.2420e-01
1999.80877967  2.3563e-01  6.7819e+02  1.0250e+01  9.5996e-02  8.6329e+01  6.2390e-01  9.7986e-02  9.8256e-02  1.2990e-01
1999.80900808  2.7294e-01  6.7446e+02  1.0068e+01  1.0177e-01  9.2187e+01  6.6768e-01  9.4319e-02  8.4621e-02  1.3193e-01
1999.80923649  1.1450e-01  6.9467e+02  1.0259e+01  1.0058e-01  8.2382e+01  6.8760e-01  7.7006e-02  1.2880e-01  1.7033e-01
1999.80946488  1.3024e-01  7.0753e+02  1.0011e+01  2.0949e-01  6.1536e+01  6.5549e-01  6.6815e-02  1.5150e-01  2.4052e-01
1999.80969326  1.2806e-01  6.7513e+02  1.0126e+01  1.8950e-01  6.2999e+01  6.1575e-01  7.2578e-02  1.5259e-01  2.1682e-01
1999.80992167  1.2838e-01  6.6526e+02  1.0168e+01  1.9783e-01  6.1937e+01  6.2649e-01  6.6382e-02  1.6241e-01  2.1960e-01
1999.81015005  1.4015e-01  6.6196e+02  1.0279e+01  1.6064e-01  6.8272e+01  6.5638e-01  7.9391e-02  1.7477e-01  2.1916e-01
1999.81037847  1.2777e-01  6.4922e+02  1.0143e+01  1.7203e-01  6.4319e+01  6.5701e-01  6.9810e-02  1.5477e-01  2.3001e-01
1999.81060685  1.5473e-01  6.3013e+02  9.6046e+00  1.4377e-01  6.9569e+01  6.1225e-01  7.2133e-02  1.4576e-01  1.9248e-01
1999.81083523  1.8811e-01  6.1016e+02  9.4066e+00  1.3317e-01  7.3017e+01  5.9137e-01  6.0782e-02  1.1744e-01  1.8970e-01
1999.81106364  1.5848e-01  6.0108e+02  9.5442e+00  1.3332e-01  8.4180e+01  6.4317e-01  8.5530e-02  1.4184e-01  1.6910e-01
1999.81129205  1.1543e-01  6.1075e+02  9.7534e+00  1.2366e-01  7.9929e+01  6.2624e-01  7.6961e-02  1.6267e-01  1.9057e-01
1999.81152041  1.1676e-01  6.0502e+02  9.5483e+00  1.4902e-01  7.8318e+01  6.4183e-01  8.0584e-02  1.5320e-01  2.1412e-01
1999.81174882  1.2242e-01  5.9771e+02  9.6973e+00  1.5988e-01  8.4645e+01  6.6716e-01  6.8657e-02  1.5060e-01  2.0473e-01
1999.81197723  1.5403e-01  5.9215e+02  9.5467e+00  1.7095e-01  7.6467e+01  6.4360e-01  8.3568e-02  1.7442e-01  2.1133e-01
1999.81220564  1.9030e-01  5.8963e+02  9.6636e+00  1.6991e-01  7.6924e+01  6.5465e-01  5.8836e-02  1.6676e-01  2.2684e-01
1999.81243400  2.3833e-01  5.8597e+02  9.6106e+00  1.6113e-01  7.9097e+01  5.9192e-01  7.0746e-02  1.5494e-01  2.1129e-01
1999.81266241  2.6983e-01  5.8155e+02  9.7157e+00  1.5188e-01  8.4770e+01  6.4257e-01  7.2941e-02  1.5680e-01  2.0075e-01
1999.81289082  2.2917e-01  5.7466e+02  9.6404e+00  1.3963e-01  8.4847e+01  6.2933e-01  6.8499e-02  1.4280e-01  1.9672e-01
1999.81311923  2.0321e-01  5.6971e+02  9.8007e+00  1.2943e-01  8.5632e+01  6.0529e-01  7.7940e-02  1.4034e-01  1.9215e-01
1999.81334764  1.7903e-01  5.7282e+02  9.7894e+00  1.4408e-01  7.6050e+01  6.8855e-01  6.2557e-02  1.4376e-01  2.0700e-01
1999.81357603  1.4797e-01  5.7455e+02  9.9399e+00  1.5562e-01  8.3585e+01  6.5837e-01  6.5998e-02  1.4829e-01  2.0547e-01
1999.81380441  1.7511e-01  5.8357e+02  9.9427e+00  1.6007e-01  7.1622e+01  6.6251e-01  6.2744e-02  1.6169e-01  2.1038e-01
1999.81403282  1.9410e-01  5.8084e+02  1.0143e+01  1.3911e-01  7.1271e+01  6.4525e-01  6.1621e-02  1.3585e-01  1.9981e-01
1999.81426123  1.9414e-01  5.8416e+02  1.0216e+01  1.4959e-01  7.7362e+01  6.2290e-01  6.7656e-02  1.5921e-01  2.0384e-01
1999.81448964  1.9583e-01  5.9295e+02  1.0047e+01  1.4735e-01  7.1953e+01  6.4869e-01  6.5699e-02  1.2431e-01  2.1609e-01
1999.81471803  1.3280e-01  5.9255e+02  1.0205e+01  1.4647e-01  7.6403e+01  6.1346e-01  6.6631e-02  1.5620e-01  1.8070e-01
1999.81494644  1.3792e-01  5.8823e+02  1.0276e+01  1.4209e-01  7.8446e+01  6.2048e-01  7.4849e-02  1.4586e-01  1.8119e-01
1999.81517485  1.1126e-01  5.9109e+02  1.0289e+01  1.4060e-01  7.9545e+01  6.4634e-01  8.1055e-02  1.4562e-01  1.7166e-01
1999.81540326  8.9227e-02  5.8558e+02  1.0377e+01  1.0897e-01  8.1717e+01  6.6196e-01  7.6917e-02  1.4751e-01  1.5360e-01
1999.81563167  1.5797e-01  5.7666e+02  1.0417e+01  1.0728e-01  7.8033e+01  6.1334e-01  8.2304e-02  9.7820e-02  1.2930e-01
1999.81586005  1.7348e-01  5.7346e+02  1.0513e+01  9.9980e-02  7.5220e+01  6.0763e-01  8.1908e-02  1.1454e-01  1.2689e-01
1999.81608844  1.4219e-01  5.6545e+02  1.0444e+01  1.1621e-01  8.0470e+01  6.5591e-01  9.1122e-02  1.2071e-01  1.4966e-01
1999.81631685  1.6621e-01  5.6230e+02  1.0525e+01  1.0392e-01  7.6748e+01  6.0436e-01  8.4234e-02  1.2466e-01  1.3049e-01
1999.81654526  1.6822e-01  5.5249e+02  1.0712e+01  9.7271e-02  7.3273e+01  5.7330e-01  7.9708e-02  1.0564e-01  1.3060e-01
1999.81677364  2.2635e-01  5.4347e+02  1.0629e+01  1.0732e-01  6.8897e+01  5.8499e-01  8.6693e-02  8.9707e-02  1.3389e-01
1999.81700205  2.2628e-01  5.2772e+02  1.0854e+01  1.1881e-01  7.4059e+01  5.8642e-01  8.5786e-02  1.0836e-01  1.2134e-01
1999.81723047  2.4610e-01  5.0938e+02  1.0773e+01  1.1241e-01  7.6533e+01  6.0895e-01  7.7047e-02  1.0138e-01  1.2844e-01
1999.81745890  2.4505e-01  4.8625e+02  1.0578e+01  1.2380e-01  8.1815e+01  6.0800e-01  8.0240e-02  9.8707e-02  1.1510e-01
1999.81768732  2.8280e-01  4.7623e+02  1.0540e+01  1.2115e-01  8.7902e+01  6.2802e-01  8.3282e-02  8.8990e-02  1.2781e-01
1999.81791573  2.9189e-01  4.4680e+02  1.0876e+01  9.6963e-02  9.5828e+01  6.4775e-01  9.3325e-02  1.3137e-01  1.2780e-01
1999.81814411  3.0288e-01  4.2970e+02  1.0941e+01  8.8562e-02  1.1470e+02  7.3616e-01  1.0856e-01  1.3685e-01  1.3127e-01
1999.81837252  2.8237e-01  4.2507e+02  1.0951e+01  9.7535e-02  1.2535e+02  7.5504e-01  1.0292e-01  1.4496e-01  1.5453e-01
1999.81860093  2.5334e-01  4.2370e+02  1.0644e+01  8.0561e-02  1.2235e+02  7.4494e-01  1.2912e-01  1.6580e-01  1.4935e-01
1999.81882934  2.5324e-01  4.1951e+02  1.0727e+01  9.4712e-02  1.1864e+02  7.2264e-01  9.2207e-02  1.5361e-01  1.6044e-01
1999.81905775  3.0064e-01  4.1763e+02  1.0498e+01  9.0310e-02  1.1077e+02  7.5714e-01  1.0383e-01  1.8457e-01  1.4926e-01
1999.81928614  2.9574e-01  4.0612e+02  1.0566e+01  1.0482e-01  1.1057e+02  6.7461e-01  9.7175e-02  1.6382e-01  1.5938e-01
1999.81951455  2.8424e-01  3.9745e+02  1.0435e+01  9.5940e-02  1.0669e+02  6.5184e-01  1.0862e-01  1.4614e-01  1.6029e-01
1999.81974296  2.6111e-01  3.9848e+02  1.0763e+01  8.7156e-02  1.0243e+02  6.6766e-01  1.0647e-01  1.4859e-01  1.5955e-01
1999.81997140  2.7693e-01  3.9126e+02  1.0383e+01  9.2576e-02  1.0299e+02  7.0581e-01  1.0420e-01  1.7424e-01  1.4054e-01
1999.82019981  3.2020e-01  3.8509e+02  1.0207e+01  1.3126e-01  9.8759e+01  6.4018e-01  1.2100e-01  1.8106e-01  1.7405e-01
1999.82042822  3.4527e-01  4.0197e+02  1.0121e+01  1.3568e-01  9.7400e+01  6.2259e-01  1.1355e-01  1.5214e-01  1.7327e-01
1999.82065660  3.4153e-01  4.0132e+02  9.7114e+00  1.6371e-01  9.8718e+01  6.1442e-01  9.9049e-02  1.4780e-01  1.7516e-01
1999.82088501  2.8432e-01  3.9305e+02  9.3550e+00  1.7823e-01  9.5360e+01  5.9666e-01  1.0930e-01  1.4121e-01  1.7089e-01
1999.82111348  2.7395e-01  3.9303e+02  9.3645e+00  1.8465e-01  1.0251e+02  6.6413e-01  1.0003e-01  1.8947e-01  1.6682e-01
1999.82134184  2.1950e-01  3.8823e+02  9.3690e+00  1.9847e-01  1.0204e+02  6.7221e-01  9.6246e-02  1.4969e-01  1.8211e-01
1999.82157022  2.1846e-01  3.9095e+02  9.4257e+00  2.1818e-01  9.8753e+01  6.1815e-01  8.4151e-02  1.5393e-01  1.7942e-01
1999.82179858  2.8992e-01  3.9551e+02  9.3407e+00  2.4859e-01  1.0347e+02  5.9102e-01  8.3831e-02  1.6216e-01  1.7881e-01
1999.82202693  3.3902e-01  3.9978e+02  9.5042e+00  2.3119e-01  9.9436e+01  5.4169e-01  8.7072e-02  1.4101e-01  2.1055e-01
1999.82225529  3.1910e-01  3.9734e+02  9.5547e+00  2.0882e-01  1.1930e+02  6.5761e-01  9.7160e-02  1.4239e-01  2.0311e-01
1999.82248364  3.3342e-01  3.9667e+02  9.6334e+00  1.8136e-01  1.1975e+02  6.3933e-01  9.0710e-02  1.4486e-01  2.0102e-01
1999.82271200  3.3033e-01  3.8822e+02  9.6081e+00  1.8438e-01  1.2153e+02  6.2113e-01  8.8789e-02  1.6434e-01  1.7157e-01
1999.82294038  3.2235e-01  3.8299e+02  9.7630e+00  1.8583e-01  1.1960e+02  6.3255e-01  8.6198e-02  1.4184e-01  1.5972e-01
1999.82316874  4.5494e-01  4.1850e+02  9.9567e+00  1.6980e-01  1.1014e+02  6.1540e-01  9.6861e-02  1.2654e-01  1.7257e-01
1999.82339710  5.2533e-01  4.1933e+02  9.8816e+00  1.5531e-01  1.1683e+02  6.4727e-01  9.3494e-02  1.2936e-01  1.6381e-01
1999.82362545  5.4134e-01  4.1459e+02  9.8597e+00  1.3703e-01  1.1338e+02  6.2025e-01  8.9041e-02  1.1178e-01  1.7289e-01
1999.82385381  5.6800e-01  4.0150e+02  9.5735e+00  1.6205e-01  1.2194e+02  6.5051e-01  1.0176e-01  1.6008e-01  1.8582e-01
1999.82408219  4.9729e-01  4.0694e+02  9.6230e+00  1.4875e-01  1.2572e+02  6.7255e-01  1.0243e-01  1.5941e-01  1.8188e-01
1999.82431052  3.1920e-01  4.0509e+02  9.7774e+00  1.7207e-01  1.0855e+02  6.1729e-01  9.0975e-02  1.4349e-01  1.8383e-01
1999.82453890  3.6882e-01  4.0439e+02  9.8366e+00  1.5520e-01  1.1136e+02  6.3640e-01  9.5421e-02  1.6045e-01  1.8718e-01
1999.82476729  3.6119e-01  3.8902e+02  9.8499e+00  1.9312e-01  9.3406e+01  5.8558e-01  9.7346e-02  1.7789e-01  1.9597e-01
1999.82499562  4.4939e-01  3.7207e+02  9.5597e+00  2.8161e-01  6.5695e+01  5.1572e-01  9.6276e-02  1.5345e-01  2.3214e-01
1999.82522400  3.3736e-01  3.6974e+02  9.7525e+00  2.9133e-01  7.1535e+01  5.5635e-01  8.9040e-02  1.3430e-01  2.2322e-01
1999.82545238  2.0675e-01  3.6149e+02  9.7784e+00  2.7524e-01  7.5988e+01  5.9617e-01  9.4927e-02  1.5460e-01  2.1586e-01
1999.82568071  2.7354e-01  3.5986e+02  9.8250e+00  2.4711e-01  6.3617e+01  5.9694e-01  1.0050e-01  1.6921e-01  2.1472e-01
1999.82590910  3.3409e-01  3.7262e+02  9.9056e+00  2.0728e-01  6.6159e+01  4.7015e-01  1.1337e-01  1.6516e-01  1.7352e-01
1999.82613745  2.6678e-01  3.9338e+02  1.0343e+01  2.1359e-01  5.3644e+01  3.5734e-01  1.3126e-01  1.4298e-01  1.7933e-01
1999.82636581  4.0954e-01  3.8779e+02  1.0882e+01  3.0392e-01  8.0795e+01  4.1557e-01  1.2401e-01  1.7585e-01  2.0882e-01
1999.82659419  5.6344e-01  3.9229e+02  1.0905e+01  2.5587e-01  8.0503e+01  3.6990e-01  1.1468e-01  1.7437e-01  1.9333e-01
1999.82682255  8.0846e-01  4.0251e+02  1.1241e+01  1.5324e-01  7.2050e+01  5.1900e-01  1.3363e-01  1.7058e-01  2.0504e-01
1999.82705093  6.6736e-01  4.0684e+02  1.0947e+01  1.5132e-01  1.0776e+02  6.9862e-01  1.0539e-01  1.2679e-01  1.4726e-01
1999.82727926  5.3159e-01  4.1419e+02  1.0558e+01  1.2054e-01  1.0744e+02  6.5902e-01  1.1834e-01  1.5066e-01  1.7455e-01
1999.82750764  4.4587e-01  4.1084e+02  1.0918e+01  8.5152e-02  1.0794e+02  6.7540e-01  1.1562e-01  1.3963e-01  1.5927e-01
1999.82773603  3.8125e-01  4.1869e+02  1.1348e+01  8.4773e-02  1.1190e+02  6.8922e-01  1.1223e-01  1.2062e-01  1.4160e-01
1999.82796438  4.0694e-01  4.0987e+02  1.1737e+01  8.7674e-02  1.1125e+02  7.3094e-01  1.1675e-01  1.2694e-01  1.3626e-01
1999.82819277  4.5177e-01  3.9782e+02  1.1793e+01  1.0281e-01  1.0943e+02  7.1338e-01  1.1386e-01  1.3229e-01  1.3351e-01
1999.82842110  3.8213e-01  3.9641e+02  1.1522e+01  9.9601e-02  1.1518e+02  6.8619e-01  1.0347e-01  1.3296e-01  1.4535e-01
1999.82864948  3.4043e-01  3.9418e+02  1.1577e+01  1.1893e-01  1.0565e+02  6.3389e-01  1.1927e-01  1.4245e-01  1.5596e-01
1999.82887786  2.2225e-01  3.9330e+02  1.0538e+01  2.5344e-01  1.0200e+02  5.9557e-01  9.9011e-02  1.3934e-01  1.5093e-01
1999.82910622  3.9805e-01  3.8764e+02  1.1038e+01  1.7894e-01  9.3746e+01  5.9982e-01  1.2532e-01  1.4298e-01  1.6308e-01
1999.82933460  3.5398e-01  3.8388e+02  1.0965e+01  2.0729e-01  1.0202e+02  5.9056e-01  1.1582e-01  1.5237e-01  1.5841e-01
1999.82956299  2.5349e-01  3.9030e+02  1.1109e+01  1.9800e-01  8.1325e+01  4.8560e-01  9.6264e-02  1.4415e-01  1.4313e-01
1999.82979134  2.8365e-01  3.9071e+02  1.1247e+01  2.0536e-01  9.1084e+01  5.8090e-01  1.1823e-01  1.7040e-01  1.6612e-01
1999.83001973  2.8117e-01  4.1610e+02  1.1256e+01  2.4064e-01  9.1011e+01  4.7150e-01  9.2272e-02  1.3085e-01  1.5815e-01
1999.83024811  1.8447e-01  3.9878e+02  1.1415e+01  1.7759e-01  7.9260e+01  4.2596e-01  1.0501e-01  1.6321e-01  1.4486e-01
1999.83047644  1.9922e-01  3.7711e+02  1.0809e+01  2.1700e-01  9.0215e+01  5.7241e-01  1.1470e-01  1.5331e-01  1.5709e-01
1999.83070482  1.9501e-01  3.6433e+02  1.0633e+01  1.9333e-01  8.0684e+01  4.5636e-01  1.4386e-01  1.9013e-01  1.7061e-01
1999.83093318  3.5506e-01  3.6840e+02  1.0779e+01  3.0478e-01  9.1187e+01  4.9597e-01  1.4093e-01  1.9265e-01  1.8529e-01
1999.83116156  8.2484e-01  3.9191e+02  1.1452e+01  2.1320e-01  8.1746e+01  4.4129e-01  1.0376e-01  1.3993e-01  1.5657e-01
1999.83138995  5.8872e-01  3.8572e+02  1.0901e+01  2.3197e-01  8.6530e+01  4.4077e-01  1.1671e-01  1.8193e-01  1.7068e-01
1999.83161830  7.2042e-01  4.4669e+02  1.1370e+01  7.7928e-02  1.0842e+02  6.6504e-01  1.1360e-01  1.3097e-01  1.3179e-01
1999.83184668  7.5599e-01  4.1993e+02  1.1826e+01  9.3506e-02  1.1355e+02  7.3417e-01  1.1162e-01  1.2327e-01  1.4229e-01
1999.83207507  6.9266e-01  4.1474e+02  1.1967e+01  1.2673e-01  9.8534e+01  6.0139e-01  1.3121e-01  1.4523e-01  1.4932e-01
1999.83230342  6.9983e-01  4.2244e+02  1.1897e+01  1.2095e-01  9.6974e+01  6.3501e-01  1.3026e-01  1.2816e-01  1.4324e-01
1999.83253181  7.4927e-01  4.4235e+02  1.1524e+01  1.1834e-01  1.0128e+02  6.8963e-01  1.1428e-01  1.4724e-01  1.3284e-01
1999.83276022  5.3106e-01  4.5402e+02  1.0836e+01  1.1841e-01  9.4010e+01  6.6407e-01  8.8106e-02  1.1445e-01  1.2868e-01
1999.83298858  5.3680e-01  4.3648e+02  1.1044e+01  1.1678e-01  9.6995e+01  6.7001e-01  9.6240e-02  9.8870e-02  1.2298e-01
1999.83321696  5.5002e-01  4.3459e+02  1.0718e+01  1.2382e-01  9.6148e+01  6.0412e-01  9.2602e-02  1.3471e-01  1.4427e-01
1999.83344534  4.8740e-01  4.5259e+02  1.0761e+01  1.2682e-01  9.1038e+01  6.1491e-01  8.7661e-02  1.3426e-01  1.2350e-01
1999.83367370  4.8586e-01  4.7616e+02  1.0881e+01  1.2229e-01  9.0690e+01  5.9729e-01  8.8142e-02  1.2048e-01  1.1683e-01
1999.83390208  4.5302e-01  4.6946e+02  1.0735e+01  1.2765e-01  9.2963e+01  6.4179e-01  1.0386e-01  1.1046e-01  1.3222e-01
1999.83413047  4.3717e-01  4.6574e+02  1.0626e+01  1.3348e-01  9.2654e+01  5.9970e-01  7.9526e-02  1.1737e-01  1.1763e-01
1999.83435882  4.0431e-01  4.6015e+02  1.0799e+01  1.2652e-01  9.5011e+01  6.2309e-01  1.0634e-01  1.2134e-01  1.4023e-01
1999.83458721  3.4042e-01  4.5745e+02  1.0647e+01  1.2013e-01  9.9873e+01  6.4468e-01  8.2818e-02  1.2909e-01  1.3771e-01
1999.83481562  3.7447e-01  4.5206e+02  1.0558e+01  1.1548e-01  1.0239e+02  6.3857e-01  8.9976e-02  1.2560e-01  1.2480e-01
1999.83504397  3.7510e-01  4.6082e+02  1.0689e+01  1.2035e-01  1.0379e+02  6.5414e-01  9.1128e-02  1.1150e-01  1.3875e-01
1999.83527236  3.8714e-01  4.5015e+02  1.0574e+01  1.3083e-01  1.0828e+02  6.6387e-01  9.1703e-02  1.3065e-01  1.3979e-01
1999.83550074  3.7656e-01  4.4776e+02  1.0438e+01  1.4848e-01  9.7416e+01  5.9347e-01  1.0447e-01  1.2236e-01  1.6056e-01
1999.83572910  3.6762e-01  4.4395e+02  1.0373e+01  1.7022e-01  1.0578e+02  6.3797e-01  1.0589e-01  1.2684e-01  1.5885e-01
1999.83595751  3.1574e-01  4.4161e+02  1.0275e+01  1.6453e-01  1.0532e+02  6.5771e-01  9.5934e-02  1.3057e-01  1.4876e-01
1999.83618589  4.0919e-01  4.4130e+02  9.7209e+00  1.9140e-01  9.7809e+01  6.0815e-01  9.5994e-02  1.2627e-01  1.8041e-01
1999.83641425  4.0573e-01  4.3346e+02  9.6067e+00  1.9200e-01  1.0015e+02  5.9973e-01  9.1664e-02  1.2991e-01  1.7277e-01
1999.83664263  3.0724e-01  4.3160e+02  9.6685e+00  2.0611e-01  1.0083e+02  6.2003e-01  1.0979e-01  1.1928e-01  1.7835e-01
1999.83687101  2.4630e-01  4.2727e+02  9.7535e+00  1.8987e-01  9.6909e+01  6.0848e-01  9.7966e-02  1.2817e-01  1.5943e-01
1999.83709940  2.2845e-01  4.2224e+02  9.6509e+00  1.8754e-01  1.0528e+02  6.5711e-01  1.0900e-01  1.4210e-01  1.8648e-01
1999.83732778  2.3083e-01  4.1740e+02  9.7631e+00  1.7575e-01  1.0931e+02  6.8702e-01  1.0042e-01  1.5127e-01  1.7608e-01
1999.83755622  2.0643e-01  4.0781e+02  9.9444e+00  1.5715e-01  1.1109e+02  6.6945e-01  1.0573e-01  1.3886e-01  1.6231e-01
1999.83778458  1.8815e-01  3.9741e+02  9.8152e+00  1.5482e-01  1.1130e+02  6.7584e-01  1.1589e-01  1.3550e-01  1.6940e-01
1999.83801290  1.6037e-01  3.9581e+02  9.7227e+00  1.5794e-01  1.1488e+02  6.4730e-01  1.0469e-01  1.4911e-01  1.4036e-01
1999.83824121  1.5753e-01  3.9463e+02  1.0138e+01  1.3113e-01  1.3546e+02  7.4491e-01  1.1131e-01  9.8997e-02  1.6651e-01
1999.83846956  1.3389e-01  3.9440e+02  9.9761e+00  1.3582e-01  1.3965e+02  8.0389e-01  1.0349e-01  1.6569e-01  1.6020e-01
1999.83869786  1.5777e-01  3.7479e+02  9.8264e+00  1.5580e-01  1.2619e+02  6.2805e-01  1.0185e-01  1.4130e-01  1.5299e-01
1999.83892622  1.6346e-01  3.7154e+02  1.0183e+01  1.6063e-01  1.1378e+02  6.3062e-01  1.1359e-01  1.5957e-01  1.4600e-01
1999.83915455  1.9902e-01  3.7030e+02  9.8713e+00  1.6028e-01  1.1097e+02  6.0051e-01  1.0055e-01  1.4961e-01  1.6665e-01
1999.83938288  2.4843e-01  3.7776e+02  9.8251e+00  1.2327e-01  1.1389e+02  6.9050e-01  1.3028e-01  1.7713e-01  1.6145e-01
1999.83961121  2.6579e-01  3.7309e+02  9.9420e+00  1.4641e-01  1.2462e+02  6.2207e-01  1.1136e-01  1.3904e-01  1.8084e-01
1999.83983956  3.6067e-01  3.6333e+02  9.6418e+00  1.1989e-01  1.1287e+02  6.3012e-01  1.0473e-01  1.6331e-01  1.5713e-01
1999.84006786  4.1464e-01  3.5788e+02  9.7581e+00  1.3900e-01  1.2063e+02  6.3614e-01  1.1484e-01  1.5612e-01  1.9179e-01
1999.84029619  3.1530e-01  3.4854e+02  9.6069e+00  2.2444e-01  1.0015e+02  5.0010e-01  1.3871e-01  1.9611e-01  1.8982e-01
1999.84052452  4.7977e-01  3.4899e+02  9.8773e+00  2.2129e-01  1.3424e+02  5.4878e-01  1.3389e-01  1.8971e-01  1.9748e-01
1999.84075285  3.4076e-01  3.5174e+02  9.5611e+00  2.5945e-01  7.6439e+01  4.0952e-01  1.5223e-01  1.9614e-01  2.4202e-01
1999.84098121  1.8139e-01  3.6116e+02  9.0712e+00  3.4110e-01  5.4203e+01  4.4507e-01  1.3087e-01  1.7340e-01  2.5913e-01
1999.84120951  5.7065e-02  3.7885e+02  9.6367e+00  1.2130e-01  1.2363e+02  7.5746e-01  2.1976e-01  2.3782e-01  2.1126e-01
1999.84143784  1.0355e-01  3.7835e+02  9.5134e+00  1.1231e-01  1.1844e+02  7.2940e-01  1.3644e-01  2.6110e-01  2.9445e-01
1999.84166619  1.2509e-01  3.7277e+02  9.7293e+00  1.1702e-01  1.3807e+02  9.2477e-01  1.2154e-01  3.3814e-01  2.8525e-01
1999.84189452  8.2809e-02  3.7923e+02  9.6681e+00  1.1127e-01  1.2169e+02  8.4208e-01  1.2084e-01  3.8727e-01  2.4534e-01
1999.84212285  6.7078e-02  3.7988e+02  9.7823e+00  1.1856e-01  1.0523e+02  8.2400e-01  1.4877e-01  3.6206e-01  2.4197e-01
1999.84235118  7.5368e-02  3.7512e+02  9.6326e+00  1.1278e-01  1.0322e+02  7.7095e-01  1.5092e-01  3.2159e-01  2.2999e-01
1999.84257953  8.4259e-02  3.7615e+02  9.4480e+00  1.0557e-01  1.1110e+02  8.5446e-01  1.1577e-01  4.1583e-01  2.5311e-01
1999.84280784  8.1509e-02  3.7127e+02  9.3563e+00  1.5417e-01  1.0804e+02  8.7246e-01  1.8208e-01  3.6153e-01  3.1160e-01
1999.84303619  9.3358e-02  3.7053e+02  9.6343e+00  1.4473e-01  9.0168e+01  6.9621e-01  1.1852e-01  3.5953e-01  2.6984e-01
1999.84326452  1.0072e-01  3.7265e+02  9.4584e+00  1.9829e-01  8.0120e+01  7.0276e-01  1.4542e-01  2.7776e-01  2.9308e-01
1999.84349288  8.5210e-02  3.7737e+02  9.4294e+00  2.0022e-01  8.9720e+01  6.8571e-01  1.5685e-01  3.1639e-01  3.5650e-01
1999.84372118  9.4692e-02  3.6967e+02  9.6230e+00  2.3041e-01  8.7119e+01  6.6609e-01  1.8461e-01  3.3618e-01  2.5847e-01
1999.84394951  1.0968e-01  3.7392e+02  9.6241e+00  2.4538e-01  7.7483e+01  6.1983e-01  1.3194e-01  3.1098e-01  2.4165e-01
1999.84417786  9.7898e-02  3.7048e+02  9.4818e+00  2.3075e-01  7.9989e+01  6.0355e-01  1.3776e-01  2.9898e-01  2.5738e-01
1999.84442904  8.5080e-02  3.6070e+02  1.0042e+01  2.5066e-01  7.8768e+01  6.3208e-01  1.3874e-01  2.5562e-01  2.9182e-01
1999.84465737  7.9593e-02  3.5337e+02  9.9557e+00  1.9650e-01  7.9241e+01  6.2329e-01  1.4222e-01  3.1389e-01  1.7926e-01
1999.84488573  7.9301e-02  3.5095e+02  9.9797e+00  2.1603e-01  7.9831e+01  6.0878e-01  1.4793e-01  3.0793e-01  2.1938e-01
1999.84511403  1.4496e-01  3.4154e+02  1.0536e+01  1.6662e-01  8.1146e+01  6.1378e-01  1.6960e-01  2.5119e-01  2.5025e-01
1999.84534238  1.6610e-01  3.3702e+02  1.0124e+01  1.7922e-01  8.7307e+01  6.4039e-01  1.1546e-01  2.7522e-01  2.1661e-01
1999.84557071  1.2049e-01  3.3537e+02  1.0089e+01  1.8907e-01  8.6978e+01  6.1837e-01  1.5299e-01  2.1652e-01  2.2002e-01
1999.84579907  1.4765e-01  3.3010e+02  9.9452e+00  1.4812e-01  8.7028e+01  6.0750e-01  1.2101e-01  3.1788e-01  2.0359e-01
1999.84602740  4.5210e-01  3.6838e+02  9.8291e+00  2.5707e-01  9.4003e+01  5.8115e-01  1.3173e-01  1.9819e-01  2.6112e-01
1999.84625573  7.9248e-01  3.6792e+02  9.7993e+00  1.6776e-01  1.0393e+02  6.0682e-01  1.0952e-01  2.2412e-01  2.4257e-01
1999.84648408  6.1056e-01  3.6666e+02  1.0347e+01  1.2554e-01  1.1498e+02  7.1324e-01  1.2639e-01  2.0902e-01  2.3862e-01
1999.84671241  5.1467e-01  3.5578e+02  1.0228e+01  1.3851e-01  1.0976e+02  6.6087e-01  1.3014e-01  2.3270e-01  2.3584e-01
1999.84694074  3.0191e-01  3.5226e+02  1.0117e+01  2.8895e-01  7.6469e+01  4.7619e-01  1.2049e-01  1.9796e-01  2.6420e-01
1999.84716907  9.9857e-02  3.4998e+02  1.0210e+01  3.1323e-01  3.7195e+01  3.3697e-01  1.7581e-01  2.4663e-01  2.6271e-01
1999.84739742  2.0687e-01  3.3945e+02  1.0662e+01  2.9520e-01  1.1350e+02  5.9562e-01  1.9094e-01  2.1956e-01  2.4350e-01
1999.84762575  2.4660e-01  3.3865e+02  1.2098e+01  1.6721e-01  1.5902e+02  5.6129e-01  2.8278e-01  2.3265e-01  2.2329e-01
1999.84785411  2.7161e-01  3.3612e+02  1.2194e+01  1.2568e-01  1.3188e+02  5.9068e-01  1.9930e-01  2.2835e-01  1.9852e-01
1999.84808244  2.9927e-01  3.3760e+02  1.1656e+01  1.3039e-01  1.5606e+02  7.4545e-01  1.8051e-01  2.2228e-01  1.8456e-01
1999.84831079  6.3309e-01  3.5768e+02  1.1239e+01  1.0576e-01  1.5945e+02  8.5371e-01  1.8170e-01  1.7393e-01  1.7512e-01
1999.84853912  7.3610e-01  3.5433e+02  1.1902e+01  8.7326e-02  1.4329e+02  8.0124e-01  1.8111e-01  1.7592e-01  1.6825e-01
1999.84876748  6.4318e-01  3.5280e+02  1.2208e+01  1.9963e-01  1.3578e+02  3.7412e-01  2.8011e-01  3.0712e-01  2.4402e-01
1999.84899581  6.7378e-01  3.4269e+02  1.2704e+01  2.3331e-01  1.7462e+02  3.3264e-01  3.1366e-01  3.5936e-01  2.5445e-01
1999.84922416  4.0532e-01  3.5946e+02  1.1948e+01  2.6636e-01  1.6528e+02  4.2119e-01  2.7541e-01  2.3791e-01  2.9670e-01
1999.84945249  5.1991e-01  3.7936e+02  1.1687e+01  1.6656e-01  1.5791e+02  5.4388e-01  2.2612e-01  2.1430e-01  1.9812e-01
1999.84968085  7.6236e-01  3.8452e+02  1.1387e+01  1.9125e-01  1.2767e+02  6.6864e-01  2.0406e-01  1.9769e-01  1.9357e-01
1999.84990921  8.1739e-01  3.8003e+02  1.1202e+01  1.8941e-01  1.2914e+02  5.9557e-01  1.6869e-01  1.7811e-01  1.7390e-01
1999.85013756  5.3900e-01  4.2196e+02  1.0884e+01  7.4991e-02  1.0680e+02  7.1048e-01  1.5857e-01  1.7858e-01  1.8030e-01
1999.85036589  6.3820e-01  4.9185e+02  1.0702e+01  9.7939e-02  1.0383e+02  6.4589e-01  1.5032e-01  1.3842e-01  1.5931e-01
1999.85059425  3.0732e-01  6.2811e+02  1.0123e+01  9.1511e-02  7.4411e+01  5.6982e-01  1.1887e-01  1.2605e-01  1.2587e-01
1999.85082258  2.2896e-01  6.4973e+02  1.0046e+01  9.0074e-02  6.7570e+01  6.2510e-01  1.2543e-01  1.1712e-01  1.2561e-01
1999.85105093  1.6587e-01  6.2994e+02  1.0190e+01  9.5240e-02  7.4540e+01  6.1017e-01  1.4024e-01  1.2123e-01  1.3618e-01
1999.85127926  1.7321e-01  5.5169e+02  1.0471e+01  8.4680e-02  1.0087e+02  6.4582e-01  1.4051e-01  1.2598e-01  1.2350e-01
1999.85150762  1.6095e-01  4.8223e+02  1.0160e+01  7.3942e-02  9.4993e+01  6.3847e-01  1.1540e-01  1.1978e-01  1.2400e-01
1999.85173597  3.0199e-01  4.7355e+02  9.9287e+00  1.2266e-01  9.5064e+01  7.2541e-01  1.0808e-01  1.6237e-01  1.3616e-01
1999.85196433  4.0853e-01  4.8129e+02  9.7214e+00  1.3353e-01  8.9012e+01  6.2386e-01  1.1567e-01  1.4752e-01  1.4068e-01
1999.85219266  3.7807e-01  4.9383e+02  9.7055e+00  1.2530e-01  8.8865e+01  6.0023e-01  1.2388e-01  1.1960e-01  1.6229e-01
1999.85242101  5.1956e-01  5.0329e+02  9.9941e+00  1.2291e-01  9.4986e+01  6.2598e-01  1.0271e-01  1.4483e-01  1.6549e-01
1999.85264934  4.7238e-01  5.0629e+02  1.0030e+01  1.3404e-01  8.8338e+01  5.9768e-01  1.1538e-01  1.1739e-01  1.7196e-01
1999.85287773  5.4798e-01  5.2167e+02  1.0211e+01  1.2694e-01  8.7383e+01  6.0069e-01  1.1062e-01  1.1379e-01  1.5208e-01
1999.85310608  3.5835e-01  5.6718e+02  1.0643e+01  9.9213e-02  9.0218e+01  6.2178e-01  9.4618e-02  1.1317e-01  1.3301e-01
1999.85333441  2.5604e-01  5.7711e+02  1.0829e+01  9.0870e-02  8.3024e+01  6.1364e-01  9.6054e-02  1.1161e-01  1.3246e-01
1999.85356279  3.7307e-01  5.9521e+02  1.0862e+01  9.9928e-02  7.9500e+01  6.3908e-01  8.4262e-02  1.1153e-01  1.2692e-01
1999.85379112  3.7300e-01  6.0653e+02  1.0968e+01  9.2572e-02  7.8223e+01  6.0951e-01  7.9734e-02  1.0071e-01  1.2697e-01
1999.85401948  2.0080e-01  6.2208e+02  1.0930e+01  7.9451e-02  8.0715e+01  6.6550e-01  1.0771e-01  1.1439e-01  1.0633e-01
1999.85424786  2.0467e-01  6.3343e+02  1.1095e+01  7.3215e-02  9.1567e+01  6.4298e-01  1.1698e-01  8.1191e-02  1.2494e-01
1999.85447619  2.1026e-01  6.3779e+02  1.0803e+01  9.0524e-02  7.4428e+01  6.0430e-01  7.7059e-02  1.1245e-01  1.1258e-01
1999.85470449  2.3634e-01  6.4129e+02  1.0357e+01  1.2362e-01  8.1550e+01  6.0944e-01  8.4528e-02  1.2321e-01  1.6425e-01
1999.85493279  2.1828e-01  6.4547e+02  1.0124e+01  1.2434e-01  8.0667e+01  6.2900e-01  8.2037e-02  1.3453e-01  1.7502e-01
1999.85516112  1.3849e-01  6.5892e+02  1.0179e+01  1.3719e-01  6.9425e+01  6.2584e-01  6.0789e-02  1.9521e-01  1.8110e-01
1999.85538942  1.9578e-01  6.6361e+02  1.0260e+01  1.7854e-01  7.0492e+01  6.0644e-01  8.6383e-02  1.7223e-01  2.1248e-01
1999.85561773  1.1175e-01  6.5894e+02  1.0264e+01  1.5045e-01  7.5889e+01  6.2520e-01  8.1362e-02  1.6512e-01  2.2366e-01
1999.85584605  1.3694e-01  6.5647e+02  1.0798e+01  1.3439e-01  8.3083e+01  6.9613e-01  9.4111e-02  1.3722e-01  1.7548e-01
1999.85607436  2.1084e-01  6.6024e+02  1.1097e+01  1.0682e-01  8.0310e+01  6.2079e-01  1.0303e-01  1.2326e-01  1.3666e-01
1999.85630266  1.4076e-01  6.5199e+02  1.1121e+01  9.8285e-02  8.0646e+01  6.4264e-01  1.0064e-01  1.2084e-01  1.4467e-01
1999.85653099  1.9861e-01  6.4147e+02  1.1123e+01  1.1844e-01  7.9042e+01  6.7834e-01  1.0711e-01  1.2580e-01  1.4337e-01
1999.85675929  1.8807e-01  6.2553e+02  1.0863e+01  1.3024e-01  8.1675e+01  6.4447e-01  8.8541e-02  1.2290e-01  1.6258e-01
1999.85698759  1.5558e-01  6.1709e+02  1.0920e+01  1.0698e-01  8.3753e+01  6.2350e-01  8.3217e-02  1.2373e-01  1.3371e-01
1999.85721592  1.8450e-01  6.0372e+02  1.0823e+01  1.0512e-01  8.7665e+01  6.7406e-01  7.9885e-02  1.4524e-01  1.5747e-01
1999.85744422  1.8097e-01  6.0003e+02  1.0779e+01  1.1410e-01  8.6963e+01  6.9013e-01  9.6405e-02  1.1333e-01  1.4338e-01
1999.85767252  2.1176e-01  5.9402e+02  1.1251e+01  9.5355e-02  9.0621e+01  6.4181e-01  8.0975e-02  1.0432e-01  1.4667e-01
1999.85790085  3.6152e-01  5.8590e+02  1.1146e+01  1.0452e-01  9.0938e+01  6.6227e-01  1.0636e-01  9.8883e-02  1.2163e-01
1999.85812915  3.3787e-01  5.7404e+02  1.1161e+01  9.5527e-02  9.1068e+01  6.1564e-01  1.0608e-01  1.3136e-01  1.3116e-01
1999.85835745  3.0592e-01  5.6134e+02  1.1075e+01  8.6800e-02  9.4931e+01  6.5736e-01  8.4348e-02  1.1480e-01  1.3335e-01
1999.85858578  3.5329e-01  5.7164e+02  1.1287e+01  9.1552e-02  8.9182e+01  6.4001e-01  9.8833e-02  1.0412e-01  1.1666e-01
1999.85881408  2.6812e-01  5.6384e+02  1.1212e+01  9.7899e-02  8.9587e+01  6.6767e-01  9.6895e-02  1.0856e-01  1.2471e-01
1999.85904238  2.7187e-01  5.5732e+02  1.1270e+01  8.4908e-02  8.7049e+01  6.0964e-01  9.0684e-02  1.0642e-01  1.1324e-01
1999.85927071  2.9834e-01  5.5594e+02  1.1277e+01  8.3316e-02  9.1567e+01  6.2653e-01  8.8276e-02  1.1731e-01  1.1598e-01
1999.85949901  3.1452e-01  5.7299e+02  1.1626e+01  9.1238e-02  7.9731e+01  6.3298e-01  9.9840e-02  9.5171e-02  1.1174e-01
1999.85972732  2.7418e-01  5.7019e+02  1.1646e+01  8.9210e-02  8.2772e+01  6.4800e-01  9.1559e-02  1.0011e-01  1.0228e-01
1999.85995564  2.4508e-01  5.6243e+02  1.1362e+01  8.7878e-02  8.5477e+01  5.9030e-01  8.6002e-02  1.0075e-01  1.3286e-01
1999.86018395  2.9427e-01  5.6719e+02  1.1374e+01  7.9163e-02  8.6788e+01  6.1611e-01  8.5025e-02  1.1623e-01  1.2354e-01
1999.86041225  1.6178e-01  5.9147e+02  1.0988e+01  9.6053e-02  9.6808e+01  6.3882e-01  1.1132e-01  1.0724e-01  1.3619e-01
1999.86064058  1.0543e-01  6.1647e+02  1.0265e+01  1.2579e-01  1.0083e+02  6.5067e-01  8.1012e-02  1.4071e-01  1.6069e-01
1999.86086888  1.2599e-01  6.2870e+02  1.0418e+01  1.3006e-01  9.6511e+01  6.8013e-01  8.9228e-02  1.2530e-01  1.7860e-01
1999.86109718  1.3229e-01  6.2220e+02  1.0242e+01  1.2025e-01  8.8764e+01  5.8014e-01  9.5279e-02  1.8148e-01  1.5919e-01
1999.86132551  1.2264e-01  6.2029e+02  1.0042e+01  1.3978e-01  8.2125e+01  6.1649e-01  1.0066e-01  1.7164e-01  1.7893e-01
1999.86155381  1.5469e-01  6.2209e+02  9.7807e+00  1.3826e-01  7.5901e+01  6.3791e-01  8.6574e-02  1.3530e-01  1.7309e-01
1999.86178211  1.1970e-01  6.2412e+02  9.7253e+00  1.3654e-01  7.5392e+01  5.9514e-01  8.6937e-02  1.7326e-01  1.8546e-01
1999.86201044  8.3888e-02  6.3079e+02  9.6458e+00  1.3290e-01  7.8322e+01  6.0035e-01  7.3995e-02  1.5904e-01  1.9285e-01
1999.86223874  7.7428e-02  6.4292e+02  9.7287e+00  1.3847e-01  7.5284e+01  5.3149e-01  7.4423e-02  1.4607e-01  1.9649e-01
1999.86246704  3.5092e-02  7.0156e+02  1.0160e+01  1.1719e-01  7.8462e+01  6.6253e-01  7.3221e-02  2.3177e-01  1.8537e-01
1999.86269537  3.3730e-02  7.1739e+02  9.7147e+00  1.2416e-01  6.2925e+01  5.9868e-01  8.3594e-02  1.2431e-01  1.8470e-01
1999.86292367  3.6116e-02  7.1472e+02  9.7921e+00  1.4717e-01  7.5677e+01  6.7203e-01  9.9621e-02  1.8773e-01  1.8431e-01
1999.86315197  3.2563e-02  6.9940e+02  9.8429e+00  1.1604e-01  8.2904e+01  6.8337e-01  7.2292e-02  1.9282e-01  2.2132e-01
1999.86338030  4.3114e-02  6.7317e+02  9.8674e+00  6.1047e-02  9.7735e+01  7.0024e-01  1.1250e-01  2.0525e-01  1.9629e-01
1999.86360860  3.7824e-02  6.5825e+02  1.0310e+01  9.4327e-02  1.1672e+02  7.6024e-01  1.2137e-01  2.1085e-01  1.8458e-01
1999.86383690  4.5064e-02  6.3798e+02  1.0784e+01  9.5639e-02  1.2860e+02  6.7378e-01  1.8267e-01  2.2428e-01  1.6105e-01
1999.86406523  6.4807e-02  5.8230e+02  1.2050e+01  7.4870e-02  1.4604e+02  7.0749e-01  1.5137e-01  2.3579e-01  1.8371e-01
1999.86429353  5.9619e-02  5.3933e+02  1.1436e+01  2.0888e-01  8.7872e+01  6.6058e-01  1.6618e-01  1.9394e-01  2.0175e-01
1999.86452184  4.1665e-02  5.3527e+02  1.0867e+01  2.6166e-01  7.9916e+01  5.1283e-01  1.6200e-01  2.3921e-01  1.7872e-01
1999.86475016  3.0617e-02  5.1698e+02  1.0598e+01  3.2224e-01  8.7861e+01  5.5641e-01  1.4060e-01  1.5522e-01  1.6108e-01
1999.86497847  4.6320e-02  4.9577e+02  1.0516e+01  2.8852e-01  8.6451e+01  5.5083e-01  1.5671e-01  1.8536e-01  2.3260e-01
1999.86520677  7.4841e-02  4.7675e+02  1.1184e+01  1.9575e-01  7.0962e+01  4.6924e-01  1.2492e-01  2.0695e-01  1.3787e-01
1999.86543510  3.2134e-02  4.6771e+02  1.1044e+01  1.9243e-01  3.4819e+01  3.4099e-01  1.7762e-01  2.1945e-01  1.4399e-01
1999.86566340  3.7971e-02  4.4987e+02  1.0645e+01  1.0844e-01  4.1148e+01  2.7842e-01  1.0372e-01  1.6632e-01  1.3764e-01
1999.86589170  8.3650e-02  4.3458e+02  1.1854e+01  1.7375e-01  7.2082e+01  4.0331e-01  1.4626e-01  2.2942e-01  1.8419e-01
1999.86612003  1.3298e-01  4.3321e+02  1.1564e+01  2.0316e-01  1.0264e+02  5.1074e-01  1.3756e-01  1.8873e-01  1.9470e-01
1999.86634833  1.9768e-01  4.2473e+02  1.2327e+01  1.4519e-01  1.6218e+02  7.6601e-01  1.3408e-01  2.6182e-01  1.5881e-01
1999.86657663  1.8139e-01  4.2156e+02  1.1392e+01  1.8037e-01  1.5535e+02  7.2670e-01  1.6117e-01  2.1790e-01  1.6593e-01
1999.86680496  1.6269e-01  4.1143e+02  1.1709e+01  2.0328e-01  1.3242e+02  5.7992e-01  1.4647e-01  2.2199e-01  1.7687e-01
1999.86703329  1.9877e-01  4.3019e+02  1.2007e+01  1.6699e-01  9.4083e+01  4.8201e-01  1.5972e-01  2.3851e-01  1.9092e-01
1999.86726162  2.7936e-01  4.7033e+02  1.1445e+01  1.5662e-01  1.2708e+02  6.8852e-01  1.3675e-01  2.0896e-01  1.9423e-01
1999.86748992  1.4723e-01  4.7338e+02  1.1250e+01  1.1965e-01  1.1476e+02  6.4071e-01  1.5875e-01  2.0746e-01  1.3912e-01
1999.86771822  1.3019e-01  4.6640e+02  1.1088e+01  1.0962e-01  1.3668e+02  6.8697e-01  1.3188e-01  1.9199e-01  1.7292e-01
1999.86794655  4.4423e-01  4.6170e+02  1.1035e+01  1.1857e-01  2.1372e+02  8.4044e-01  1.6401e-01  2.2529e-01  1.5934e-01
1999.86817485  5.3399e-01  4.4519e+02  1.1200e+01  1.2017e-01  1.9573e+02  7.4240e-01  1.5653e-01  2.0698e-01  1.6659e-01
1999.86840315  3.0997e-01  4.4613e+02  1.1272e+01  1.3219e-01  2.0117e+02  6.8531e-01  1.6678e-01  2.5010e-01  1.8424e-01
1999.86863148  3.3003e-01  4.4342e+02  1.1151e+01  1.7842e-01  2.2253e+02  7.3536e-01  2.1698e-01  2.3881e-01  1.9615e-01
1999.86885978  2.1237e-01  4.4559e+02  1.1137e+01  2.0564e-01  2.2755e+02  8.1305e-01  1.9350e-01  1.9588e-01  2.3926e-01
1999.86908808  2.0317e-01  4.3462e+02  1.0454e+01  1.8997e-01  2.6315e+02  8.1234e-01  1.8456e-01  1.9374e-01  2.0432e-01
1999.86931644  3.9910e-01  4.3081e+02  1.1167e+01  1.5666e-01  2.5564e+02  7.2124e-01  2.4853e-01  2.3583e-01  1.9196e-01
1999.86954474  1.8681e-01  4.2733e+02  1.1745e+01  1.4684e-01  2.3756e+02  7.6022e-01  2.2785e-01  2.6400e-01  1.4819e-01
1999.86977304  2.5452e-01  4.2993e+02  1.1896e+01  1.2874e-01  2.7448e+02  9.2248e-01  2.1112e-01  2.6349e-01  1.5405e-01
1999.87000137  2.1852e-01  4.4014e+02  1.2133e+01  1.3544e-01  2.1074e+02  6.2543e-01  2.1694e-01  2.0905e-01  1.7000e-01
1999.87022967  1.5895e-01  4.4284e+02  1.1638e+01  1.4032e-01  2.1027e+02  6.8076e-01  1.8549e-01  2.4675e-01  1.5215e-01
1999.87045797  1.6279e-01  4.3693e+02  1.1586e+01  1.2246e-01  2.2641e+02  8.1767e-01  1.7538e-01  2.1249e-01  1.6751e-01
1999.87068630  2.2711e-01  4.2773e+02  1.1518e+01  1.5724e-01  2.4872e+02  8.1408e-01  1.8448e-01  2.4845e-01  2.0596e-01
1999.87091460  1.2261e-01  4.1389e+02  1.1670e+01  1.4868e-01  2.2922e+02  7.2305e-01  2.1590e-01  2.2146e-01  1.7968e-01
1999.87114290  2.8126e-01  4.0627e+02  1.2016e+01  1.6107e-01  2.0903e+02  5.5658e-01  1.8401e-01  1.8184e-01  1.9948e-01
1999.87137123  2.5058e-01  4.0661e+02  1.2528e+01  1.6955e-01  1.9252e+02  6.5946e-01  2.3413e-01  2.6481e-01  2.4555e-01
1999.87159953  2.8009e-01  3.9164e+02  1.2055e+01  1.4784e-01  2.7502e+02  1.0483e+00  2.1072e-01  2.9948e-01  1.6598e-01
1999.87182784  1.7554e-01  3.9411e+02  1.3192e+01  8.9215e-02  1.8453e+02  7.9417e-01  1.4358e-01  2.3993e-01  1.5483e-01
1999.87205619  1.5632e-01  3.9159e+02  1.2987e+01  9.9029e-02  1.4479e+02  7.0716e-01  1.6762e-01  2.5077e-01  1.9764e-01
1999.87228449  2.0473e-01  3.8377e+02  1.2994e+01  1.2100e-01  1.6989e+02  8.0529e-01  1.7478e-01  3.0562e-01  2.1367e-01
1999.87251282  1.9727e-01  3.5375e+02  1.2361e+01  1.3658e-01  1.4885e+02  7.2886e-01  1.9288e-01  2.7928e-01  2.0168e-01
1999.87274112  2.5287e-01  3.4573e+02  1.2175e+01  1.6344e-01  1.4004e+02  6.7075e-01  1.7162e-01  2.5091e-01  2.0551e-01
1999.87296942  2.2307e-01  3.2382e+02  1.2517e+01  1.6719e-01  1.3424e+02  6.4609e-01  1.9075e-01  2.6215e-01  1.8483e-01
1999.87317351 -9.9999e+03 -9.9999e+03 -9.9999e+03 -9.9999e+03 -9.9999e+03 -9.9999e+03 -9.9999e+03 -9.9999e+03 -9.9999e+03
1999.87340184 -9.9999e+03 -9.9999e+03 -9.9999e+03 -9.9999e+03 -9.9999e+03 -9.9999e+03 -9.9999e+03 -9.9999e+03 -9.9999e+03
1999.87363014 -9.9999e+03 -9.9999e+03 -9.9999e+03 -9.9999e+03 -9.9999e+03 -9.9999e+03 -9.9999e+03 -9.9999e+03 -9.9999e+03
1999.87385844 -9.9999e+03 -9.9999e+03 -9.9999e+03 -9.9999e+03 -9.9999e+03 -9.9999e+03 -9.9999e+03 -9.9999e+03 -9.9999e+03
1999.87408677 -9.9999e+03 -9.9999e+03 -9.9999e+03 -9.9999e+03 -9.9999e+03 -9.9999e+03 -9.9999e+03 -9.9999e+03 -9.9999e+03
1999.87431507 -9.9999e+03 -9.9999e+03 -9.9999e+03 -9.9999e+03 -9.9999e+03 -9.9999e+03 -9.9999e+03 -9.9999e+03 -9.9999e+03
1999.87454337 -9.9999e+03 -9.9999e+03 -9.9999e+03 -9.9999e+03 -9.9999e+03 -9.9999e+03 -9.9999e+03 -9.9999e+03 -9.9999e+03
1999.87477170 -9.9999e+03 -9.9999e+03 -9.9999e+03 -9.9999e+03 -9.9999e+03 -9.9999e+03 -9.9999e+03 -9.9999e+03 -9.9999e+03
1999.87500000 -9.9999e+03 -9.9999e+03 -9.9999e+03 -9.9999e+03 -9.9999e+03 -9.9999e+03 -9.9999e+03 -9.9999e+03 -9.9999e+03
1999.87522830 -9.9999e+03 -9.9999e+03 -9.9999e+03 -9.9999e+03 -9.9999e+03 -9.9999e+03 -9.9999e+03 -9.9999e+03 -9.9999e+03
1999.87545663 -9.9999e+03 -9.9999e+03 -9.9999e+03 -9.9999e+03 -9.9999e+03 -9.9999e+03 -9.9999e+03 -9.9999e+03 -9.9999e+03
1999.87568493 -9.9999e+03 -9.9999e+03 -9.9999e+03 -9.9999e+03 -9.9999e+03 -9.9999e+03 -9.9999e+03 -9.9999e+03 -9.9999e+03
1999.87591323 -9.9999e+03 -9.9999e+03 -9.9999e+03 -9.9999e+03 -9.9999e+03 -9.9999e+03 -9.9999e+03 -9.9999e+03 -9.9999e+03
1999.87614156 -9.9999e+03 -9.9999e+03 -9.9999e+03 -9.9999e+03 -9.9999e+03 -9.9999e+03 -9.9999e+03 -9.9999e+03 -9.9999e+03
1999.87636986 -9.9999e+03 -9.9999e+03 -9.9999e+03 -9.9999e+03 -9.9999e+03 -9.9999e+03 -9.9999e+03 -9.9999e+03 -9.9999e+03
1999.87659816 -9.9999e+03 -9.9999e+03 -9.9999e+03 -9.9999e+03 -9.9999e+03 -9.9999e+03 -9.9999e+03 -9.9999e+03 -9.9999e+03
1999.87682649 -9.9999e+03 -9.9999e+03 -9.9999e+03 -9.9999e+03 -9.9999e+03 -9.9999e+03 -9.9999e+03 -9.9999e+03 -9.9999e+03
1999.87705479 -9.9999e+03 -9.9999e+03 -9.9999e+03 -9.9999e+03 -9.9999e+03 -9.9999e+03 -9.9999e+03 -9.9999e+03 -9.9999e+03
1999.87728310 -9.9999e+03 -9.9999e+03 -9.9999e+03 -9.9999e+03 -9.9999e+03 -9.9999e+03 -9.9999e+03 -9.9999e+03 -9.9999e+03
1999.87751142 -9.9999e+03 -9.9999e+03 -9.9999e+03 -9.9999e+03 -9.9999e+03 -9.9999e+03 -9.9999e+03 -9.9999e+03 -9.9999e+03
1999.87773973 -9.9999e+03 -9.9999e+03 -9.9999e+03 -9.9999e+03 -9.9999e+03 -9.9999e+03 -9.9999e+03 -9.9999e+03 -9.9999e+03
1999.87796803 -9.9999e+03 -9.9999e+03 -9.9999e+03 -9.9999e+03 -9.9999e+03 -9.9999e+03 -9.9999e+03 -9.9999e+03 -9.9999e+03
1999.87819636 -9.9999e+03 -9.9999e+03 -9.9999e+03 -9.9999e+03 -9.9999e+03 -9.9999e+03 -9.9999e+03 -9.9999e+03 -9.9999e+03
1999.87842466 -9.9999e+03 -9.9999e+03 -9.9999e+03 -9.9999e+03 -9.9999e+03 -9.9999e+03 -9.9999e+03 -9.9999e+03 -9.9999e+03
1999.87865296 -9.9999e+03 -9.9999e+03 -9.9999e+03 -9.9999e+03 -9.9999e+03 -9.9999e+03 -9.9999e+03 -9.9999e+03 -9.9999e+03
1999.87888129 -9.9999e+03 -9.9999e+03 -9.9999e+03 -9.9999e+03 -9.9999e+03 -9.9999e+03 -9.9999e+03 -9.9999e+03 -9.9999e+03
1999.87910959 -9.9999e+03 -9.9999e+03 -9.9999e+03 -9.9999e+03 -9.9999e+03 -9.9999e+03 -9.9999e+03 -9.9999e+03 -9.9999e+03
1999.87933789 -9.9999e+03 -9.9999e+03 -9.9999e+03 -9.9999e+03 -9.9999e+03 -9.9999e+03 -9.9999e+03 -9.9999e+03 -9.9999e+03
1999.87956622 -9.9999e+03 -9.9999e+03 -9.9999e+03 -9.9999e+03 -9.9999e+03 -9.9999e+03 -9.9999e+03 -9.9999e+03 -9.9999e+03
1999.87979452 -9.9999e+03 -9.9999e+03 -9.9999e+03 -9.9999e+03 -9.9999e+03 -9.9999e+03 -9.9999e+03 -9.9999e+03 -9.9999e+03
1999.88002282 -9.9999e+03 -9.9999e+03 -9.9999e+03 -9.9999e+03 -9.9999e+03 -9.9999e+03 -9.9999e+03 -9.9999e+03 -9.9999e+03
1999.88025115 -9.9999e+03 -9.9999e+03 -9.9999e+03 -9.9999e+03 -9.9999e+03 -9.9999e+03 -9.9999e+03 -9.9999e+03 -9.9999e+03
1999.88047945 -9.9999e+03 -9.9999e+03 -9.9999e+03 -9.9999e+03 -9.9999e+03 -9.9999e+03 -9.9999e+03 -9.9999e+03 -9.9999e+03
1999.88070775 -9.9999e+03 -9.9999e+03 -9.9999e+03 -9.9999e+03 -9.9999e+03 -9.9999e+03 -9.9999e+03 -9.9999e+03 -9.9999e+03
1999.88093608 -9.9999e+03 -9.9999e+03 -9.9999e+03 -9.9999e+03 -9.9999e+03 -9.9999e+03 -9.9999e+03 -9.9999e+03 -9.9999e+03
1999.88116438 -9.9999e+03 -9.9999e+03 -9.9999e+03 -9.9999e+03 -9.9999e+03 -9.9999e+03 -9.9999e+03 -9.9999e+03 -9.9999e+03
1999.88135381  1.1230e-01  5.9129e+02  9.6832e+00  1.8035e-01  9.0235e+01  6.9217e-01  8.5327e-02  2.2313e-01  1.8146e-01
1999.88158236  1.0348e-01  5.8237e+02  9.8680e+00  1.5621e-01  9.1080e+01  6.5341e-01  7.8980e-02  1.7057e-01  1.5440e-01
1999.88181088  1.8422e-01  4.8424e+02  1.0791e+01  9.0978e-02  1.2994e+02  8.4078e-01  1.2870e-01  1.4786e-01  1.0869e-01
1999.88203942  2.1145e-01  4.7140e+02  1.0844e+01  9.2949e-02  1.0331e+02  6.6319e-01  1.2703e-01  1.2205e-01  1.0976e-01
1999.88226797  1.8907e-01  4.7313e+02  1.0965e+01  8.0975e-02  1.0619e+02  6.5075e-01  1.3115e-01  1.3607e-01  9.9613e-02
1999.88249652  3.1972e-01  4.5778e+02  1.0651e+01  1.0348e-01  1.1858e+02  7.9291e-01  1.3862e-01  1.5100e-01  1.3784e-01
1999.88272504  2.9494e-01  4.5197e+02  1.0305e+01  1.0685e-01  1.1477e+02  6.9412e-01  1.1012e-01  1.3639e-01  1.2451e-01
1999.88295362  2.1495e-01  4.5341e+02  1.0329e+01  9.3870e-02  1.1433e+02  6.6444e-01  1.2800e-01  1.3075e-01  1.2471e-01
1999.88318214  1.5994e-01  4.5029e+02  1.0826e+01  9.9914e-02  1.2237e+02  7.0152e-01  1.3158e-01  1.6749e-01  1.3226e-01
1999.88341068  1.4408e-01  4.4578e+02  1.0873e+01  8.9356e-02  1.1942e+02  6.3191e-01  1.1025e-01  1.3315e-01  1.2776e-01
1999.88363921  1.1649e-01  4.4348e+02  1.1138e+01  9.4795e-02  1.2141e+02  7.1780e-01  1.1172e-01  1.5745e-01  1.3288e-01
1999.88386778  1.2124e-01  4.4224e+02  1.1354e+01  9.0085e-02  1.2475e+02  6.8320e-01  1.2009e-01  1.5259e-01  1.5893e-01
1999.88409630  1.1149e-01  4.4833e+02  1.0984e+01  1.1705e-01  1.0916e+02  6.3973e-01  1.2866e-01  1.3646e-01  1.2678e-01
1999.88432482  1.2047e-01  4.4572e+02  1.0226e+01  1.1008e-01  1.1249e+02  7.5164e-01  1.3733e-01  2.1167e-01  1.9329e-01
1999.88455340  1.5381e-01  4.4565e+02  1.0263e+01  1.4104e-01  1.0331e+02  6.9489e-01  1.1626e-01  1.7795e-01  1.9083e-01
1999.88478195  4.7720e-01  4.5850e+02  1.0960e+01  1.4361e-01  1.2422e+02  6.5534e-01  1.6274e-01  1.5913e-01  1.8278e-01
1999.88501047  5.3616e-01  4.9169e+02  1.1101e+01  1.2111e-01  1.0425e+02  6.0083e-01  1.3312e-01  1.6945e-01  1.5895e-01
1999.88523899  4.4765e-01  4.8596e+02  1.1059e+01  1.2893e-01  1.1788e+02  7.1218e-01  1.4223e-01  1.9510e-01  1.6599e-01
1999.88546756  3.0679e-01  4.6880e+02  1.0981e+01  1.3083e-01  1.2964e+02  6.9421e-01  1.5931e-01  1.8201e-01  1.7155e-01
1999.88569608  4.1327e-01  4.6073e+02  1.0537e+01  1.1914e-01  9.8890e+01  6.1314e-01  1.1287e-01  1.9353e-01  1.9616e-01
1999.88592463  4.1631e-01  4.5964e+02  1.0496e+01  1.6848e-01  1.0310e+02  5.8883e-01  1.3605e-01  2.0566e-01  2.5023e-01
1999.88615318  2.5001e-01  4.5251e+02  9.9013e+00  2.1286e-01  1.0169e+02  6.2345e-01  1.0450e-01  1.9683e-01  2.4232e-01
1999.88638173  2.3843e-01  4.4486e+02  9.9656e+00  2.1756e-01  1.0204e+02  6.6340e-01  1.0867e-01  1.8787e-01  2.4881e-01
1999.88661025  2.6888e-01  4.4450e+02  1.0199e+01  2.0727e-01  1.0743e+02  5.7348e-01  1.3155e-01  2.3025e-01  2.1025e-01
1999.88683879  2.8815e-01  4.3984e+02  1.0125e+01  2.1405e-01  1.0828e+02  6.6328e-01  1.2616e-01  2.3669e-01  2.3621e-01
1999.88706734  3.0663e-01  4.3360e+02  1.0435e+01  1.8670e-01  1.0964e+02  6.0063e-01  1.2948e-01  1.8637e-01  2.3457e-01
1999.88729589  3.6824e-01  4.3111e+02  1.0214e+01  1.9352e-01  1.0306e+02  5.7079e-01  1.1437e-01  2.1448e-01  2.2647e-01
1999.88752441  4.3688e-01  4.2205e+02  1.0465e+01  1.7867e-01  1.0951e+02  6.2793e-01  1.2173e-01  2.2679e-01  2.3511e-01
1999.88775296  3.6589e-01  4.0519e+02  1.0256e+01  1.8966e-01  1.0782e+02  6.0341e-01  1.1841e-01  2.3841e-01  2.0003e-01
1999.88798151  4.3387e-01  4.0889e+02  1.0241e+01  1.9847e-01  1.1923e+02  5.5502e-01  1.0739e-01  2.2127e-01  2.0590e-01
1999.88821005  5.2865e-01  4.1250e+02  1.0348e+01  2.1704e-01  1.2871e+02  6.2344e-01  1.1452e-01  2.0815e-01  2.2813e-01
1999.88843858  4.2891e-01  4.0291e+02  1.0198e+01  2.2439e-01  1.1589e+02  6.4907e-01  1.2654e-01  2.4932e-01  2.5570e-01
1999.88866715  3.6732e-01  3.9952e+02  1.0800e+01  1.9669e-01  1.2308e+02  6.0497e-01  1.0039e-01  1.9455e-01  2.1942e-01
1999.88889567  2.7067e-01  3.7699e+02  1.0051e+01  2.5797e-01  1.3009e+02  7.1575e-01  1.3733e-01  2.4588e-01  2.2500e-01
1999.88912422  3.0118e-01  3.6359e+02  1.0130e+01  3.5818e-01  1.2979e+02  6.7850e-01  1.3426e-01  2.7794e-01  2.2954e-01
1999.88935274  5.0556e-01  4.0132e+02  1.0698e+01  2.9243e-01  1.1477e+02  4.2773e-01  1.7203e-01  2.3450e-01  2.4990e-01
1999.88958132  6.1719e-01  4.1678e+02  1.1103e+01  1.5355e-01  1.2364e+02  6.0186e-01  1.3780e-01  2.7537e-01  2.4637e-01
1999.88980984  3.4481e-01  4.3805e+02  1.0490e+01  1.2317e-01  1.2916e+02  7.1755e-01  1.3985e-01  2.7005e-01  1.9703e-01
1999.89003836  7.5781e-01  4.3152e+02  1.1316e+01  1.1898e-01  1.4237e+02  6.4570e-01  1.3198e-01  2.8338e-01  2.2324e-01
1999.89026690  5.7101e-01  4.2438e+02  1.0674e+01  3.6956e-01  1.3389e+02  4.8365e-01  1.5317e-01  2.8144e-01  2.1557e-01
1999.89049545  1.6307e-01  4.7185e+02  1.1754e+01  7.7906e-02  1.6229e+02  9.2561e-01  1.7510e-01  3.0731e-01  2.0624e-01
1999.89072400  1.5903e-01  4.9448e+02  1.1423e+01  8.0935e-02  1.2242e+02  6.5486e-01  1.4793e-01  2.4812e-01  1.7104e-01
1999.89095252  6.9577e-02  4.5366e+02  1.0588e+01  1.8375e-01  2.2307e+02  9.6730e-01  2.4058e-01  4.1068e-01  2.2802e-01
1999.89118107  4.6540e-02  4.5635e+02  1.0899e+01  1.2368e-01  1.8317e+02  8.7219e-01  3.0105e-01  2.3998e-01  1.5777e-01
1999.89140962  1.5264e-01  4.6277e+02  1.1447e+01  1.0247e-01  2.0878e+02  6.7370e-01  1.5444e-01  2.5154e-01  1.9470e-01
1999.89163816  1.5772e-01  4.5408e+02  1.1500e+01  1.9790e-01  1.4128e+02  5.3088e-01  2.3233e-01  3.2547e-01  2.8854e-01
1999.89186668  1.7078e-01  4.5446e+02  1.1676e+01  1.7414e-01  1.0150e+02  4.8002e-01  1.9902e-01  3.0106e-01  2.2888e-01
1999.89209526  1.4543e-01  4.5999e+02  1.2628e+01  8.5805e-02  1.0968e+02  6.8334e-01  2.0347e-01  3.1054e-01  2.4851e-01
1999.89232378  5.2959e-02  4.5546e+02  1.2485e+01  2.2908e-01  9.9674e+01  6.4406e-01  1.1709e-01  3.5058e-01  2.4536e-01
1999.89255233  1.1403e-01  4.4820e+02  1.1363e+01  3.5371e-01  9.9320e+01  5.3884e-01  1.7187e-01  2.4664e-01  2.5233e-01
1999.89278085  1.1559e-01  4.3888e+02  1.2019e+01  2.7933e-01  8.4452e+01  4.5516e-01  1.5675e-01  3.0382e-01  2.4250e-01
1999.89300942  9.6312e-02  4.3644e+02  1.1889e+01  1.4374e-01  2.2314e+02  1.0283e+00  2.3557e-01  4.1349e-01  1.9339e-01
1999.89323795  1.3499e-01  4.4820e+02  1.2519e+01  1.1926e-01  1.6823e+02  7.8306e-01  1.6504e-01  2.6750e-01  1.9199e-01
1999.89346649  2.2022e-01  4.4133e+02  1.1566e+01  1.8341e-01  1.3772e+02  5.7468e-01  1.7136e-01  2.4301e-01  2.2585e-01
1999.89369501  1.6479e-01  4.5499e+02  1.2271e+01  1.2383e-01  1.2715e+02  6.9903e-01  2.1184e-01  2.3334e-01  1.9337e-01
1999.89392359  4.8832e-02  4.7144e+02  1.2117e+01  2.5795e-02  1.4745e+02  9.7395e-01  2.1563e-01  1.9932e-01  2.1355e-01
1999.89415211  4.0516e-02  4.4931e+02  1.3982e+01  2.1631e-02  1.6448e+02  1.1129e+00  2.4292e-01  3.4469e-01  1.8789e-01
1999.89438066  3.2882e-02  4.4240e+02  1.3514e+01  1.9485e-02  1.4528e+02  6.2117e-01  2.4374e-01  2.5616e-01  2.5764e-01
1999.89460918  3.2382e-02  4.3697e+02  1.3432e+01  2.9879e-02  1.4281e+02  8.5107e-01  1.7626e-01  4.4179e-01  1.5370e-01
1999.89483775  9.7839e-02  4.1660e+02  1.4320e+01  3.4614e-02  1.2432e+02  8.4255e-01  1.5322e-01  3.0129e-01  2.1943e-01
1999.89506627  4.9367e-02  4.2529e+02  1.3714e+01  3.3085e-02  1.6511e+02  1.1941e+00  3.0535e-01  3.2477e-01  2.4085e-01
1999.89529479  1.2217e-01  4.4092e+02  1.3689e+01  3.5481e-01  5.1499e+01  1.9812e-01  3.1533e-01  3.8576e-01  2.7964e-01
1999.89552334  1.4161e-01  4.4183e+02  1.2977e+01  4.1419e-01  9.6019e+01  3.2289e-01  2.8889e-01  3.7597e-01  2.8541e-01
1999.89575189  1.2308e-01  4.4961e+02  1.2352e+01  4.2539e-01  9.0249e+01  3.1152e-01  2.5644e-01  3.0388e-01  2.7331e-01
1999.89598044  2.2516e-01  4.5228e+02  1.2256e+01  3.8370e-01  2.2346e+02  5.1162e-01  2.1277e-01  3.0863e-01  2.4135e-01
1999.89620896  2.6567e-01  4.3836e+02  1.1721e+01  2.5359e-01  2.1368e+02  7.3039e-01  1.8262e-01  2.4640e-01  2.3244e-01
1999.89643751  2.3049e-01  4.5534e+02  1.2205e+01  1.9592e-01  1.5999e+02  4.8937e-01  1.4579e-01  2.5218e-01  1.9929e-01
1999.89666603  3.0546e-01  4.6078e+02  1.1245e+01  2.1783e-01  1.1951e+02  5.4030e-01  1.4731e-01  1.8242e-01  2.0027e-01
1999.89689460  2.0380e-01  4.7557e+02  1.1153e+01  1.3430e-01  7.4950e+01  5.3276e-01  1.8067e-01  2.7094e-01  2.2471e-01
1999.89712312  2.2392e-01  4.6781e+02  1.1133e+01  1.6945e-01  4.0952e+01  2.9673e-01  1.7780e-01  2.4930e-01  2.0528e-01
1999.89735167  1.9032e-01  4.5802e+02  1.1007e+01  1.2601e-01  3.5247e+01  2.6267e-01  1.7336e-01  2.6178e-01  2.1179e-01
1999.89758019  2.3147e-01  4.5635e+02  1.0415e+01  1.4111e-01  6.4101e+01  2.7334e-01  1.9482e-01  2.1897e-01  2.2343e-01
1999.89780877  4.2494e-01  4.4054e+02  1.1087e+01  1.5232e-01  1.3595e+02  3.2792e-01  2.1553e-01  2.4718e-01  2.5449e-01
1999.89803729  2.8408e-01  4.2534e+02  1.0971e+01  1.6777e-01  4.9772e+01  2.9522e-01  1.7054e-01  2.6303e-01  1.8803e-01
1999.89826586  3.6882e-01  4.1024e+02  1.1504e+01  1.5760e-01  6.5626e+01  2.2611e-01  1.5065e-01  2.2500e-01  1.9024e-01
1999.89849438  4.4420e-01  3.9635e+02  1.1526e+01  2.7155e-01  1.2481e+02  3.9855e-01  1.9155e-01  2.0595e-01  2.0283e-01
1999.89872296  4.6443e-01  3.8763e+02  1.0625e+01  4.0904e-01  1.2523e+02  4.6762e-01  1.5509e-01  1.7571e-01  1.8766e-01
1999.89895148  5.1556e-01  3.7753e+02  1.0499e+01  3.2849e-01  1.2739e+02  4.3935e-01  1.4864e-01  1.7717e-01  2.0450e-01
1999.89918003  5.2046e-01  3.7714e+02  1.0541e+01  3.2155e-01  1.4753e+02  4.9179e-01  1.4100e-01  1.5615e-01  1.9756e-01
1999.89940858  9.1166e-01  3.9325e+02  1.0868e+01  2.3580e-01  1.0655e+02  4.0760e-01  1.4598e-01  1.8644e-01  1.7627e-01
1999.89963712  1.0532e+00  4.1093e+02  1.0647e+01  3.3977e-01  1.2049e+02  4.4260e-01  1.4440e-01  1.8413e-01  2.3488e-01
1999.89986567  7.3616e-01  4.1180e+02  1.0879e+01  2.0668e-01  1.0491e+02  5.0286e-01  1.5879e-01  1.8338e-01  1.8598e-01
1999.90009422  6.2653e-01  4.0869e+02  1.0467e+01  2.4125e-01  1.0121e+02  4.3823e-01  1.0363e-01  1.8724e-01  2.3858e-01
1999.90032277  3.8813e-01  4.1369e+02  1.0886e+01  1.5346e-01  9.0919e+01  4.8956e-01  1.7409e-01  2.2560e-01  1.9110e-01
1999.90055132  3.5626e-01  4.2355e+02  1.1272e+01  1.5349e-01  1.3498e+02  6.2119e-01  1.4169e-01  2.2606e-01  2.0463e-01
1999.90077986  2.9611e-01  4.2189e+02  1.0031e+01  1.1473e-01  1.7635e+02  9.0473e-01  1.3315e-01  2.5084e-01  1.7563e-01
1999.90100841  2.1695e-01  4.2969e+02  1.0231e+01  1.0215e-01  1.7050e+02  6.9302e-01  1.0488e-01  1.7221e-01  1.6331e-01
1999.90123696  1.3181e-01  4.2887e+02  1.0009e+01  1.7800e-01  1.5973e+02  7.7274e-01  1.4591e-01  2.3300e-01  1.7881e-01
1999.90146551  9.3216e-02  4.3738e+02  9.6584e+00  1.7253e-01  1.6101e+02  8.2132e-01  1.3060e-01  2.8486e-01  2.5365e-01
1999.90169403  1.0167e-01  4.3495e+02  1.0999e+01  1.8154e-01  1.5398e+02  6.4636e-01  1.5164e-01  2.4895e-01  2.3382e-01
1999.90192260  1.1280e-01  4.2678e+02  9.7882e+00  2.1223e-01  1.2704e+02  6.8232e-01  1.6543e-01  2.1202e-01  2.3972e-01
1999.90215112  1.0750e-01  4.2408e+02  9.8920e+00  2.0991e-01  1.2211e+02  7.0127e-01  1.6068e-01  1.9776e-01  2.2213e-01
1999.90237970  1.0339e-01  4.2188e+02  9.8449e+00  3.0215e-01  1.0731e+02  6.9279e-01  1.3337e-01  2.5423e-01  2.5709e-01
1999.90260822  1.0018e-01  4.1890e+02  1.0125e+01  2.7299e-01  1.1582e+02  6.7421e-01  1.3329e-01  2.6848e-01  2.5908e-01
1999.90283679  7.1182e-02  3.9587e+02  9.8224e+00  3.0999e-01  1.0592e+02  6.3118e-01  9.4460e-02  2.0689e-01  2.1421e-01
1999.90306532  1.0279e-01  3.9542e+02  1.0027e+01  2.9591e-01  1.0301e+02  5.2465e-01  1.1730e-01  2.3416e-01  2.4090e-01
1999.90329386  1.1880e-01  3.8931e+02  9.8469e+00  3.1114e-01  1.0699e+02  5.3016e-01  1.3727e-01  2.2980e-01  2.0303e-01
1999.90352241  1.4047e-01  3.8235e+02  1.0175e+01  3.1323e-01  1.2163e+02  6.2989e-01  1.2014e-01  2.7161e-01  2.5902e-01
1999.90375096  1.5643e-01  3.7599e+02  1.0093e+01  2.7077e-01  1.2881e+02  6.9497e-01  1.1254e-01  2.5804e-01  2.5256e-01
1999.90397951  1.5921e-01  3.6856e+02  1.0317e+01  2.6473e-01  1.3634e+02  6.3986e-01  1.5092e-01  2.4568e-01  2.5106e-01
1999.90420805  1.7370e-01  3.7885e+02  1.0041e+01  2.1708e-01  1.1941e+02  6.2019e-01  1.1098e-01  2.6086e-01  1.9075e-01
1999.90443660  1.8575e-01  3.8236e+02  1.0355e+01  3.0121e-01  1.6057e+02  6.9387e-01  2.1703e-01  2.3381e-01  2.6906e-01
1999.90466515  3.1545e-01  4.0292e+02  1.1909e+01  2.3838e-01  1.9319e+02  5.4142e-01  1.5962e-01  3.4672e-01  2.9038e-01
1999.90489367  4.5674e-01  4.0550e+02  1.2249e+01  2.6309e-01  2.4442e+02  4.7366e-01  2.0831e-01  3.8672e-01  3.4784e-01
1999.90512225  5.5051e-01  3.9409e+02  1.2180e+01  1.6650e-01  2.5538e+02  7.8621e-01  2.2103e-01  3.4091e-01  2.4877e-01
1999.90535077  5.7340e-01  3.8152e+02  1.1621e+01  9.7366e-02  2.4893e+02  8.2780e-01  2.2151e-01  2.8323e-01  2.4606e-01
1999.90557934  4.1200e-01  3.7398e+02  1.1557e+01  1.2522e-01  2.3194e+02  8.3544e-01  1.9538e-01  2.2795e-01  2.4985e-01
1999.90580786  3.5625e-01  3.5962e+02  1.2081e+01  1.1772e-01  2.2972e+02  9.2364e-01  1.7706e-01  3.4848e-01  2.2188e-01
1999.90603644  3.7548e-01  3.4977e+02  1.1694e+01  1.4515e-01  2.2049e+02  7.4911e-01  2.0765e-01  2.9008e-01  2.1869e-01
1999.90626496  3.8513e-01  3.4775e+02  1.1514e+01  2.4541e-01  2.6791e+02  9.6397e-01  2.0395e-01  3.0142e-01  3.0359e-01
1999.90649351  2.4694e-01  3.5030e+02  1.1444e+01  5.7549e-01  1.9703e+02  5.9191e-01  2.7560e-01  3.3913e-01  3.0356e-01
1999.90672205  2.9553e-01  3.6415e+02  1.1871e+01  2.2184e-01  2.2882e+02  8.4774e-01  2.1897e-01  3.1051e-01  3.2313e-01
1999.90695060  1.8058e-01  3.6045e+02  1.0221e+01  2.2123e-01  1.1979e+02  6.7578e-01  1.8777e-01  2.4852e-01  2.6486e-01
1999.90717915  1.5967e-01  3.6059e+02  1.0317e+01  1.7893e-01  1.3472e+02  7.5462e-01  1.6107e-01  2.8797e-01  2.5404e-01
1999.90740770  2.1882e-01  3.5958e+02  1.0627e+01  1.9174e-01  1.3565e+02  6.8618e-01  1.6888e-01  3.0950e-01  2.2958e-01
1999.90763625  2.7472e-01  3.6886e+02  1.0510e+01  1.5111e-01  1.3734e+02  6.8028e-01  1.6462e-01  2.2634e-01  2.4222e-01
1999.90786479  2.5710e-01  3.5822e+02  1.0334e+01  3.5142e-01  1.0414e+02  5.0537e-01  1.7550e-01  2.7862e-01  2.7158e-01
1999.90809332  2.9836e-01  3.5806e+02  1.0073e+01  1.0879e-01  1.1009e+02  5.8194e-01  1.1529e-01  2.0251e-01  1.7829e-01
1999.90832189  2.7778e-01  3.6099e+02  1.0580e+01  1.1258e-01  1.0997e+02  4.7409e-01  1.4801e-01  1.8088e-01  1.7043e-01
1999.90855041  2.6170e-01  3.5836e+02  1.0100e+01  1.6073e-01  1.0722e+02  6.5744e-01  1.3441e-01  2.2502e-01  1.7458e-01
1999.90877899  1.0928e-01  4.0775e+02  8.8717e+00  2.7497e-01  8.1709e+01  5.7734e-01  5.9246e-02  1.7942e-01  2.1270e-01
1999.90900751  1.5026e-01  4.2527e+02  8.7789e+00  2.7953e-01  9.1814e+01  6.1157e-01  7.8507e-02  2.2629e-01  2.6992e-01
1999.90923608  1.1353e-01  4.1785e+02  8.9364e+00  2.0807e-01  9.9639e+01  6.5914e-01  1.0338e-01  2.0409e-01  2.2075e-01
1999.90946460  1.3347e-01  4.4390e+02  9.2729e+00  1.6637e-01  9.2074e+01  5.8333e-01  8.5564e-02  1.7278e-01  2.0276e-01
1999.90969315  1.4401e-01  4.3797e+02  8.8850e+00  1.6164e-01  8.8788e+01  6.2268e-01  8.8912e-02  1.6807e-01  2.1277e-01
1999.90992170  1.9562e-01  4.4622e+02  8.7922e+00  1.9793e-01  7.8731e+01  5.9927e-01  6.8653e-02  1.6274e-01  2.0070e-01
1999.91015025  1.8469e-01  4.2922e+02  9.3511e+00  1.6468e-01  8.3276e+01  5.4289e-01  7.9285e-02  1.7623e-01  1.9856e-01
1999.91037879  3.3348e-01  3.9635e+02  9.1570e+00  1.7750e-01  8.8480e+01  5.2409e-01  9.6225e-02  1.2983e-01  1.6824e-01
1999.91060734  3.8788e-01  3.8966e+02  9.0492e+00  1.9349e-01  9.1713e+01  5.2319e-01  9.7327e-02  1.3422e-01  1.8808e-01
1999.91083586  3.8515e-01  3.8787e+02  9.1844e+00  1.4687e-01  9.8736e+01  6.0599e-01  8.4587e-02  1.2518e-01  1.6609e-01
1999.91106444  3.0870e-01  3.8969e+02  9.1894e+00  1.3471e-01  1.0828e+02  6.3364e-01  9.9625e-02  1.4839e-01  1.7460e-01
1999.91129296  3.3332e-01  3.9155e+02  9.0095e+00  1.3293e-01  1.1270e+02  6.2958e-01  9.1207e-02  1.5200e-01  1.4273e-01
1999.91152153  3.1972e-01  3.7576e+02  9.4289e+00  1.4052e-01  1.1702e+02  6.5960e-01  8.4305e-02  1.3824e-01  1.6545e-01
1999.91175005  3.4806e-01  3.6856e+02  9.3184e+00  1.5452e-01  1.2419e+02  6.2428e-01  8.6826e-02  1.4663e-01  1.4765e-01
1999.91197860  4.1880e-01  3.7995e+02  9.3883e+00  1.2849e-01  1.1367e+02  5.1126e-01  9.2097e-02  1.3625e-01  1.4747e-01
1999.91220715  4.6981e-01  3.7321e+02  9.1692e+00  1.7749e-01  1.1710e+02  6.2211e-01  9.6015e-02  1.5494e-01  1.7721e-01
1999.91243570  3.8238e-01  3.7142e+02  9.0420e+00  1.4706e-01  1.1588e+02  6.3536e-01  9.5155e-02  1.4404e-01  1.6311e-01
1999.91266425  4.0570e-01  3.3979e+02  8.9764e+00  1.8808e-01  1.2001e+02  5.7234e-01  9.5102e-02  1.7542e-01  1.6516e-01
1999.91289279  5.6643e-01  3.8193e+02  9.4592e+00  1.3521e-01  1.1775e+02  6.0616e-01  8.1571e-02  1.3634e-01  1.4481e-01
1999.91312134  1.1588e+00  3.8122e+02  9.6892e+00  1.3970e-01  1.0984e+02  5.6655e-01  9.7577e-02  1.5253e-01  1.6868e-01
1999.91334989  1.3843e+00  3.7366e+02  9.5571e+00  1.7725e-01  1.2675e+02  5.8433e-01  1.1101e-01  1.6593e-01  1.6157e-01
1999.91357841  5.1623e-01  3.8592e+02  9.6719e+00  1.5157e-01  1.4190e+02  6.7913e-01  1.2522e-01  1.8653e-01  1.8439e-01
1999.91380699  1.9602e-01  3.7483e+02  1.0863e+01  1.6819e-01  7.3187e+01  3.1647e-01  2.8168e-01  2.6927e-01  2.4716e-01
1999.91403551  3.3589e-01  3.7987e+02  1.1523e+01  2.1592e-01  1.0737e+02  3.9357e-01  2.1740e-01  2.7099e-01  1.9018e-01
1999.91426408  2.6469e-01  3.7463e+02  1.1317e+01  3.4294e-01  8.7926e+01  2.7610e-01  2.4741e-01  1.9787e-01  2.0127e-01
1999.91449260  3.5961e-01  3.6343e+02  1.1581e+01  3.1683e-01  8.1280e+01  2.4453e-01  2.0087e-01  2.3272e-01  1.8979e-01
1999.91472118  3.4881e-01  3.5192e+02  1.0767e+01  4.8345e-01  1.5573e+02  3.6947e-01  3.0048e-01  2.7138e-01  2.7421e-01
1999.91494970  5.1045e-01  3.4767e+02  1.1199e+01  3.6224e-01  1.9066e+02  3.4808e-01  2.6847e-01  2.4650e-01  1.8106e-01
1999.91517827  6.2915e-01  3.4724e+02  1.2179e+01  2.0788e-01  2.7466e+02  6.5991e-01  2.1579e-01  2.1490e-01  2.0981e-01
1999.91540679  4.1540e-01  3.4209e+02  1.1625e+01  1.9331e-01  2.7897e+02  7.2184e-01  1.7308e-01  2.3750e-01  1.7843e-01
1999.91563537  4.3033e-01  3.3676e+02  1.2196e+01  1.0405e-01  2.7643e+02  6.8208e-01  1.8672e-01  1.8741e-01  1.2526e-01
1999.91586395  5.3730e-01  3.2599e+02  1.1999e+01  1.3217e-01  3.1306e+02  7.7437e-01  2.1668e-01  2.8401e-01  1.8620e-01
1999.91609247  5.2375e-01  3.4092e+02  1.2252e+01  1.3869e-01  2.8018e+02  7.8813e-01  2.6544e-01  2.1388e-01  1.7901e-01
1999.91632104  5.0564e-01  3.5236e+02  1.1929e+01  1.3535e-01  2.1090e+02  6.4870e-01  1.7498e-01  1.8441e-01  1.6989e-01
1999.91654959  4.2304e-01  3.5119e+02  1.1593e+01  1.6744e-01  2.1167e+02  6.6307e-01  2.1152e-01  2.5543e-01  1.8441e-01
1999.91677814  5.2228e-01  3.4385e+02  1.2125e+01  1.4227e-01  2.1042e+02  6.6085e-01  2.2336e-01  1.9379e-01  1.6912e-01
1999.91700668  5.3277e-01  3.4447e+02  1.1984e+01  1.9318e-01  2.2001e+02  6.2534e-01  2.4728e-01  2.6052e-01  1.6165e-01
1999.91723523  4.1209e-01  3.4332e+02  1.1706e+01  1.6700e-01  2.0475e+02  5.8475e-01  1.6969e-01  2.3682e-01  1.6652e-01
1999.91746378  3.5886e-01  3.4820e+02  1.1542e+01  2.1621e-01  1.5087e+02  3.1489e-01  2.5619e-01  2.9860e-01  2.1203e-01
1999.91769236  2.5051e-01  3.5406e+02  1.0953e+01  2.4193e-01  1.1449e+02  3.1496e-01  1.9776e-01  2.1101e-01  1.9750e-01
1999.91792088  4.9273e-01  3.3637e+02  1.1691e+01  2.1639e-01  1.6629e+02  5.2007e-01  2.1203e-01  2.4647e-01  2.0564e-01
1999.91814945  4.6899e-01  3.1910e+02  1.1070e+01  1.6654e-01  1.2571e+02  4.0871e-01  2.4316e-01  2.2029e-01  1.9235e-01
1999.91837797  2.0020e-01  3.3178e+02  1.0816e+01  1.9639e-01  5.3047e+01  2.6768e-01  1.6250e-01  2.2985e-01  2.1245e-01
1999.91860655  1.8164e-01  3.3727e+02  1.1163e+01  2.0271e-01  4.3989e+01  2.2312e-01  1.4434e-01  1.9620e-01  1.7350e-01
1999.91883510  1.4550e-01  3.3718e+02  1.1030e+01  2.9219e-01  4.0602e+01  1.4719e-01  1.5192e-01  1.8835e-01  1.8140e-01
1999.91906364  2.4511e-01  3.4464e+02  1.0488e+01  3.5092e-01  5.0703e+01  2.8009e-01  1.7450e-01  2.5551e-01  2.1752e-01
1999.91929222  1.6477e-01  3.3998e+02  1.0602e+01  2.1709e-01  5.9703e+01  3.0874e-01  1.6028e-01  1.9616e-01  1.7244e-01
1999.91952074  1.1663e-01  3.4037e+02  1.0791e+01  1.9135e-01  5.6894e+01  3.0764e-01  1.3923e-01  2.0824e-01  2.1641e-01
1999.91974932  2.9036e-01  3.4075e+02  9.7207e+00  2.2431e-01  7.6064e+01  4.0223e-01  1.1154e-01  1.4860e-01  1.6982e-01
1999.91997786  3.0560e-01  3.5612e+02  9.3922e+00  2.2324e-01  1.0057e+02  4.4740e-01  1.0904e-01  1.4365e-01  1.5813e-01
1999.92020641  5.8649e-01  3.9635e+02  9.5934e+00  2.2375e-01  1.1934e+02  5.9797e-01  7.3033e-02  1.8707e-01  1.9418e-01
1999.92043496  6.4668e-01  4.0697e+02  9.7796e+00  1.7780e-01  1.2032e+02  6.5125e-01  8.6708e-02  1.6918e-01  2.0502e-01
1999.92066353  6.3814e-01  4.1649e+02  9.5237e+00  1.7377e-01  1.2633e+02  6.3224e-01  8.8774e-02  1.5432e-01  2.1906e-01
1999.92089205  9.3679e-01  4.0504e+02  9.7071e+00  1.6830e-01  1.1181e+02  5.9112e-01  9.6949e-02  1.7660e-01  2.0351e-01
1999.92112063  8.7895e-01  3.9342e+02  9.7297e+00  1.4573e-01  1.1193e+02  6.5042e-01  1.1399e-01  1.8335e-01  1.8933e-01
1999.92134915  7.9187e-01  4.0224e+02  1.0014e+01  1.0240e-01  1.0424e+02  5.8422e-01  1.0121e-01  1.6586e-01  1.5117e-01
1999.92157773  3.3973e-01  4.1768e+02  1.0302e+01  1.2590e-01  6.7475e+01  4.8432e-01  1.0517e-01  2.1936e-01  1.6411e-01
1999.92180627  1.9070e-01  4.1759e+02  9.7872e+00  1.6529e-01  1.0559e+02  6.2762e-01  1.1192e-01  1.3598e-01  2.0677e-01
1999.92203482  1.9285e-01  4.3248e+02  9.9837e+00  1.9383e-01  8.5160e+01  5.9155e-01  8.4374e-02  1.4670e-01  1.7917e-01
1999.92226337  2.1068e-01  4.9067e+02  9.5521e+00  2.5609e-01  8.8973e+01  5.6931e-01  8.3566e-02  2.3934e-01  2.4488e-01
1999.92249192  1.9460e-01  5.5846e+02  9.6634e+00  1.5188e-01  9.2400e+01  6.4579e-01  5.9220e-02  1.7231e-01  1.6943e-01
1999.92272047  1.4365e-01  5.3806e+02  9.5611e+00  1.3336e-01  8.8416e+01  6.1925e-01  9.2729e-02  1.7593e-01  1.8962e-01
1999.92294901  1.3188e-01  5.2835e+02  9.9755e+00  1.2575e-01  8.4178e+01  5.8027e-01  9.6016e-02  1.7350e-01  1.7886e-01
1999.92317756  1.5183e-01  5.6289e+02  9.9742e+00  1.2051e-01  7.7708e+01  6.4433e-01  1.1250e-01  1.7116e-01  2.2513e-01
1999.92340614  1.8111e-01  6.1004e+02  9.5182e+00  1.4644e-01  7.4834e+01  6.0963e-01  1.0189e-01  1.6900e-01  1.9558e-01
1999.92363468  1.5485e-01  6.5448e+02  1.0082e+01  6.5181e-02  8.3798e+01  6.4173e-01  1.0561e-01  1.2664e-01  1.2921e-01
1999.92386323  3.7913e-01  7.1140e+02  1.0417e+01  7.4906e-02  9.3733e+01  6.2555e-01  1.3928e-01  9.0962e-02  1.1736e-01
1999.92409178  4.1958e-01  6.9119e+02  1.0276e+01  7.4483e-02  9.2487e+01  6.5642e-01  1.1970e-01  1.0363e-01  9.1167e-02
1999.92432033  2.3527e-01  6.8909e+02  1.0660e+01  8.6407e-02  7.9507e+01  6.2178e-01  1.2773e-01  1.1180e-01  1.2154e-01
1999.92454890  1.8523e-01  6.9657e+02  1.0655e+01  8.7860e-02  8.6759e+01  7.0948e-01  1.0473e-01  9.5162e-02  1.2763e-01
1999.92477742  1.6230e-01  7.0302e+02  1.0281e+01  8.7905e-02  8.8634e+01  6.4893e-01  1.0064e-01  1.1995e-01  1.1330e-01
1999.92500600  1.2892e-01  7.3103e+02  1.0252e+01  1.0018e-01  7.8394e+01  6.1096e-01  1.1378e-01  1.4338e-01  1.0972e-01
1999.92523452  1.0166e-01  7.4278e+02  1.0269e+01  1.0405e-01  7.9124e+01  6.5151e-01  8.9450e-02  1.3710e-01  1.3341e-01
1999.92546310  9.4309e-02  7.4321e+02  1.0218e+01  1.1724e-01  8.5315e+01  6.4312e-01  1.0920e-01  1.4816e-01  1.5488e-01
1999.92569164  8.7443e-02  7.4389e+02  1.0212e+01  1.2222e-01  8.1291e+01  6.4373e-01  9.7515e-02  1.3079e-01  1.4561e-01
1999.92592019  8.1720e-02  7.4357e+02  1.0346e+01  1.2138e-01  7.5357e+01  6.5516e-01  1.1051e-01  1.6446e-01  1.5240e-01
1999.92614874  8.5920e-02  7.2605e+02  1.0609e+01  1.2195e-01  7.3487e+01  6.0804e-01  8.4264e-02  1.4469e-01  1.4801e-01
1999.92637729  8.5191e-02  7.0072e+02  1.0284e+01  1.2190e-01  7.4021e+01  6.4626e-01  8.0297e-02  1.3306e-01  1.6540e-01
1999.92660584  1.0360e-01  7.0145e+02  1.0186e+01  1.2619e-01  6.7347e+01  5.9453e-01  8.1656e-02  1.1150e-01  1.5255e-01
1999.92683438  1.2606e-01  6.9970e+02  1.0232e+01  1.3018e-01  6.8872e+01  6.2639e-01  7.7034e-02  1.4658e-01  1.5618e-01
1999.92706293  1.2045e-01  6.9770e+02  1.0446e+01  1.2811e-01  6.7673e+01  6.0563e-01  8.8277e-02  1.3996e-01  1.3278e-01
1999.92729151  1.1374e-01  6.9192e+02  1.0409e+01  1.3736e-01  6.8305e+01  5.9617e-01  8.1282e-02  1.3899e-01  1.5124e-01
1999.92752003  1.0087e-01  6.8414e+02  1.0347e+01  1.1211e-01  7.1844e+01  6.2956e-01  8.4507e-02  1.2357e-01  1.6492e-01
1999.92774860  1.2990e-01  6.8122e+02  1.0399e+01  1.0854e-01  7.2218e+01  6.1571e-01  8.9087e-02  1.3247e-01  1.5250e-01
1999.92797715  1.0990e-01  6.8351e+02  1.0375e+01  9.5104e-02  7.2557e+01  6.0897e-01  7.4307e-02  1.3310e-01  1.5106e-01
1999.92820570  1.1931e-01  6.7547e+02  1.0304e+01  1.1981e-01  7.7929e+01  6.1948e-01  8.9947e-02  1.1719e-01  1.5102e-01
1999.92843425  1.2305e-01  6.6651e+02  1.0175e+01  1.0027e-01  7.7613e+01  6.4922e-01  8.6070e-02  1.0276e-01  1.4713e-01
1999.92866279  1.8430e-01  6.5770e+02  1.0803e+01  9.1184e-02  7.7747e+01  6.2039e-01  9.7167e-02  1.1587e-01  1.2858e-01
1999.92889137  2.0560e-01  6.5212e+02  1.0912e+01  1.0596e-01  7.6374e+01  5.8214e-01  1.0033e-01  1.2718e-01  1.1993e-01
1999.92911989  2.3719e-01  6.5007e+02  1.1141e+01  9.3347e-02  8.4126e+01  5.9849e-01  1.1335e-01  1.0513e-01  1.3679e-01
1999.92934847  2.6721e-01  6.4131e+02  1.0810e+01  7.8756e-02  1.0229e+02  6.6753e-01  1.0964e-01  1.1318e-01  1.1920e-01
1999.92957699  1.7032e-01  6.3159e+02  1.0721e+01  6.5352e-02  1.1574e+02  7.0854e-01  1.1743e-01  9.9989e-02  1.2134e-01
1999.92980556  2.2100e-01  6.1607e+02  1.0628e+01  5.3617e-02  1.1701e+02  6.8152e-01  1.1841e-01  1.4264e-01  1.1054e-01
1999.93003408  1.0354e-01  6.0599e+02  9.6139e+00  9.5830e-02  1.0524e+02  6.7682e-01  9.4333e-02  1.2740e-01  1.1713e-01
1999.93026266  1.4245e-01  5.8957e+02  9.4779e+00  1.2734e-01  9.5398e+01  6.5611e-01  1.0573e-01  1.2134e-01  1.5224e-01
1999.93049121  1.5679e-01  5.8401e+02  9.5552e+00  1.1753e-01  9.7724e+01  5.9066e-01  1.0381e-01  1.3234e-01  1.5220e-01
1999.93071975  1.8408e-01  5.9243e+02  9.8310e+00  1.0109e-01  1.0001e+02  6.2247e-01  9.2407e-02  1.2357e-01  1.4597e-01
1999.93094830  1.2609e-01  6.4984e+02  1.0442e+01  9.0197e-02  1.0854e+02  6.0578e-01  1.1368e-01  1.3296e-01  1.3624e-01
1999.93117685  1.2235e-01  6.6969e+02  1.0118e+01  9.6425e-02  1.0293e+02  6.2212e-01  1.0042e-01  1.2823e-01  1.2572e-01
1999.93140540  1.3533e-01  6.6745e+02  1.0295e+01  9.2777e-02  1.0224e+02  6.1795e-01  1.1730e-01  1.0176e-01  1.5191e-01
1999.93163395  1.2457e-01  6.5402e+02  1.0369e+01  8.2049e-02  1.2120e+02  6.4868e-01  1.2244e-01  1.5145e-01  1.1883e-01
1999.93186249  1.3268e-01  6.3933e+02  1.0326e+01  9.1514e-02  9.9603e+01  5.9143e-01  1.1733e-01  1.0899e-01  1.3477e-01
1999.93209107  1.2329e-01  6.0561e+02  1.0585e+01  7.8645e-02  1.0586e+02  7.1053e-01  1.2365e-01  1.4204e-01  1.2730e-01
1999.93231962  1.8297e-01  6.1980e+02  1.1374e+01  6.8809e-02  9.2697e+01  6.7723e-01  8.4646e-02  1.4318e-01  1.2859e-01
1999.93254816  1.5731e-01  6.1547e+02  1.1381e+01  7.1832e-02  8.2104e+01  5.9312e-01  8.2619e-02  1.0029e-01  1.2188e-01
1999.93277671  1.8261e-01  6.1367e+02  1.0993e+01  1.0310e-01  7.8911e+01  6.1480e-01  9.9959e-02  1.1908e-01  1.2081e-01
1999.93300526  1.6669e-01  6.0508e+02  1.1124e+01  9.8572e-02  8.2589e+01  6.0732e-01  8.4552e-02  9.0710e-02  1.3200e-01
1999.93323381  1.7593e-01  6.0099e+02  1.1090e+01  9.8143e-02  8.1765e+01  6.3530e-01  8.8263e-02  1.0874e-01  1.2042e-01
1999.93346236  1.8367e-01  5.9423e+02  1.1353e+01  1.0098e-01  8.2052e+01  6.0421e-01  8.5510e-02  1.0719e-01  1.2686e-01
1999.93369082  1.3936e-01  5.9432e+02  1.1358e+01  1.0069e-01  8.0256e+01  6.2148e-01  8.5206e-02  7.6327e-02  1.1261e-01
1999.93391926  1.3635e-01  5.8100e+02  1.1329e+01  9.2921e-02  8.2142e+01  6.0490e-01  7.5420e-02  1.1405e-01  1.0487e-01
1999.93414770  1.0415e-01  5.7365e+02  1.1137e+01  1.2104e-01  8.9398e+01  6.5881e-01  8.7137e-02  1.2609e-01  1.4039e-01
1999.93437614  1.5228e-01  5.7882e+02  1.0362e+01  1.7923e-01  8.9151e+01  6.0127e-01  8.9651e-02  1.7570e-01  1.5637e-01
1999.93460458  1.4060e-01  5.7696e+02  1.0303e+01  1.9827e-01  8.9479e+01  6.5831e-01  4.4859e-02  1.8308e-01  1.7431e-01
1999.93483304  1.1494e-01  5.7253e+02  1.0244e+01  2.1513e-01  8.8862e+01  7.1420e-01  7.9940e-02  1.9921e-01  1.7877e-01
1999.93506148  1.1729e-01  5.7366e+02  9.9892e+00  2.2358e-01  7.6607e+01  5.3101e-01  6.2916e-02  1.8522e-01  2.1684e-01
1999.93528992  9.6142e-02  5.6807e+02  9.8127e+00  2.2169e-01  7.7267e+01  5.8215e-01  8.4720e-02  1.9868e-01  2.4333e-01
1999.93551836  8.5979e-02  5.6418e+02  9.7045e+00  2.4972e-01  7.5248e+01  6.1990e-01  1.0662e-01  2.0444e-01  1.8753e-01
1999.93574679  6.3132e-02  5.6348e+02  9.7464e+00  2.7105e-01  9.0552e+01  6.9531e-01  1.1330e-01  2.3282e-01  2.9680e-01
1999.93597523  6.5792e-02  5.5925e+02  9.8608e+00  2.0196e-01  8.1574e+01  6.3681e-01  8.0356e-02  2.5431e-01  2.2402e-01
1999.93620367  8.1668e-02  5.4986e+02  9.6825e+00  2.4142e-01  9.0556e+01  6.5404e-01  1.0033e-01  2.6901e-01  2.6763e-01
1999.93643211  9.0956e-02  5.5210e+02  9.6789e+00  2.0047e-01  7.7592e+01  5.6409e-01  8.5743e-02  2.2107e-01  2.0241e-01
1999.93666055  8.6627e-02  5.5024e+02  9.6435e+00  2.0799e-01  7.9166e+01  5.6341e-01  5.6033e-02  1.9488e-01  1.9930e-01
1999.93688899  1.2308e-01  5.3759e+02  9.3985e+00  1.8026e-01  9.6118e+01  6.5039e-01  8.2744e-02  1.9658e-01  1.8960e-01
1999.93711742  1.0490e-01  5.2744e+02  9.4322e+00  1.7533e-01  1.0104e+02  6.2458e-01  8.4959e-02  1.6898e-01  1.6859e-01
1999.93734589  9.9815e-02  5.1910e+02  9.3203e+00  2.0730e-01  1.0986e+02  6.3245e-01  8.1958e-02  1.6306e-01  1.6257e-01
1999.93757433  1.3194e-01  5.2460e+02  9.3244e+00  2.2927e-01  1.0118e+02  6.7395e-01  9.8535e-02  2.1120e-01  2.0842e-01
1999.93780277  1.0925e-01  5.4415e+02  9.4939e+00  1.9580e-01  1.0423e+02  6.5324e-01  8.2809e-02  1.7801e-01  2.3545e-01
1999.93803121  9.1698e-02  5.3988e+02  9.6599e+00  2.1598e-01  1.0289e+02  7.3567e-01  1.1853e-01  2.0071e-01  2.1100e-01
1999.93825964  7.5079e-02  5.3127e+02  9.7687e+00  1.1393e-01  9.4370e+01  5.9387e-01  6.8788e-02  1.7862e-01  1.7634e-01
1999.93848808  8.1832e-02  5.3311e+02  9.8394e+00  1.3875e-01  9.8297e+01  6.5703e-01  8.8122e-02  2.1031e-01  1.6052e-01
1999.93871652  7.0025e-02  5.5224e+02  9.5835e+00  2.4655e-01  8.3327e+01  6.0993e-01  7.9050e-02  2.0668e-01  1.9827e-01
1999.93894496  7.1766e-02  5.6861e+02  9.4419e+00  3.0397e-01  7.8145e+01  6.0933e-01  9.7479e-02  1.7608e-01  2.3019e-01
1999.93917340  8.3400e-02  5.7319e+02  9.3072e+00  2.3355e-01  8.6137e+01  5.6619e-01  9.4164e-02  2.3035e-01  2.7611e-01
1999.93940184  7.8274e-02  5.6445e+02  9.0878e+00  2.3570e-01  8.4002e+01  5.8979e-01  9.4731e-02  2.0837e-01  2.2480e-01
1999.93963027  8.2594e-02  5.5053e+02  9.5919e+00  2.2821e-01  8.8715e+01  6.3830e-01  9.9922e-02  2.3170e-01  2.2186e-01
1999.93985871  7.5060e-02  5.4010e+02  9.6208e+00  1.9049e-01  7.6638e+01  4.8978e-01  7.3631e-02  1.7235e-01  2.1071e-01
1999.94008718  8.1675e-02  5.2690e+02  9.8810e+00  1.8544e-01  8.9387e+01  6.6920e-01  7.8177e-02  2.0902e-01  1.7503e-01
1999.94031562  8.8491e-02  5.1826e+02  9.8316e+00  1.9124e-01  9.8599e+01  6.4430e-01  1.1387e-01  1.8750e-01  1.9954e-01
1999.94054405  1.0790e-01  5.1325e+02  9.7133e+00  1.9799e-01  8.4083e+01  5.3421e-01  8.7630e-02  1.5869e-01  1.8613e-01
1999.94077249  9.2890e-02  5.0550e+02  1.0097e+01  1.7553e-01  8.3591e+01  5.7238e-01  8.0535e-02  1.3640e-01  1.8790e-01
1999.94100093  9.2290e-02  4.9865e+02  1.0268e+01  1.1853e-01  8.8132e+01  5.3493e-01  8.1014e-02  1.3807e-01  1.3994e-01
1999.94122937  1.0032e-01  4.9440e+02  9.8251e+00  1.2443e-01  8.9276e+01  5.7327e-01  8.2336e-02  1.1573e-01  1.1660e-01
1999.94145778  1.0642e-01  4.8698e+02  1.0142e+01  9.0569e-02  9.5554e+01  5.6285e-01  1.0876e-01  1.6404e-01  1.3284e-01
1999.94168622  1.4984e-01  4.7079e+02  9.4909e+00  1.5094e-01  9.8490e+01  5.6387e-01  1.0208e-01  1.6546e-01  1.2745e-01
1999.94191466  1.7923e-01  4.7041e+02  9.5832e+00  1.6726e-01  1.0003e+02  6.0152e-01  8.3783e-02  1.2331e-01  1.6667e-01
1999.94214310  2.0274e-01  4.6477e+02  9.4884e+00  1.3141e-01  9.4879e+01  5.8641e-01  1.0081e-01  1.0780e-01  1.5881e-01
1999.94237153  1.6393e-01  4.6419e+02  9.5092e+00  1.1106e-01  9.8155e+01  6.0208e-01  8.9409e-02  1.1206e-01  1.5118e-01
1999.94259997  1.5121e-01  4.5385e+02  9.4019e+00  1.3793e-01  1.0376e+02  5.8874e-01  1.0865e-01  1.5294e-01  1.6757e-01
1999.94282841  1.7708e-01  4.4635e+02  9.2267e+00  1.8445e-01  1.0179e+02  5.1738e-01  1.2256e-01  1.4328e-01  2.1079e-01
1999.94305688  2.0240e-01  4.4327e+02  9.5449e+00  1.5236e-01  1.0890e+02  5.6249e-01  1.1282e-01  1.7790e-01  1.6585e-01
1999.94328532  2.1565e-01  4.4289e+02  9.5871e+00  1.2360e-01  1.2387e+02  6.3548e-01  8.6845e-02  1.5317e-01  1.6653e-01
1999.94351375  1.9728e-01  4.4651e+02  9.5772e+00  1.1044e-01  1.3164e+02  6.9950e-01  9.6868e-02  1.4323e-01  1.6814e-01
1999.94374219  1.9236e-01  4.5920e+02  9.8180e+00  1.2455e-01  1.3912e+02  6.6490e-01  1.2824e-01  1.4468e-01  1.6150e-01
1999.94397063  2.0195e-01  4.7998e+02  9.8313e+00  1.2317e-01  1.3114e+02  6.5918e-01  1.0458e-01  1.6218e-01  1.3761e-01
1999.94419907  1.6991e-01  4.8618e+02  9.6493e+00  1.5770e-01  1.2374e+02  6.1602e-01  1.1495e-01  1.7177e-01  1.6205e-01
1999.94442751  1.1834e-01  4.7184e+02  9.4281e+00  1.4912e-01  1.4174e+02  7.0875e-01  1.3885e-01  2.0106e-01  1.3140e-01
1999.94465595  1.0376e-01  4.7703e+02  9.5751e+00  2.0491e-01  1.4334e+02  6.4031e-01  1.6651e-01  2.4341e-01  1.6618e-01
1999.94488438  9.1865e-02  4.7074e+02  9.7019e+00  1.9421e-01  1.2708e+02  5.9197e-01  1.4854e-01  1.6659e-01  1.5096e-01
1999.94511282  1.1285e-01  4.5917e+02  9.8946e+00  1.8431e-01  1.5034e+02  6.5354e-01  9.9495e-02  2.1184e-01  1.8098e-01
1999.94534126  8.4164e-02  4.4652e+02  9.4620e+00  2.2562e-01  1.5235e+02  6.7376e-01  1.4309e-01  1.9825e-01  2.1703e-01
1999.94556970  2.7147e-02  4.2044e+02  1.0784e+01  5.3862e-02  2.0573e+02  6.7674e-01  2.2221e-01  1.9086e-01  2.0907e-01
1999.94579814  2.3835e-02  4.1203e+02  9.6103e+00  8.5780e-02  1.8922e+02  8.4763e-01  1.4190e-01  1.6473e-01  1.3039e-01
1999.94602658  1.8563e-02  4.0662e+02  9.2320e+00  4.5334e-02  2.4756e+02  1.1941e+00  9.3735e-02  5.0068e-01  1.3393e-01
1999.94625501  2.2678e-02  4.0101e+02  1.1336e+01  9.3499e-02  2.3137e+02  9.7848e-01  1.5223e-01  2.7655e-01  1.4160e-01
1999.94648345  2.2510e-02  4.0381e+02  1.1082e+01  1.2611e-01  2.2707e+02  8.3819e-01  2.2360e-01  2.1989e-01  1.3829e-01
1999.94671192  2.7704e-02  3.9010e+02  1.2177e+01  1.6771e-01  2.5985e+02  7.8334e-01  2.3343e-01  2.3092e-01  2.2859e-01
1999.94694036  7.6572e-02  5.6284e+02  1.1512e+01  5.6536e-02  2.7556e+02  1.0382e+00  2.4563e-01  2.2334e-01  1.5050e-01
1999.94716879  3.0424e-02  6.7661e+02  1.0241e+01  2.6857e-01  1.8550e+02  9.3015e-01  2.7627e-01  3.6380e-01  2.6026e-01
1999.94739723  4.7965e-02  6.4226e+02  1.0070e+01  2.1100e-01  8.6365e+01  5.9986e-01  9.7403e-02  2.2087e-01  1.9911e-01
1999.94762567  2.2333e-01  6.1228e+02  1.0995e+01  1.4159e-01  1.1962e+02  6.6288e-01  1.4881e-01  1.9368e-01  1.7378e-01
1999.94785411  1.7945e-01  6.0011e+02  1.0438e+01  1.8925e-01  1.4763e+02  7.2086e-01  1.5145e-01  2.2142e-01  1.9739e-01
1999.94808255  1.7858e-01  5.7012e+02  1.0134e+01  1.3675e-01  1.4469e+02  7.1448e-01  2.0979e-01  1.9474e-01  1.9829e-01
1999.94831099  2.7612e-01  5.3934e+02  1.0447e+01  1.7617e-01  1.4178e+02  7.5776e-01  2.0050e-01  2.0762e-01  2.1752e-01
1999.94853942  2.8077e-01  5.1915e+02  9.9736e+00  3.5976e-01  8.3509e+01  3.6695e-01  1.7674e-01  2.3836e-01  2.6675e-01
1999.94876786  9.0713e-02  4.8977e+02  1.0901e+01  2.2288e-01  2.6666e+01  2.2947e-01  1.4268e-01  2.5247e-01  2.1304e-01
1999.94899630  5.1777e-02  4.9376e+02  1.2135e+01  2.2469e-01  2.5102e+01  1.9273e-01  1.8118e-01  2.5302e-01  2.0438e-01
1999.94922474  5.9796e-02  4.6705e+02  1.2746e+01  3.2153e-01  2.8764e+01  2.0140e-01  1.8612e-01  4.0126e-01  1.9803e-01
1999.94945318  1.1737e-01  4.4600e+02  1.1734e+01  1.4344e-01  1.5837e+02  7.1435e-01  1.5345e-01  2.6275e-01  1.5073e-01
1999.94968159  1.0540e-01  4.5944e+02  9.0843e+00  9.8117e-02  1.6462e+02  8.4840e-01  9.5051e-02  1.8350e-01  1.6697e-01
1999.94991003  7.5164e-02  4.7334e+02  1.0417e+01  4.6149e-02  1.5529e+02  8.4377e-01  1.4435e-01  1.7260e-01  1.2358e-01
1999.95013847  7.5123e-02  4.4211e+02  1.1282e+01  6.7061e-02  1.8744e+02  9.0037e-01  1.5166e-01  2.1020e-01  1.4768e-01
1999.95036690  4.5109e-02  4.1259e+02  1.1151e+01  5.2038e-02  1.6852e+02  9.6003e-01  1.2788e-01  2.3769e-01  1.5541e-01
1999.95059534  4.3329e-02  4.7108e+02  1.1246e+01  9.2267e-02  1.3177e+02  7.0307e-01  1.4152e-01  2.2926e-01  1.6424e-01
1999.95082378  1.1123e-01  4.8982e+02  1.0424e+01  1.2743e-01  1.3880e+02  7.4483e-01  1.1011e-01  2.0649e-01  1.6032e-01
1999.95105222  7.0961e-02  4.9882e+02  9.1649e+00  1.8656e-01  1.2150e+02  7.8407e-01  5.1653e-02  2.3842e-01  1.9017e-01
1999.95128068  5.0056e-02  4.6466e+02  9.0024e+00  1.7751e-01  1.2585e+02  7.1655e-01  1.0758e-01  1.6346e-01  2.6251e-01
1999.95150912  6.8339e-02  4.3746e+02  9.5359e+00  1.0860e-01  1.3963e+02  7.5415e-01  7.3259e-02  2.3965e-01  1.5254e-01
1999.95173756  1.2301e-01  4.3533e+02  9.7313e+00  7.7388e-02  1.3582e+02  7.4349e-01  1.2144e-01  2.0835e-01  1.7535e-01
1999.95196600  3.9494e-02  4.1803e+02  1.0226e+01  9.2034e-02  1.8706e+02  9.3655e-01  9.3329e-02  2.5828e-01  1.8544e-01
1999.95219444  4.5325e-02  4.1734e+02  9.0070e+00  1.5414e-01  2.0330e+02  9.3534e-01  1.0652e-01  2.4004e-01  2.3382e-01
1999.95242288  9.9491e-02  4.2021e+02  9.3769e+00  1.1630e-01  1.2664e+02  6.2588e-01  8.9714e-02  1.9202e-01  1.4331e-01
1999.95265132  2.5062e-01  4.2434e+02  1.0464e+01  7.1839e-02  1.6071e+02  4.1753e-01  1.3188e-01  2.0658e-01  1.5318e-01
1999.95287975  1.6705e-01  4.0624e+02  8.9468e+00  2.0305e-01  1.4883e+02  6.6613e-01  1.2236e-01  2.4249e-01  2.4369e-01
1999.95310819  1.5176e-01  3.9625e+02  8.9290e+00  2.7592e-01  1.3292e+02  6.2041e-01  7.4909e-02  2.5845e-01  1.9850e-01
1999.95333663  2.0039e-01  3.9287e+02  8.9973e+00  4.0725e-01  1.2108e+02  5.6993e-01  9.4773e-02  2.4663e-01  2.6346e-01
1999.95356510  1.8243e-01  3.9390e+02  8.9306e+00  3.8748e-01  1.1663e+02  5.8322e-01  7.8147e-02  2.8467e-01  2.6430e-01
1999.95379353  1.4436e-01  4.0438e+02  8.6460e+00  2.6089e-01  1.0350e+02  6.2333e-01  9.6007e-02  2.6084e-01  2.6167e-01
1999.95402197  1.5312e-01  3.9341e+02  8.8442e+00  3.4296e-01  1.1476e+02  5.6967e-01  7.6477e-02  3.2247e-01  2.7546e-01
1999.95425041  1.4193e-01  3.8195e+02  8.7716e+00  3.7554e-01  1.3272e+02  6.4570e-01  7.8708e-02  2.7223e-01  3.0621e-01
1999.95447888  7.7222e-02  3.8991e+02  8.5069e+00  6.0615e-01  1.2296e+02  5.3466e-01  7.1276e-02  2.9355e-01  2.0570e-01
1999.95470732  8.6493e-02  3.9392e+02  8.4208e+00  5.1914e-01  1.1675e+02  5.9063e-01  1.4233e-01  2.7184e-01  2.8405e-01
1999.95493575  1.0888e-01  3.8516e+02  8.3267e+00  3.8158e-01  1.0209e+02  6.2420e-01  9.3203e-02  2.9938e-01  2.9093e-01
1999.95516419  2.2061e-01  3.8688e+02  8.5681e+00  3.6318e-01  1.0827e+02  6.6112e-01  5.7026e-02  2.4563e-01  3.0562e-01
1999.95539266  2.7633e-01  3.9348e+02  8.6259e+00  3.2165e-01  9.8573e+01  5.6749e-01  5.5309e-02  1.6288e-01  2.4828e-01
1999.95562110  4.0191e-01  4.2135e+02  8.9076e+00  3.1033e-01  9.6806e+01  5.9264e-01  7.8124e-02  1.6842e-01  1.9741e-01
1999.95584953  3.4930e-01  4.2381e+02  8.7668e+00  2.7878e-01  9.6902e+01  5.7070e-01  7.2051e-02  1.9385e-01  2.4130e-01
1999.95607797  2.0292e-01  4.1994e+02  8.9393e+00  2.6393e-01  9.0781e+01  5.9989e-01  8.2490e-02  2.1681e-01  2.2992e-01
1999.95630644  2.8338e-01  4.3378e+02  8.9163e+00  2.4348e-01  9.0433e+01  5.7727e-01  8.5474e-02  1.7676e-01  2.3212e-01
1999.95653488  2.3348e-01  4.2465e+02  8.7154e+00  2.8796e-01  8.9153e+01  5.7586e-01  7.2423e-02  1.9441e-01  2.2047e-01
1999.95676332  1.6640e-01  4.3074e+02  9.0065e+00  2.2428e-01  8.8748e+01  5.6682e-01  7.9264e-02  1.9394e-01  2.1086e-01
1999.95699175  1.7984e-01  4.3883e+02  8.9384e+00  1.9902e-01  1.0499e+02  6.9134e-01  6.0998e-02  1.9814e-01  2.1971e-01
1999.95722022  2.1170e-01  4.4791e+02  9.0096e+00  2.0699e-01  9.8314e+01  6.0053e-01  7.0004e-02  2.1222e-01  1.9920e-01
1999.95744866  2.1637e-01  4.4906e+02  9.0554e+00  2.3181e-01  1.1348e+02  6.7138e-01  7.9231e-02  2.3056e-01  1.7521e-01
1999.95767710  2.5820e-01  4.5361e+02  9.0580e+00  2.2245e-01  9.7944e+01  6.1943e-01  7.2901e-02  2.1482e-01  2.0536e-01
1999.95790553  1.9353e-01  4.6637e+02  9.2056e+00  2.3219e-01  9.5051e+01  5.5022e-01  7.5822e-02  2.3043e-01  2.0537e-01
1999.95813400  1.9434e-01  4.7399e+02  9.1717e+00  1.6505e-01  9.6405e+01  5.4432e-01  6.8100e-02  2.1915e-01  2.2860e-01
1999.95836244  2.4146e-01  4.7849e+02  9.1412e+00  1.7128e-01  9.7578e+01  6.0717e-01  9.8495e-02  2.0406e-01  2.1049e-01
1999.95859088  2.1850e-01  4.7876e+02  9.3269e+00  2.0322e-01  9.3512e+01  5.3288e-01  8.8988e-02  1.4943e-01  2.0731e-01
1999.95881932  1.8755e-01  4.7419e+02  9.1791e+00  2.0910e-01  9.7056e+01  5.8086e-01  9.6873e-02  1.8370e-01  2.1187e-01
1999.95904775  2.5244e-01  4.6851e+02  9.2997e+00  1.7316e-01  9.9631e+01  5.7403e-01  7.5811e-02  1.8439e-01  1.6813e-01
1999.95927622  2.0031e-01  4.6376e+02  9.0976e+00  1.7569e-01  9.5011e+01  5.4484e-01  5.8731e-02  1.5677e-01  1.8438e-01
1999.95950466  1.8413e-01  4.4693e+02  9.2889e+00  1.5602e-01  9.9631e+01  5.9653e-01  8.0600e-02  1.6641e-01  1.9078e-01
1999.95973310  1.8845e-01  4.4076e+02  9.4799e+00  2.0458e-01  1.1322e+02  5.7643e-01  9.4957e-02  1.5410e-01  1.7924e-01
1999.95996153  1.5911e-01  4.4465e+02  9.0485e+00  1.7369e-01  1.0402e+02  6.5561e-01  6.5372e-02  1.9376e-01  1.5910e-01
1999.96019000  1.8850e-01  4.3794e+02  9.1057e+00  1.8093e-01  9.9494e+01  5.9294e-01  8.2878e-02  1.5237e-01  1.8130e-01
1999.96041844  2.1662e-01  4.3846e+02  9.3027e+00  1.9956e-01  9.6708e+01  5.4361e-01  1.1008e-01  1.6062e-01  1.8729e-01
1999.96064688  2.0008e-01  4.3652e+02  9.3562e+00  1.7052e-01  1.0523e+02  6.2531e-01  8.2739e-02  2.0438e-01  1.6711e-01
1999.96087532  2.2791e-01  4.3384e+02  9.6099e+00  1.7661e-01  1.0240e+02  5.7607e-01  8.2652e-02  1.8549e-01  2.0960e-01
1999.96110378  2.4061e-01  4.2701e+02  9.4112e+00  1.5039e-01  9.9239e+01  6.1122e-01  6.5650e-02  1.9673e-01  1.6319e-01
1999.96133222  2.7626e-01  4.2313e+02  9.6844e+00  1.8095e-01  1.0226e+02  5.8395e-01  1.2880e-01  2.1523e-01  1.8918e-01
1999.96156066  2.6141e-01  4.2046e+02  9.5646e+00  1.4804e-01  9.9239e+01  5.6676e-01  7.9623e-02  1.8211e-01  2.0002e-01
1999.96178910  2.1663e-01  4.1761e+02  9.6030e+00  1.5988e-01  1.0190e+02  6.0808e-01  1.0787e-01  1.6896e-01  1.8955e-01
1999.96201753  2.4616e-01  4.1083e+02  9.7309e+00  1.5589e-01  1.0654e+02  5.8883e-01  8.1360e-02  1.4195e-01  1.8901e-01
1999.96224600  2.6946e-01  4.0643e+02  9.6833e+00  1.6892e-01  1.0471e+02  5.8449e-01  9.2642e-02  1.6846e-01  1.7494e-01
1999.96247444  3.1953e-01  4.0363e+02  9.5662e+00  1.5335e-01  9.9668e+01  5.5399e-01  7.9018e-02  1.5077e-01  1.7568e-01
1999.96270288  2.9497e-01  4.0317e+02  9.7397e+00  1.5142e-01  1.0659e+02  6.1067e-01  6.9754e-02  1.2737e-01  1.5738e-01
1999.96293132  2.5417e-01  4.0266e+02  9.7358e+00  1.4457e-01  1.0544e+02  5.8195e-01  9.4123e-02  1.3180e-01  1.7826e-01
1999.96315975  2.4912e-01  3.9991e+02  9.5281e+00  1.4668e-01  1.0932e+02  6.1344e-01  9.1379e-02  1.7277e-01  1.5175e-01
1999.96338822  3.0434e-01  3.9794e+02  9.7152e+00  1.5570e-01  1.0204e+02  5.7375e-01  1.0945e-01  1.4744e-01  1.7157e-01
1999.96361666  2.3761e-01  4.0129e+02  9.7193e+00  1.3555e-01  1.0300e+02  6.1680e-01  8.6594e-02  1.5054e-01  1.5490e-01
1999.96384510  3.0132e-01  4.0003e+02  9.4499e+00  1.7515e-01  1.0340e+02  5.9567e-01  9.3694e-02  1.4887e-01  1.6402e-01
1999.96407353  2.1700e-01  4.0259e+02  9.4413e+00  1.9796e-01  1.0614e+02  6.3100e-01  8.1769e-02  1.6249e-01  1.9546e-01
1999.96430200  1.8587e-01  4.0129e+02  9.1411e+00  1.9657e-01  1.0434e+02  6.5983e-01  9.7072e-02  1.3536e-01  1.9600e-01
1999.96453044  2.8038e-01  4.2125e+02  9.4260e+00  1.5729e-01  9.8321e+01  5.5092e-01  8.2992e-02  1.4317e-01  1.6374e-01
1999.96475888  3.0528e-01  4.2718e+02  9.5082e+00  1.5913e-01  1.0133e+02  6.3334e-01  9.3858e-02  1.5767e-01  1.3418e-01
1999.96498732  2.5975e-01  4.2034e+02  9.5149e+00  1.5573e-01  1.0099e+02  6.0718e-01  8.3793e-02  1.6409e-01  1.6211e-01
1999.96521575  1.9354e-01  4.1842e+02  9.4888e+00  1.5291e-01  1.0010e+02  5.9747e-01  9.3263e-02  1.6988e-01  1.5041e-01
1999.96544422  2.6443e-01  4.2321e+02  9.4682e+00  1.5252e-01  1.0492e+02  5.8375e-01  7.8748e-02  1.5052e-01  1.6276e-01
1999.96567266  1.9983e-01  4.1842e+02  9.5419e+00  1.4338e-01  1.0121e+02  5.7531e-01  8.4312e-02  1.5074e-01  1.4522e-01
1999.96590110  2.5148e-01  4.1807e+02  9.6236e+00  1.7499e-01  1.0237e+02  5.8414e-01  8.3176e-02  1.9394e-01  1.4092e-01
1999.96612953  2.4702e-01  4.1487e+02  9.5138e+00  1.7953e-01  9.9005e+01  5.7656e-01  7.2134e-02  1.6512e-01  1.5262e-01
1999.96635797  2.3354e-01  4.1972e+02  9.4702e+00  1.7048e-01  8.8782e+01  5.5293e-01  8.2967e-02  1.4389e-01  1.6096e-01
1999.96658644  2.1598e-01  4.1588e+02  9.6340e+00  1.5769e-01  1.0108e+02  6.2742e-01  5.2478e-02  1.8391e-01  1.6030e-01
1999.96681488  1.7393e-01  4.1066e+02  9.4119e+00  1.8796e-01  1.0242e+02  5.9408e-01  1.0131e-01  1.3319e-01  1.7014e-01
1999.96704332  1.7908e-01  4.0770e+02  9.5796e+00  1.3353e-01  9.3438e+01  5.6441e-01  9.1357e-02  1.6441e-01  1.2622e-01
1999.96727175  1.3689e-01  4.0454e+02  9.3755e+00  1.8547e-01  1.0067e+02  5.8380e-01  1.2283e-01  1.8972e-01  1.6546e-01
1999.96750019  1.0253e-01  3.9710e+02  9.3768e+00  1.2899e-01  9.3687e+01  6.0393e-01  9.9848e-02  1.2644e-01  1.6290e-01
1999.96772866  1.2018e-01  3.9301e+02  9.4901e+00  1.3841e-01  9.5021e+01  6.5872e-01  8.2672e-02  1.7405e-01  1.7492e-01
1999.96795710  1.9800e-01  3.8985e+02  9.6655e+00  1.3360e-01  8.7133e+01  6.0982e-01  1.0552e-01  1.7328e-01  2.0337e-01
1999.96818553  1.9765e-01  3.8296e+02  9.5057e+00  1.7167e-01  9.2782e+01  6.9027e-01  8.8420e-02  1.8177e-01  1.9548e-01
1999.96841397  2.0070e-01  3.8112e+02  9.4392e+00  1.5523e-01  9.3363e+01  6.7823e-01  9.4127e-02  2.0009e-01  1.7725e-01
1999.96864241  2.1052e-01  3.7942e+02  9.2486e+00  1.4456e-01  8.8464e+01  5.9814e-01  1.1022e-01  1.6250e-01  1.6626e-01
1999.96887088  2.2376e-01  3.7232e+02  9.2933e+00  1.8228e-01  9.0392e+01  6.2203e-01  9.5653e-02  1.3403e-01  1.9510e-01
1999.96909932  2.2387e-01  3.7456e+02  9.2336e+00  1.8514e-01  9.6169e+01  6.4469e-01  7.8816e-02  1.6766e-01  1.8757e-01
1999.96932775  1.3844e-01  3.7399e+02  9.2410e+00  1.7717e-01  9.1013e+01  6.0905e-01  9.4568e-02  1.7895e-01  1.6894e-01
1999.96955619  1.9474e-01  3.7098e+02  9.2792e+00  1.9182e-01  9.6413e+01  6.4466e-01  9.3840e-02  1.7118e-01  1.9868e-01
1999.96978463  1.8392e-01  3.6813e+02  9.2235e+00  2.0886e-01  8.9669e+01  6.4515e-01  8.8151e-02  1.5443e-01  1.8283e-01
1999.97001310  1.5560e-01  3.6809e+02  9.3921e+00  1.9167e-01  9.8965e+01  6.1250e-01  9.9192e-02  2.0187e-01  1.6368e-01
1999.97024153  1.5935e-01  3.7141e+02  9.1558e+00  1.7146e-01  9.4502e+01  5.5289e-01  8.4033e-02  1.6539e-01  1.7713e-01
1999.97046997  1.3752e-01  3.6436e+02  9.0208e+00  2.4140e-01  9.5750e+01  5.5327e-01  9.6541e-02  1.6142e-01  1.9386e-01
1999.97069841  1.5039e-01  3.6753e+02  9.4931e+00  2.0083e-01  9.6597e+01  5.7514e-01  6.3376e-02  1.5336e-01  2.0837e-01
1999.97092685  1.9327e-01  3.7361e+02  9.2328e+00  2.0010e-01  1.0906e+02  6.5207e-01  8.9399e-02  1.5033e-01  2.2296e-01
1999.97115532  2.0920e-01  3.6582e+02  9.0808e+00  2.2199e-01  1.0848e+02  6.0443e-01  9.1903e-02  1.1953e-01  1.8765e-01
1999.97138375  2.2745e-01  3.5534e+02  9.0038e+00  1.9461e-01  1.0378e+02  6.0139e-01  6.7151e-02  1.6863e-01  1.7925e-01
1999.97161219  2.3578e-01  3.5168e+02  9.1200e+00  2.0862e-01  9.9456e+01  5.8832e-01  7.7809e-02  1.7392e-01  1.8329e-01
1999.97184063  2.5104e-01  3.4514e+02  8.8483e+00  2.2411e-01  1.2137e+02  6.4937e-01  8.9273e-02  1.7631e-01  1.5878e-01
1999.97206907  1.8870e-01  3.3412e+02  9.4436e+00  2.2862e-01  1.1853e+02  4.8645e-01  8.9435e-02  2.1339e-01  1.6428e-01
1999.97229753  2.2599e-01  3.2617e+02  9.2012e+00  2.3149e-01  1.1875e+02  6.6922e-01  1.1223e-01  1.5433e-01  1.5447e-01
1999.97252597  2.4434e-01  3.1618e+02  9.1560e+00  2.1392e-01  1.2000e+02  6.7461e-01  1.4828e-01  1.6401e-01  1.3809e-01
1999.97275441  1.9359e-01  3.1243e+02  9.2629e+00  2.0671e-01  1.0699e+02  5.3723e-01  8.8487e-02  1.5161e-01  1.2739e-01
1999.97298288  2.0595e-01  3.1368e+02  9.4623e+00  1.7264e-01  1.1479e+02  6.7573e-01  1.2426e-01  1.9521e-01  1.4987e-01
1999.97321132  2.0308e-01  3.1166e+02  9.6757e+00  1.7098e-01  1.0695e+02  6.0138e-01  1.1599e-01  1.5949e-01  1.5933e-01
1999.97343975  2.3299e-01  3.0800e+02  9.2269e+00  2.0318e-01  1.1662e+02  5.8768e-01  1.0450e-01  1.7157e-01  1.4612e-01
1999.97366822  2.3091e-01  3.0339e+02  9.3616e+00  1.7543e-01  1.0057e+02  5.1642e-01  1.4227e-01  1.3464e-01  1.4240e-01
1999.97389666  2.4503e-01  3.0138e+02  9.2326e+00  2.2618e-01  1.1053e+02  5.6446e-01  1.0780e-01  1.4036e-01  1.2483e-01
1999.97412512  2.1636e-01  2.9728e+02  9.6235e+00  2.1236e-01  1.0532e+02  6.2240e-01  1.2509e-01  1.4478e-01  1.8058e-01
1999.97435356  1.8429e-01  2.9280e+02  9.3132e+00  2.0409e-01  9.9792e+01  5.4656e-01  7.3756e-02  1.9172e-01  1.7777e-01
1999.97458200  1.7011e-01  2.8738e+02  9.5642e+00  2.0819e-01  9.0861e+01  5.7787e-01  1.3596e-01  1.3602e-01  1.9367e-01
1999.97481047  1.7078e-01  2.8576e+02  8.9899e+00  2.8702e-01  8.8076e+01  4.5149e-01  1.4054e-01  1.6123e-01  1.5423e-01
1999.97503890  1.7090e-01  2.8819e+02  9.0013e+00  2.2930e-01  8.4271e+01  5.7627e-01  1.3596e-01  1.5948e-01  1.9481e-01
1999.97526734  1.2564e-01  2.8275e+02  9.3181e+00  1.6961e-01  9.6005e+01  5.6409e-01  1.1206e-01  1.8059e-01  1.3282e-01
1999.97549581  6.3146e-02  2.7910e+02  9.0318e+00  2.5975e-01  7.8960e+01  6.5596e-01  2.1190e-01  1.6549e-01  2.4807e-01
1999.97572425  8.5097e-02  2.7646e+02  8.8765e+00  2.8695e-01  7.3984e+01  6.2493e-01  1.3849e-01  3.0341e-01  3.6364e-01
1999.97595268  8.8555e-02  2.7708e+02  9.1481e+00  2.7620e-01  6.9747e+01  6.9918e-01  1.5538e-01  3.0624e-01  2.4790e-01
1999.97618115  1.1549e-01  2.8286e+02  8.5366e+00  1.9006e-01  5.0481e+01  3.5021e-01  1.5196e-01  2.2901e-01  2.7507e-01
1999.97640959  1.5688e-01  2.9039e+02  8.2381e+00  3.8664e-01  3.6099e+01  2.8862e-01  1.5488e-01  1.9361e-01  2.4110e-01
1999.97663803  1.4667e-01  3.0450e+02  8.9779e+00  1.9864e-01  2.2188e+01  2.2932e-01  1.0107e-01  1.8108e-01  2.0960e-01
1999.97686649  2.2320e-01  3.0184e+02  9.5987e+00  2.1408e-01  3.4083e+01  3.0192e-01  1.2423e-01  1.8291e-01  2.2727e-01
1999.97709493  2.3548e-01  3.0303e+02  9.7222e+00  1.7820e-01  2.7125e+01  2.4904e-01  1.2811e-01  1.6292e-01  1.8824e-01
1999.97732337  2.4433e-01  3.0643e+02  9.6336e+00  2.1347e-01  3.4819e+01  3.2779e-01  9.5806e-02  2.2255e-01  2.3935e-01
1999.97755184  2.3903e-01  3.1218e+02  9.2888e+00  3.1057e-01  4.1816e+01  3.1422e-01  1.2548e-01  2.5203e-01  2.4488e-01
1999.97778027  3.4661e-01  3.2056e+02  9.5908e+00  3.0034e-01  5.4784e+01  3.1612e-01  1.5610e-01  2.3312e-01  2.2177e-01
1999.97800871  7.1837e-01  3.3661e+02  9.7258e+00  2.9535e-01  7.0135e+01  2.4988e-01  1.0968e-01  1.7053e-01  2.0925e-01
1999.97823718  7.3853e-01  3.4957e+02  1.1055e+01  1.4216e-01  1.1226e+02  3.8066e-01  1.1506e-01  1.5592e-01  1.6869e-01
1999.97846562  7.7303e-01  3.6608e+02  1.0249e+01  3.1251e-01  1.3200e+02  5.2439e-01  7.7982e-02  1.5457e-01  1.9123e-01
1999.97869405  1.1820e+00  3.9429e+02  9.9865e+00  1.6275e-01  1.4292e+02  5.1994e-01  1.1476e-01  1.5400e-01  1.3369e-01
1999.97892252  7.7790e-01  3.9274e+02  9.9070e+00  1.6014e-01  1.3736e+02  5.7129e-01  1.0416e-01  1.3852e-01  1.4410e-01
1999.97915096  6.0628e-01  4.2891e+02  9.5935e+00  1.5147e-01  9.7055e+01  5.4773e-01  9.0276e-02  1.2726e-01  1.4413e-01
1999.97937940  6.4950e-01  4.5292e+02  9.3842e+00  1.6702e-01  9.5697e+01  5.7316e-01  1.0517e-01  1.2071e-01  1.5957e-01
1999.97960789  5.1251e-01  4.5903e+02  9.4687e+00  1.6353e-01  1.0265e+02  6.0669e-01  9.6602e-02  1.3287e-01  1.7443e-01
1999.97983630  3.5583e-01  4.6625e+02  9.5315e+00  1.4279e-01  9.6116e+01  5.7530e-01  1.1373e-01  1.4778e-01  1.2784e-01
1999.98006474  3.2926e-01  4.7604e+02  9.5207e+00  1.1796e-01  1.0707e+02  5.5525e-01  8.4494e-02  1.3630e-01  1.2860e-01
1999.98029318  3.6847e-01  4.8534e+02  9.7629e+00  1.0135e-01  1.1195e+02  6.0178e-01  8.0050e-02  1.7543e-01  1.2674e-01
1999.98052167  3.4411e-01  5.0223e+02  9.7972e+00  1.0270e-01  1.2079e+02  7.0052e-01  8.0003e-02  1.5396e-01  1.1976e-01
1999.98075008  3.7068e-01  5.3742e+02  9.4641e+00  1.3546e-01  1.0386e+02  6.8176e-01  8.2022e-02  1.1950e-01  1.6178e-01
1999.98097852  3.3219e-01  5.6782e+02  9.5618e+00  1.3307e-01  9.8067e+01  6.3460e-01  8.7286e-02  1.3650e-01  1.9032e-01
1999.98120701  2.3355e-01  6.0260e+02  9.2953e+00  2.2204e-01  8.4657e+01  7.0084e-01  9.3777e-02  1.9109e-01  2.4223e-01
1999.98143545  2.1881e-01  5.9831e+02  9.2590e+00  2.2203e-01  8.1814e+01  6.1025e-01  8.6062e-02  2.4408e-01  2.5001e-01
1999.98166386  1.9463e-01  6.3622e+02  9.4407e+00  1.5582e-01  1.1308e+02  6.6728e-01  1.1183e-01  2.0955e-01  2.4454e-01
1999.98189236  2.1232e-01  6.1249e+02  9.4924e+00  1.3372e-01  1.2970e+02  6.0403e-01  1.1402e-01  2.0266e-01  1.7063e-01
1999.98212079  2.7443e-01  5.4690e+02  9.6039e+00  1.3277e-01  1.2135e+02  6.1202e-01  7.9981e-02  2.1338e-01  1.6468e-01
1999.98234923  2.5207e-01  5.6558e+02  9.5915e+00  8.9511e-02  1.2627e+02  6.7519e-01  9.3555e-02  1.8864e-01  1.7344e-01
1999.98257770  2.5442e-01  5.4352e+02  1.0055e+01  1.1753e-01  1.5487e+02  7.0998e-01  1.3283e-01  2.0207e-01  1.2400e-01
1999.98280614  2.5742e-01  5.2170e+02  9.3475e+00  1.2546e-01  1.4132e+02  5.3399e-01  1.2482e-01  1.6539e-01  1.5228e-01
1999.98303458  4.0281e-01  4.8210e+02  9.5423e+00  1.3138e-01  9.9827e+01  6.0348e-01  1.3135e-01  1.6418e-01  1.5452e-01
1999.98326304  3.2282e-01  4.8587e+02  9.7193e+00  1.4336e-01  7.8697e+01  5.0422e-01  1.1045e-01  1.2918e-01  1.4636e-01
1999.98349148  2.7867e-01  4.8547e+02  9.7625e+00  1.2244e-01  8.5583e+01  5.8501e-01  1.0836e-01  1.2191e-01  1.4443e-01
1999.98371992  2.2786e-01  4.7811e+02  9.8415e+00  1.3288e-01  8.9893e+01  5.8903e-01  9.7567e-02  1.3262e-01  1.5324e-01
1999.98394836  2.0714e-01  4.5732e+02  1.0028e+01  1.3482e-01  1.1480e+02  5.8714e-01  9.3783e-02  1.2511e-01  1.5282e-01
1999.98417682  2.0267e-01  4.4798e+02  9.5891e+00  1.6831e-01  1.3112e+02  6.8208e-01  9.5973e-02  1.7300e-01  1.3856e-01
1999.98440526  1.8473e-01  4.4900e+02  1.0241e+01  1.6544e-01  1.2779e+02  7.3751e-01  1.2120e-01  1.2964e-01  1.2250e-01
1999.98463370  1.7971e-01  4.4322e+02  1.0511e+01  1.6114e-01  1.3050e+02  6.6526e-01  1.0621e-01  1.6170e-01  1.6465e-01
1999.98486216  2.2727e-01  4.3688e+02  1.0711e+01  1.9675e-01  1.3094e+02  6.3144e-01  1.5894e-01  1.7237e-01  1.3230e-01
1999.98509060  2.7579e-01  4.2205e+02  1.0493e+01  1.8869e-01  1.3703e+02  6.8172e-01  1.4983e-01  1.5938e-01  1.2403e-01
1999.98531904  2.0832e-01  4.0664e+02  1.0728e+01  1.8983e-01  1.4040e+02  6.5435e-01  1.4233e-01  1.7651e-01  1.4219e-01
1999.98554751  1.7673e-01  3.9194e+02  1.1859e+01  1.0376e-01  1.2563e+02  6.7562e-01  1.2201e-01  1.7029e-01  1.3448e-01
1999.98577595  2.2000e-01  3.8775e+02  1.2008e+01  9.0691e-02  1.2419e+02  6.3503e-01  1.5316e-01  1.6975e-01  1.4553e-01
1999.98600438  2.2625e-01  4.2459e+02  1.1917e+01  9.4515e-02  1.2968e+02  8.0636e-01  1.2275e-01  1.9733e-01  1.4490e-01
1999.98623282  2.3239e-01  4.0762e+02  1.1715e+01  1.5693e-01  1.2833e+02  6.8288e-01  1.5282e-01  2.0386e-01  1.4837e-01
1999.98646129  3.0685e-01  4.0969e+02  1.1767e+01  1.3820e-01  1.3955e+02  7.4182e-01  1.3477e-01  1.8672e-01  1.6072e-01
1999.98668973  4.9097e-01  4.1187e+02  1.2115e+01  1.8963e-01  1.3938e+02  6.2175e-01  1.7476e-01  1.9267e-01  2.0289e-01
1999.98691816  2.3276e-01  4.1143e+02  1.2136e+01  1.0104e-01  1.7525e+02  7.8050e-01  1.4347e-01  2.4046e-01  1.8398e-01
1999.98714663  1.7084e-01  4.1322e+02  1.2214e+01  1.2555e-01  1.9389e+02  8.5391e-01  1.9411e-01  2.2957e-01  1.8838e-01
1999.98737507  2.0774e-01  3.8225e+02  1.2433e+01  1.2701e-01  1.7231e+02  6.6704e-01  2.0062e-01  3.5315e-01  1.5626e-01
1999.98760351  1.8579e-01  3.7509e+02  1.2727e+01  1.0217e-01  1.8015e+02  9.3222e-01  1.9689e-01  2.9107e-01  1.5228e-01
1999.98783197  1.2721e-01  4.1367e+02  1.2909e+01  9.2775e-02  1.8927e+02  9.0123e-01  2.4353e-01  2.8103e-01  2.0347e-01
1999.98806041  1.0135e-01  4.2899e+02  1.2979e+01  9.4238e-02  1.5655e+02  7.5684e-01  1.6864e-01  2.8498e-01  1.5575e-01
1999.98828885  7.4244e-02  4.4269e+02  1.2948e+01  8.8252e-02  1.7491e+02  9.4076e-01  1.7668e-01  3.0089e-01  1.4065e-01
1999.98851729  6.8887e-02  4.5075e+02  1.2771e+01  7.7305e-02  1.6533e+02  8.0275e-01  2.3797e-01  2.0447e-01  1.4913e-01
1999.98874575  8.8958e-02  4.5182e+02  1.3526e+01  4.1170e-02  1.5720e+02  9.2534e-01  1.6011e-01  2.2550e-01  1.5229e-01
1999.98897419  9.3909e-02  4.4951e+02  1.3899e+01  5.2410e-02  1.8359e+02  1.0234e+00  2.1562e-01  2.0260e-01  1.7571e-01
1999.98920263  8.8911e-02  4.4265e+02  1.3266e+01  5.6454e-02  1.7736e+02  9.5504e-01  2.1732e-01  1.7919e-01  1.8713e-01
1999.98943110  1.0985e-01  4.1480e+02  1.2153e+01  7.2299e-02  2.0826e+02  9.9535e-01  1.8709e-01  2.3708e-01  1.4702e-01
1999.98965953  1.8464e-01  4.0063e+02  1.3257e+01  8.3352e-02  2.3706e+02  8.9348e-01  1.7353e-01  2.7467e-01  1.6685e-01
1999.98988797  1.7344e-01  4.2478e+02  1.3976e+01  1.0650e-01  1.8341e+02  6.9677e-01  1.8692e-01  2.5918e-01  1.8702e-01
1999.99011641  1.1579e-01  4.3177e+02  1.3522e+01  1.1453e-01  2.1268e+02  9.8176e-01  1.9572e-01  2.2613e-01  1.8222e-01
1999.99034488  1.2682e-01  4.3650e+02  1.3316e+01  1.1452e-01  2.1017e+02  8.6689e-01  2.4686e-01  3.2427e-01  2.2167e-01
1999.99057332  1.5733e-01  4.3514e+02  1.3999e+01  9.4200e-02  2.4246e+02  1.1343e+00  2.2516e-01  3.4362e-01  1.9874e-01
1999.99080175  1.6974e-01  4.1316e+02  1.3510e+01  1.0755e-01  1.9468e+02  7.7173e-01  1.9550e-01  1.9728e-01  1.9805e-01
1999.99103022  1.2780e-01  4.0899e+02  1.3574e+01  7.2246e-02  2.0702e+02  7.1013e-01  2.4230e-01  2.3735e-01  2.2253e-01
1999.99125866  1.1259e-01  4.2686e+02  1.0976e+01  5.5585e-02  1.5622e+02  6.0919e-01  1.9784e-01  2.3611e-01  1.2557e-01
1999.99148710  1.4948e-01  3.9496e+02  1.2496e+01  1.2153e-01  2.1855e+02  8.2914e-01  2.9789e-01  2.7347e-01  1.9673e-01
1999.99171556  1.4647e-01  3.6570e+02  1.1392e+01  9.9074e-02  1.6800e+02  6.1728e-01  2.3665e-01  2.8671e-01  1.4515e-01
1999.99194400  1.0939e-01  3.6612e+02  1.1590e+01  1.1214e-01  1.6777e+02  7.1104e-01  1.6690e-01  2.8456e-01  1.2552e-01
1999.99217247  3.6840e-01  3.9104e+02  1.0122e+01  1.6503e-01  1.3583e+02  6.3887e-01  1.7517e-01  2.8497e-01  1.5510e-01
1999.99240090  2.9717e-01  3.8248e+02  1.0340e+01  2.1980e-01  1.3546e+02  6.4802e-01  1.2392e-01  2.7858e-01  2.0894e-01
1999.99262937  3.8057e-01  3.7224e+02  9.7947e+00  2.4605e-01  1.2589e+02  6.1974e-01  9.2658e-02  2.1962e-01  2.1828e-01
1999.99285781  3.9442e-01  3.6556e+02  9.9368e+00  2.2635e-01  1.1915e+02  5.8036e-01  1.0669e-01  2.3850e-01  1.8365e-01
1999.99308625  3.7105e-01  3.6234e+02  9.9940e+00  2.3479e-01  1.1114e+02  5.8334e-01  7.1355e-02  1.9958e-01  2.1599e-01
1999.99331471  4.6842e-01  3.5728e+02  9.6425e+00  3.1206e-01  1.0675e+02  4.7516e-01  1.1430e-01  2.0316e-01  2.3409e-01
1999.99354315  4.8850e-01  3.6153e+02  9.7877e+00  2.6986e-01  1.1125e+02  5.1005e-01  1.2276e-01  1.8484e-01  2.4424e-01
1999.99377162  4.7621e-01  3.6297e+02  9.8851e+00  2.4400e-01  1.0553e+02  4.8953e-01  1.0546e-01  1.8337e-01  1.9508e-01
1999.99400005  4.6282e-01  3.7296e+02  1.0166e+01  2.4500e-01  1.1505e+02  5.9185e-01  1.0469e-01  2.2399e-01  1.8152e-01
1999.99422852  1.6148e-01  3.7529e+02  1.0495e+01  2.2378e-01  1.3457e+02  5.6680e-01  1.1028e-01  1.4990e-01  1.6760e-01
1999.99445696  1.9319e-01  3.8250e+02  1.0507e+01  2.3595e-01  1.1287e+02  4.8259e-01  1.2149e-01  1.3252e-01  1.4178e-01
1999.99468540  2.9199e-01  4.1008e+02  1.0101e+01  2.0827e-01  1.1440e+02  5.3774e-01  1.0661e-01  1.8600e-01  1.4746e-01
1999.99491386  3.4046e-01  4.0656e+02  1.0295e+01  1.9028e-01  1.0861e+02  4.9438e-01  1.0653e-01  1.7231e-01  1.4437e-01
1999.99514230  4.4772e-01  4.1414e+02  1.0161e+01  1.6644e-01  1.0868e+02  5.7724e-01  1.0853e-01  1.2958e-01  1.7343e-01
1999.99537079  4.3869e-01  4.2002e+02  9.9833e+00  1.5266e-01  1.0562e+02  6.0610e-01  1.0749e-01  1.3327e-01  1.5382e-01
1999.99559923  3.4250e-01  4.1126e+02  1.0402e+01  1.2904e-01  1.1068e+02  5.3093e-01  1.2591e-01  1.2936e-01  1.4583e-01
1999.99582770  6.0399e-01  3.8406e+02  1.0673e+01  2.1499e-01  8.8902e+01  4.7146e-01  1.0996e-01  1.5122e-01  1.6597e-01
1999.99605614  3.3862e-01  3.7484e+02  1.0236e+01  2.5780e-01  3.8832e+01  3.2195e-01  1.1718e-01  1.9217e-01  1.9870e-01
1999.99628458  5.5991e-01  3.9874e+02  1.0053e+01  3.3156e-01  5.1641e+01  3.6313e-01  1.0868e-01  1.7088e-01  1.9480e-01
1999.99651304  5.3752e-01  5.4291e+02  1.0705e+01  1.2819e-01  9.4527e+01  5.9842e-01  1.2553e-01  1.3839e-01  1.1525e-01
1999.99674148  4.5300e-01  6.9278e+02  1.0322e+01  9.0743e-02  7.1428e+01  5.5862e-01  9.2506e-02  9.6231e-02  1.2556e-01
1999.99696995  5.8015e-01  7.0071e+02  1.0167e+01  1.0864e-01  7.5680e+01  5.9374e-01  9.2317e-02  9.5010e-02  1.2329e-01
1999.99719838  6.9826e-01  7.2085e+02  1.0379e+01  1.0091e-01  8.6577e+01  6.4268e-01  9.6728e-02  9.3610e-02  1.3234e-01
1999.99742682  4.2851e-01  7.2174e+02  1.0533e+01  7.9927e-02  9.2027e+01  6.2542e-01  9.4971e-02  1.0757e-01  1.0509e-01
1999.99765529  2.8185e-01  7.2619e+02  1.0449e+01  9.4114e-02  8.2871e+01  7.0785e-01  1.0970e-01  1.3015e-01  1.2902e-01
1999.99788373  2.5905e-01  7.2458e+02  1.0397e+01  1.0939e-01  8.4911e+01  7.0308e-01  1.1573e-01  1.1144e-01  1.4712e-01
1999.99811219  2.2962e-01  7.1691e+02  1.0337e+01  1.2369e-01  7.7848e+01  6.2794e-01  9.8994e-02  1.4435e-01  1.1374e-01
1999.99834063  2.9742e-01  7.0216e+02  1.0347e+01  1.2462e-01  8.8870e+01  7.0400e-01  1.2346e-01  1.3376e-01  1.4631e-01
1999.99856910  2.3021e-01  6.9357e+02  1.0273e+01  1.1093e-01  9.8583e+01  6.8958e-01  7.8364e-02  1.2010e-01  1.4307e-01
1999.99879753  2.2321e-01  6.9534e+02  1.0167e+01  1.1775e-01  7.6732e+01  6.2482e-01  8.4031e-02  1.1984e-01  1.3977e-01
1999.99902597  2.0990e-01  6.9213e+02  9.9593e+00  9.9422e-02  8.1619e+01  6.4932e-01  7.9049e-02  1.0712e-01  1.3404e-01
1999.99925444  1.9292e-01  6.9189e+02  9.6283e+00  1.0322e-01  8.5464e+01  6.6667e-01  9.7468e-02  1.0528e-01  1.3170e-01
1999.99948288  1.5982e-01  7.0834e+02  9.7737e+00  1.0810e-01  8.0575e+01  6.5953e-01  6.5659e-02  1.1872e-01  1.4505e-01
1999.99971134  1.8919e-01  7.2325e+02  9.6774e+00  1.1173e-01  7.1959e+01  6.5278e-01  7.5057e-02  1.0612e-01  1.4215e-01
1999.99993978  1.1578e-01  7.2530e+02  9.8836e+00  1.0270e-01  7.5570e+01  6.6090e-01  7.6342e-02  1.2903e-01  1.2577e-01
